0.000000,0.000000,0.000000,0.000000,0.000000,0.200000,-1.600000,0.000000,0.000000,0.000000,0.000000,0.000000,0.000000
0.000000,-0.000000,0.000000,0.000000,0.000022,0.199941,-1.599966,-0.000000,-0.000006,-0.000006,-0.000006,-0.000006,0.000000
-0.000000,-0.000002,-0.000000,0.000000,0.000171,0.199530,-1.599727,-0.000000,-0.000049,-0.000049,-0.000049,-0.000049,0.000000
-0.000000,-0.000008,-0.000000,0.000000,0.000574,0.198427,-1.599086,0.000000,-0.000165,-0.000165,-0.000165,-0.000165,0.000000
-0.000000,-0.000018,-0.000000,0.000000,0.001352,0.196296,-1.597847,-0.000000,-0.000389,-0.000389,-0.000389,-0.000389,0.000000
-0.000000,-0.000036,-0.000000,0.000000,0.002630,0.192798,-1.595814,-0.000000,-0.000761,-0.000761,-0.000761,-0.000761,0.000000
-0.000000,-0.000063,-0.000000,0.000000,0.004541,0.187581,-1.592781,-0.000000,-0.001324,-0.001324,-0.001324,-0.001324,0.000000
-0.000000,-0.000101,-0.000000,0.000000,0.007229,0.180260,-1.588527,-0.000000,-0.002134,-0.002134,-0.002134,-0.002134,0.000000
-0.000000,-0.000155,-0.000000,0.000000,0.010864,0.170397,-1.582796,-0.000000,-0.003265,-0.003265,-0.003265,-0.003265,0.000000
-0.000000,-0.000229,-0.000000,0.000000,0.015649,0.157472,-1.575286,-0.000000,-0.004822,-0.004822,-0.004822,-0.004822,0.000000
-0.000000,-0.000331,-0.000000,0.000000,0.021833,0.140845,-1.565618,-0.000000,-0.006973,-0.006973,-0.006973,-0.006973,0.000000
-0.000000,-0.000475,-0.000000,0.000000,0.029714,0.119737,-1.553326,-0.000000,-0.009992,-0.009992,-0.009992,-0.009992,0.000000
-0.000000,-0.000683,-0.000000,0.000000,0.039585,0.093309,-1.537870,-0.000000,-0.014375,-0.014375,-0.014375,-0.014375,0.000000
0.000000,-0.001000,-0.000000,0.000000,0.051392,0.061314,-1.518958,-0.000000,-0.021049,-0.021049,-0.021049,-0.021049,0.000000
0.000000,-0.001501,-0.000000,0.000000,0.063309,0.027084,-1.498097,-0.000000,-0.031601,-0.031601,-0.031601,-0.031601,0.000000
0.000000,-0.002236,-0.000000,0.000000,0.069022,0.003781,-1.482136,-0.000000,-0.047080,-0.047080,-0.047080,-0.047080,0.000000
0.000000,-0.003095,-0.000000,0.000000,0.065175,-0.000599,-1.475736,-0.000000,-0.065161,-0.065161,-0.065161,-0.065161,0.000000
0.000000,-0.003996,-0.000000,0.000000,0.058671,-0.000308,-1.471565,-0.000000,-0.084136,-0.084136,-0.084136,-0.084136,0.000000
0.000000,-0.004918,-0.000000,-0.000000,0.051920,-0.000379,-1.467006,0.000000,-0.103531,-0.103531,-0.103531,-0.103531,0.000000
0.000000,-0.005834,-0.000000,-0.000000,0.044785,-0.000353,-1.462392,0.000000,-0.122824,-0.122824,-0.122824,-0.122824,0.000000
0.000000,-0.006717,-0.000000,-0.000000,0.037426,-0.000376,-1.457743,-0.000000,-0.141408,-0.141408,-0.141408,-0.141408,0.000000
-0.000000,-0.007534,-0.000000,-0.000000,0.029911,-0.000368,-1.453213,-0.000000,-0.158605,-0.158605,-0.158605,-0.158605,0.000000
-0.000000,-0.008251,-0.000000,-0.000000,0.022379,-0.000391,-1.448888,-0.000000,-0.173698,-0.173698,-0.173698,-0.173698,0.000000
-0.000000,-0.008833,-0.000000,-0.000000,0.014915,-0.000382,-1.444920,-0.000000,-0.185967,-0.185967,-0.185967,-0.185967,0.000000
-0.000000,-0.009249,-0.000000,-0.000000,0.007664,-0.000419,-1.441384,-0.000000,-0.194724,-0.194724,-0.194724,-0.194724,0.000000
-0.000000,-0.009469,-0.000000,0.000000,0.000669,-0.000387,-1.438442,-0.000000,-0.199354,-0.199354,-0.199354,-0.199354,0.000000
-0.000000,-0.009469,-0.000000,-0.000000,-0.005901,-0.000479,-1.436079,-0.000000,-0.199342,-0.199342,-0.199342,-0.199342,0.000000
-0.000000,-0.009229,-0.000000,-0.000000,-0.012154,-0.000328,-1.434555,-0.000000,-0.194293,-0.194293,-0.194293,-0.194293,0.000000
-0.000000,-0.008737,0.000000,-0.000000,-0.017690,-0.000708,-1.433505,-0.000000,-0.183932,-0.183932,-0.183932,-0.183932,0.000000
-0.000000,-0.007985,0.000000,-0.000000,-0.023326,0.000178,-1.433911,-0.000000,-0.168113,-0.168113,-0.168113,-0.168113,0.000000
-0.000000,-0.006972,-0.000000,0.000000,-0.026948,-0.002199,-1.433364,-0.000000,-0.146778,-0.146778,-0.146778,-0.146778,0.000000
-0.000000,-0.005701,0.000000,-0.000000,-0.034287,0.004429,-1.438404,-0.000000,-0.120019,-0.120019,-0.120019,-0.120019,0.000000
-0.000000,-0.004176,0.000000,-0.000000,-0.028879,-0.015337,-1.430100,-0.000000,-0.087910,-0.087910,-0.087910,-0.087910,0.000000
-0.000000,-0.002460,0.000000,-0.000000,-0.060528,0.045008,-1.465165,-0.000000,-0.051796,-0.051796,-0.051796,-0.051796,0.000000
-0.000000,-0.000836,0.000000,-0.000000,0.008329,-0.112109,-1.383674,-0.000000,-0.017605,-0.017605,-0.017605,-0.017605,0.000000
-0.000000,0.000050,0.000000,-0.000000,-0.088830,0.081131,-1.487035,-0.000000,0.001054,0.001054,0.001054,0.001054,0.000000
-0.000000,0.001596,0.000000,-0.000000,0.002158,-0.125818,-1.378601,-0.000000,0.033590,0.033590,0.033590,0.033590,0.000000
-0.000000,0.002654,0.000000,-0.000000,-0.098850,0.075296,-1.486658,-0.000000,0.055874,0.055874,0.055874,0.055874,0.000000
0.000000,0.004821,0.000000,-0.000000,-0.001486,-0.142420,-1.374450,-0.000000,0.101505,0.101505,0.101505,0.101505,0.000000
0.000000,0.005966,0.000000,-0.000000,-0.104575,0.062148,-1.484554,-0.000000,0.125609,0.125609,0.125609,0.125609,0.000000
0.000000,0.009040,0.000000,-0.000000,-0.005245,-0.154763,-1.375707,-0.000000,0.190315,0.190315,0.190315,0.190315,0.000000
0.000000,0.010265,0.000000,-0.000000,-0.110546,0.053475,-1.487934,-0.000000,0.216103,0.216103,0.216103,0.216103,0.000000
0.000000,0.014179,0.000000,-0.000000,-0.011770,-0.157716,-1.384855,-0.000000,0.298505,0.298505,0.298505,0.298505,0.000000
0.000000,0.015556,0.000000,-0.000000,-0.121084,0.058577,-1.501768,-0.000000,0.327491,0.327491,0.327491,0.327491,0.000000
0.000000,0.019767,0.000000,-0.000000,-0.014571,-0.168724,-1.390969,-0.000000,0.416141,0.416141,0.416141,0.416141,0.000000
0.000000,0.021185,0.000000,-0.000000,-0.125193,0.049042,-1.508697,-0.000000,0.446010,0.446010,0.446010,0.446010,0.000000
0.000000,0.026289,0.000000,-0.000000,-0.023234,-0.163536,-1.408652,-0.000000,0.553451,0.553451,0.553451,0.553451,0.000000
0.000000,0.027929,0.000000,-0.000000,-0.138953,0.065135,-1.532805,-0.000000,0.587972,0.587972,0.587972,0.587972,0.000000
0.000000,0.032704,0.000000,-0.000000,-0.022427,-0.182801,-1.412652,-0.000000,0.688511,0.688511,0.688511,0.688511,0.000000
0.000000,0.034249,0.000000,-0.000000,-0.136042,0.039103,-1.532780,-0.000000,0.721039,0.721039,0.721039,0.721039,0.000000
0.000000,0.040713,0.000000,-0.000000,-0.042307,-0.149005,-1.450163,-0.000000,0.857116,0.857116,0.857116,0.857116,0.000000
0.000000,0.042919,0.000000,-0.000000,-0.167331,0.100590,-1.587121,-0.000000,0.903565,0.903565,0.903565,0.903565,0.000000
0.000000,0.046753,0.000000,-0.000000,-0.042733,-0.174825,-1.448879,-0.000000,0.984266,0.984266,0.984266,0.984266,0.000000
0.000000,0.048736,0.000000,-0.000000,-0.162839,0.061242,-1.577848,-0.000000,1.026015,1.026015,1.026015,1.026015,0.000000
0.000000,0.054892,0.000000,-0.000000,-0.045194,-0.183475,-1.463785,-0.000000,1.155615,1.155615,1.155615,1.155615,0.000000
0.000000,0.056855,0.000000,-0.000000,-0.164452,0.049154,-1.590736,-0.000000,1.196943,1.196943,1.196943,1.196943,0.000000
0.000000,0.063940,0.000000,-0.000000,-0.057742,-0.166711,-1.495099,-0.000000,1.346102,1.346102,1.346102,1.346102,0.000000
0.000000,0.066291,0.000000,-0.000000,-0.181970,0.077944,-1.629623,-0.000000,1.395608,1.395608,1.395608,1.395608,0.000000
0.000000,0.071973,0.000000,-0.000000,-0.058090,-0.186580,-1.503136,-0.000000,1.515227,1.515227,1.515227,1.515227,0.000000
0.000000,0.074111,0.000000,-0.000000,-0.177580,0.045075,-1.629939,-0.000000,1.560226,1.560226,1.560226,1.560226,0.000000
0.000000,0.081866,0.000000,-0.000000,-0.078617,-0.151986,-1.546396,-0.000000,1.723487,1.723487,1.723487,1.723487,0.000000
0.000000,0.084788,0.000000,-0.000000,-0.205198,0.099232,-1.686114,-0.000000,1.785021,1.785021,1.785021,1.785021,0.000000
0.000000,0.089725,0.000000,-0.000000,-0.083652,-0.168400,-1.555241,-0.000000,1.888949,1.888949,1.888949,1.888949,0.000000
0.000000,0.092450,0.000000,-0.000000,-0.205535,0.070231,-1.687561,-0.000000,1.946314,1.946314,1.946314,1.946314,0.000000
0.000000,0.099123,0.000000,-0.000000,-0.092413,-0.167645,-1.578393,-0.000000,2.086789,2.086789,2.086789,2.086789,0.000000
0.000000,0.101959,0.000000,-0.000000,-0.212693,0.067217,-1.708980,-0.000000,2.146497,2.146497,2.146497,2.146497,0.000000
0.000000,0.108873,0.000000,-0.000000,-0.105060,-0.158249,-1.607157,0.000000,2.292055,2.292055,2.292055,2.292055,0.000000
0.000000,0.112013,0.000000,-0.000000,-0.224463,0.075852,-1.738253,0.000000,2.358162,2.358162,2.358162,2.358162,0.000000
0.000000,0.118484,0.000000,-0.000000,-0.117548,-0.152399,-1.633351,0.000000,2.494410,2.494410,2.494410,2.494410,0.000000
0.000000,0.121860,0.000000,-0.000000,-0.234561,0.077299,-1.762801,0.000000,2.565477,2.565477,2.565477,2.565477,0.000000
0.000000,0.128267,0.000000,-0.000000,-0.132276,-0.142475,-1.662118,-0.000000,2.700357,2.700357,2.700357,2.700357,0.000000
0.000000,0.135986,0.000000,-0.000000,-0.111079,-0.180333,-1.662118,0.000000,2.862857,2.862857,2.862857,2.862857,0.000000
0.000000,0.138643,0.000000,-0.000000,-0.219993,0.025156,-1.775993,0.000000,2.918803,2.918803,2.918803,2.918803,0.000000
0.000000,0.147108,0.000000,-0.000000,-0.169759,-0.069379,-1.748881,0.000000,3.097004,3.097004,3.097004,3.097004,0.000000
0.000000,0.155194,-0.000000,0.000000,-0.146543,-0.109829,-1.748881,0.000000,3.267249,3.267249,3.267249,3.267249,0.000000
0.000000,0.162592,-0.000000,0.000000,-0.128395,-0.145305,-1.748881,0.000000,3.422998,3.422998,3.422998,3.422998,0.000000
0.000000,0.169306,-0.000000,0.000000,-0.115194,-0.175932,-1.748881,0.000000,3.564335,3.564335,3.564335,3.564335,0.000000
0.000000,0.175422,-0.000000,0.000000,-0.106279,-0.202372,-1.748881,0.000000,3.693101,3.693101,3.693101,3.693101,0.000000
0.000000,0.181067,-0.000000,0.000000,-0.100757,-0.225518,-1.748881,0.000000,3.811928,3.811928,3.811928,3.811928,0.000000
0.000000,0.186361,-0.000000,0.000000,-0.097766,-0.246229,-1.748881,0.000000,3.923391,3.923391,3.923391,3.923391,0.000000
0.000000,0.191405,-0.000000,0.000000,-0.096606,-0.265200,-1.748881,0.000000,4.029587,4.029587,4.029587,4.029587,0.000000
0.000000,0.196272,-0.000000,0.000000,-0.096764,-0.282938,-1.748881,0.000000,4.132050,4.132050,4.132050,4.132050,0.000000
0.000000,0.201012,-0.000000,0.000000,-0.097879,-0.299794,-1.748881,0.000000,4.231837,4.231837,4.231837,4.231837,0.000000
0.000000,0.205658,-0.000000,0.000000,-0.099712,-0.316003,-1.748881,0.000000,4.329641,4.329641,4.329641,4.329641,0.000000
0.000000,0.210230,-0.000000,0.000000,-0.102103,-0.331712,-1.748881,0.000000,4.425900,4.425900,4.425900,4.425900,0.000000
0.000000,0.214742,-0.000000,0.000000,-0.104951,-0.347016,-1.748881,0.000000,4.520876,4.520876,4.520876,4.520876,0.000000
0.000000,0.219199,-0.000000,0.000000,-0.108193,-0.361968,-1.748881,0.000000,4.614712,4.614712,4.614712,4.614712,0.000000
0.000000,0.223605,-0.000000,0.000000,-0.111791,-0.376596,-1.748881,0.000000,4.707471,4.707471,4.707471,4.707471,0.000000
0.000000,0.227960,-0.000000,0.000000,-0.115727,-0.390910,-1.748881,0.000000,4.799161,4.799161,4.799161,4.799161,0.000000
0.000000,0.232263,-0.000000,0.000000,-0.119991,-0.404909,-1.748881,0.000000,4.889753,4.889753,4.889753,4.889753,0.000000
0.000000,0.236512,-0.000000,0.000000,-0.124586,-0.418582,-1.748881,0.000000,4.979194,4.979194,4.979194,4.979194,0.000000
0.000000,0.240702,-0.000000,0.000000,-0.129516,-0.431913,-1.748881,0.000000,5.067412,5.067412,5.067412,5.067412,0.000000
-0.000000,0.244830,-0.000000,0.000000,-0.134793,-0.444883,-1.748881,0.000000,5.154323,5.154323,5.154323,5.154323,0.000000
-0.000000,0.245489,-0.000000,0.000000,-0.186365,-0.380924,-1.779789,0.000000,5.168194,5.168194,5.168194,5.168194,0.000000
0.000000,0.250150,-0.000000,0.000000,-0.187699,-0.397813,-1.779789,0.000000,5.266314,5.266314,5.266314,5.266314,0.000000
0.000000,0.254617,-0.000000,0.000000,-0.190237,-0.413449,-1.779789,0.000000,5.360368,5.360368,5.360368,5.360368,0.000000
0.000000,0.258907,-0.000000,0.000000,-0.193855,-0.427945,-1.779789,0.000000,5.450673,5.450673,5.450673,5.450673,0.000000
0.000000,0.263031,-0.000000,0.000000,-0.198451,-0.441395,-1.779789,0.000000,5.537489,5.537489,5.537489,5.537489,0.000000
0.000000,0.266999,-0.000000,0.000000,-0.203939,-0.453874,-1.779789,0.000000,5.621023,5.621023,5.621023,5.621023,0.000000
-0.000000,0.270818,-0.000000,0.000000,-0.210248,-0.465445,-1.779789,0.000000,5.701441,5.701441,5.701441,5.701441,0.000000
-0.000000,0.274497,-0.000000,0.000000,-0.217320,-0.476156,-1.779789,0.000000,5.778876,5.778876,5.778876,5.778876,0.000000
0.000000,0.278038,-0.000000,0.000000,-0.225102,-0.486051,-1.779789,0.000000,5.853436,5.853436,5.853436,5.853436,0.000000
0.000000,0.281448,-0.000000,0.000000,-0.233549,-0.495164,-1.779789,0.000000,5.925212,5.925212,5.925212,5.925212,0.000000
0.000000,0.284729,-0.000000,0.000000,-0.242619,-0.503528,-1.779789,0.000000,5.994285,5.994285,5.994285,5.994285,0.000000
0.000000,0.287885,-0.000000,0.000000,-0.252274,-0.511172,-1.779789,0.000000,6.060729,6.060729,6.060729,6.060729,0.000000
0.000000,0.290919,-0.000000,0.000000,-0.262475,-0.518125,-1.779789,0.000000,6.124618,6.124618,6.124618,6.124618,0.000000
0.000000,0.293836,-0.000000,0.000000,-0.273184,-0.524416,-1.779789,0.000000,6.186025,6.186025,6.186025,6.186025,0.000000
0.000000,0.296639,-0.000000,0.000000,-0.284363,-0.530074,-1.779789,0.000000,6.245026,6.245026,6.245026,6.245026,0.000000
0.000000,0.299331,-0.000000,0.000000,-0.295972,-0.535128,-1.779789,0.000000,6.301699,6.301699,6.301699,6.301699,0.000000
0.000000,0.301916,-0.000000,0.000000,-0.307973,-0.539610,-1.779789,0.000000,6.356125,6.356125,6.356125,6.356125,0.000000
0.000000,0.304398,-0.000000,0.000000,-0.320325,-0.543551,-1.779789,0.000000,6.408389,6.408389,6.408389,6.408389,0.000000
0.000000,0.306782,-0.000000,0.000000,-0.332989,-0.546981,-1.779789,0.000000,6.458576,6.458576,6.458576,6.458576,0.000000
0.000000,0.309072,-0.000000,0.000000,-0.345924,-0.549934,-1.779789,0.000000,6.506772,6.506772,6.506772,6.506772,0.000000
0.000000,0.311271,-0.000000,0.000000,-0.359090,-0.552440,-1.779789,0.000000,6.553064,6.553064,6.553064,6.553064,0.000000
0.000000,0.313383,-0.000000,0.000000,-0.372448,-0.554532,-1.779789,0.000000,6.597538,6.597538,6.597538,6.597538,0.000000
0.000000,0.315413,-0.000000,0.000000,-0.385960,-0.556241,-1.779789,0.000000,6.640276,6.640276,6.640276,6.640276,0.000000
0.000000,0.317365,-0.000000,0.000000,-0.399588,-0.557595,-1.779789,0.000000,6.681360,6.681360,6.681360,6.681360,0.000000
0.000000,0.319241,-0.000000,0.000000,-0.413297,-0.558623,-1.779789,0.000000,6.720867,6.720867,6.720867,6.720867,0.000000
0.000000,0.321046,-0.000000,0.000000,-0.427052,-0.559355,-1.779789,0.000000,6.758870,6.758870,6.758870,6.758870,0.000000
0.000000,0.322783,-0.000000,0.000000,-0.440820,-0.559815,-1.779789,0.000000,6.795439,6.795439,6.795439,6.795439,0.000000
0.000000,0.324455,-0.000000,0.000000,-0.454570,-0.560028,-1.779789,0.000000,6.830641,6.830641,6.830641,6.830641,0.000000
0.000000,0.326065,-0.000000,0.000000,-0.468272,-0.560019,-1.779789,0.000000,6.864535,6.864535,6.864535,6.864535,0.000000
0.000000,0.327616,-0.000000,0.000000,-0.481898,-0.559809,-1.779789,0.000000,6.897178,6.897178,6.897178,6.897178,0.000000
0.000000,0.329110,-0.000000,0.000000,-0.495422,-0.559420,-1.779789,0.000000,6.928624,6.928624,6.928624,6.928624,0.000000
0.000000,0.330549,-0.000000,0.000000,-0.508819,-0.558870,-1.779789,0.000000,6.958921,6.958921,6.958921,6.958921,0.000000
0.000000,0.331935,-0.000000,0.000000,-0.522067,-0.558177,-1.779789,0.000000,6.988113,6.988113,6.988113,6.988113,0.000000
0.000000,0.333271,-0.000000,0.000000,-0.535143,-0.557360,-1.779789,0.000000,7.016241,7.016241,7.016241,7.016241,0.000000
0.000000,0.334559,-0.000000,0.000000,-0.548027,-0.556433,-1.779789,0.000000,7.043342,7.043342,7.043342,7.043342,0.000000
0.000000,0.335799,-0.000000,0.000000,-0.560702,-0.555411,-1.779789,0.000000,7.069452,7.069452,7.069452,7.069452,0.000000
0.000000,0.336994,-0.000000,0.000000,-0.573148,-0.554308,-1.779789,0.000000,7.094601,7.094601,7.094601,7.094601,0.000000
0.000000,0.338144,-0.000000,0.000000,-0.585350,-0.553137,-1.779789,0.000000,7.118818,7.118818,7.118818,7.118818,0.000000
0.000000,0.339251,-0.000000,0.000000,-0.597294,-0.551909,-1.779789,0.000000,7.142129,7.142129,7.142129,7.142129,0.000000
0.000000,0.340317,-0.000000,0.000000,-0.608966,-0.550635,-1.779789,0.000000,7.164558,7.164558,7.164558,7.164558,0.000000
0.000000,0.341341,-0.000000,0.000000,-0.620352,-0.549325,-1.779789,0.000000,7.186127,7.186127,7.186127,7.186127,0.000000
0.000000,0.342326,-0.000000,0.000000,-0.631442,-0.547989,-1.779789,0.000000,7.206857,7.206857,7.206857,7.206857,0.000000
0.000000,0.343271,-0.000000,0.000000,-0.642226,-0.546636,-1.779789,0.000000,7.226765,7.226765,7.226765,7.226765,0.000000
0.000000,0.344179,-0.000000,0.000000,-0.652693,-0.545273,-1.779789,0.000000,7.245870,7.245870,7.245870,7.245870,0.000000
0.000000,0.345049,-0.000000,0.000000,-0.662836,-0.543907,-1.779789,0.000000,7.264186,7.264186,7.264186,7.264186,0.000000
0.000000,0.345882,-0.000000,0.000000,-0.672648,-0.542546,-1.779789,0.000000,7.281730,7.281730,7.281730,7.281730,0.000000
0.000000,0.346679,-0.000000,0.000000,-0.682120,-0.541196,-1.779789,0.000000,7.298515,7.298515,7.298515,7.298515,0.000000
0.000000,0.347441,-0.000000,0.000000,-0.691249,-0.539862,-1.779789,0.000000,7.314554,7.314554,7.314554,7.314554,0.000000
0.000000,0.348168,-0.000000,0.000000,-0.700030,-0.538550,-1.779789,0.000000,7.329862,7.329862,7.329862,7.329862,0.000000
0.000000,0.348861,-0.000000,0.000000,-0.708457,-0.537265,-1.779789,0.000000,7.344449,7.344449,7.344449,7.344449,0.000000
0.000000,0.349521,-0.000000,0.000000,-0.716530,-0.536010,-1.779789,0.000000,7.358328,7.358328,7.358328,7.358328,0.000000
0.000000,0.350147,-0.000000,0.000000,-0.724245,-0.534790,-1.779789,0.000000,7.371511,7.371511,7.371511,7.371511,0.000000
0.000000,0.350740,-0.000000,0.000000,-0.731601,-0.533609,-1.779789,0.000000,7.384010,7.384010,7.384010,7.384010,0.000000
0.000000,0.351302,-0.000000,0.000000,-0.738598,-0.532468,-1.779789,0.000000,7.395837,7.395837,7.395837,7.395837,0.000000
0.000000,0.351833,-0.000000,0.000000,-0.745236,-0.531372,-1.779789,0.000000,7.407003,7.407003,7.407003,7.407003,0.000000
0.000000,0.352332,-0.000000,0.000000,-0.751517,-0.530322,-1.779789,0.000000,7.417521,7.417521,7.417521,7.417521,0.000000
0.000000,0.352802,-0.000000,0.000000,-0.757442,-0.529320,-1.779789,0.000000,7.427404,7.427404,7.427404,7.427404,0.000000
0.000000,0.353242,-0.000000,0.000000,-0.763014,-0.528368,-1.779789,0.000000,7.436663,7.436663,7.436663,7.436663,0.000000
0.000000,0.353652,-0.000000,0.000000,-0.768238,-0.527467,-1.779789,0.000000,7.445313,7.445313,7.445313,7.445313,0.000000
0.000000,0.354035,-0.000000,0.000000,-0.773116,-0.526618,-1.779789,0.000000,7.453367,7.453367,7.453367,7.453367,0.000000
0.000000,0.354390,-0.000000,0.000000,-0.777655,-0.525822,-1.779789,0.000000,7.460839,7.460839,7.460839,7.460839,0.000000
0.000000,0.354718,-0.000000,0.000000,-0.781861,-0.525079,-1.779789,0.000000,7.467744,7.467744,7.467744,7.467744,0.000000
0.000000,0.355020,-0.000000,0.000000,-0.785740,-0.524390,-1.779789,0.000000,7.474098,7.474098,7.474098,7.474098,0.000000
0.000000,0.355296,-0.000000,0.000000,-0.789300,-0.523753,-1.779789,0.000000,7.479918,7.479918,7.479918,7.479918,0.000000
0.000000,0.355548,-0.000000,0.000000,-0.792550,-0.523169,-1.779789,0.000000,7.485219,7.485219,7.485219,7.485219,0.000000
0.000000,0.355776,-0.000000,0.000000,-0.795498,-0.522636,-1.779789,0.000000,7.490021,7.490021,7.490021,7.490021,0.000000
0.000000,0.355981,-0.000000,0.000000,-0.798155,-0.522154,-1.779789,0.000000,7.494342,7.494342,7.494342,7.494342,0.000000
0.000000,0.356165,-0.000000,0.000000,-0.800532,-0.521721,-1.779789,0.000000,7.498201,7.498201,7.498201,7.498201,0.000000
0.000000,0.356327,-0.000000,0.000000,-0.802639,-0.521335,-1.779789,0.000000,7.501619,7.501619,7.501619,7.501619,0.000000
0.000000,0.356469,-0.000000,0.000000,-0.804491,-0.520996,-1.779789,0.000000,7.504619,7.504619,7.504619,7.504619,0.000000
0.000000,0.356593,-0.000000,0.000000,-0.806098,-0.520700,-1.779789,0.000000,7.507221,7.507221,7.507221,7.507221,0.000000
0.000000,0.356699,-0.000000,0.000000,-0.807477,-0.520446,-1.779789,0.000000,7.509451,7.509451,7.509451,7.509451,0.000000
0.000000,0.356788,-0.000000,0.000000,-0.808641,-0.520231,-1.779789,0.000000,7.511332,7.511332,7.511332,7.511332,0.000000
0.000000,0.356862,-0.000000,0.000000,-0.809606,-0.520053,-1.779789,0.000000,7.512891,7.512891,7.512891,7.512891,0.000000
0.000000,0.356922,-0.000000,0.000000,-0.810388,-0.519908,-1.779789,0.000000,7.514154,7.514154,7.514154,7.514154,0.000000
0.000000,0.356970,-0.000000,0.000000,-0.811005,-0.519794,-1.779789,0.000000,7.515150,7.515150,7.515150,7.515150,0.000000
0.000000,0.357006,-0.000000,0.000000,-0.811474,-0.519707,-1.779789,0.000000,7.515906,7.515906,7.515906,7.515906,0.000000
0.000000,0.357016,-0.000000,0.000000,-0.812017,-0.519260,-1.779969,0.000000,7.516135,7.516135,7.516135,7.516135,0.000000
0.000000,0.357034,-0.000000,0.000000,-0.812248,-0.519217,-1.779969,0.000000,7.516507,7.516507,7.516507,7.516507,0.000000
0.000000,0.357045,-0.000000,0.000000,-0.812389,-0.519191,-1.779969,0.000000,7.516736,7.516736,7.516736,7.516736,0.000000
0.000000,0.357051,-0.000000,0.000000,-0.812463,-0.519178,-1.779969,0.000000,7.516854,7.516854,7.516854,7.516854,0.000000
0.000000,0.357051,-0.000000,0.000000,-0.812507,-0.519142,-1.779984,0.000000,7.516873,7.516873,7.516873,7.516873,0.000000
0.000000,0.357052,-0.000000,0.000000,-0.812513,-0.519136,-1.779986,0.000000,7.516876,7.516876,7.516876,7.516876,0.000000
0.000000,0.357043,-0.000000,0.000000,-0.812476,-0.519582,-1.779578,0.000000,7.516693,7.516693,7.516693,7.516693,0.000000
0.000000,0.356986,-0.000000,0.000000,-0.812229,-0.522522,-1.776884,0.000000,7.515491,7.515491,7.515491,7.515491,0.000000
0.000000,0.356842,-0.000000,0.000000,-0.811619,-0.529961,-1.770058,0.000000,7.512465,7.512465,7.512465,7.512465,0.000000
0.000000,0.356587,-0.000000,0.000000,-0.810578,-0.543319,-1.757744,0.000000,7.507099,7.507099,7.507099,7.507099,0.000000
0.000000,0.356213,-0.000000,0.000000,-0.809172,-0.563385,-1.739088,0.000000,7.499217,7.499217,7.499217,7.499217,0.000000
0.000000,0.355727,-0.000000,0.000000,-0.807625,-0.590286,-1.713739,0.000000,7.488987,7.488987,7.488987,7.488987,0.000000
0.000000,0.355151,-0.000000,0.000000,-0.806328,-0.623523,-1.681806,0.000000,7.476862,7.476862,7.476862,7.476862,0.000000
0.000000,0.354515,-0.000000,0.000000,-0.805815,-0.662066,-1.643783,0.000000,7.463463,7.463463,7.463463,7.463463,0.000000
0.000000,0.353849,-0.000000,0.000000,-0.806704,-0.704516,-1.600451,0.000000,7.449457,7.449457,7.449457,7.449457,0.000000
0.000000,0.353184,-0.000000,0.000000,-0.809625,-0.749285,-1.552770,0.000000,7.435449,7.435449,7.435449,7.435449,0.000000
0.000000,0.352542,-0.000000,0.000000,-0.815144,-0.794756,-1.501786,0.000000,7.421937,7.421937,7.421937,7.421937,0.000000
0.000000,0.351941,-0.000000,0.000000,-0.823706,-0.839417,-1.448571,0.000000,7.409285,7.409285,7.409285,7.409285,0.000000
0.000000,0.351393,-0.000000,0.000000,-0.835586,-0.881940,-1.394174,0.000000,7.397740,7.397740,7.397740,7.397740,0.000000
0.000000,0.350904,-0.000000,0.000000,-0.850869,-0.921229,-1.339609,0.000000,7.387451,7.387451,7.387451,7.387451,0.000000
0.000000,0.350478,-0.000000,0.000000,-0.869435,-0.956445,-1.285832,0.000000,7.378491,7.378491,7.378491,7.378491,0.000000
0.000000,0.350116,-0.000000,0.000000,-0.890971,-0.987015,-1.233731,0.000000,7.370873,7.370873,7.370873,7.370873,0.000000
0.000000,0.349817,-0.000000,0.000000,-0.914982,-1.012631,-1.184109,0.000000,7.364564,7.364564,7.364564,7.364564,0.000000
0.000000,0.349576,-0.000000,0.000000,-0.940822,-1.033239,-1.137664,0.000000,7.359496,7.359496,7.359496,7.359496,0.000000
0.000000,0.349390,-0.000000,0.000000,-0.967732,-1.049024,-1.094972,0.000000,7.355569,7.355569,7.355569,7.355569,0.000000
0.000000,0.349251,-0.000000,0.000000,-0.994881,-1.060378,-1.056472,0.000000,7.352662,7.352662,7.352662,7.352662,0.000000
0.000000,0.349155,-0.000000,0.000000,-1.021419,-1.067862,-1.022450,0.000000,7.350634,7.350634,7.350634,7.350634,0.000000
0.000000,0.349093,-0.000000,0.000000,-1.046527,-1.072157,-0.993049,0.000000,7.349329,7.349329,7.349329,7.349329,0.000000
0.000000,0.349058,-0.000000,0.000000,-1.069463,-1.074005,-0.968267,0.000000,7.348591,7.348591,7.348591,7.348591,0.000000
0.000000,0.349042,-0.000000,0.000000,-1.089607,-1.074149,-0.947979,0.000000,7.348263,7.348263,7.348263,7.348263,0.000000
0.000000,0.349040,-0.000000,0.000000,-1.106504,-1.073279,-0.931953,0.000000,7.348202,7.348202,7.348202,7.348202,0.000000
0.000000,0.351119,-0.000000,0.000000,-1.106504,-1.101452,-0.903761,0.000000,7.391979,7.391979,7.391979,7.391979,0.000000
0.000000,0.351125,-0.000000,0.000000,-1.116415,-1.100181,-0.895121,0.000000,7.392101,7.392101,7.392101,7.392101,0.000000
0.000000,0.352182,-0.000000,0.000000,-1.116415,-1.113800,-0.881493,0.000000,7.414365,7.414365,7.414365,7.414365,0.000000
0.000000,0.352781,-0.000000,0.000000,-1.116415,-1.121370,-0.873917,0.000000,7.426963,7.426963,7.426963,7.426963,0.000000
0.000000,0.353020,-0.000000,0.000000,-1.116415,-1.124365,-0.870920,0.000000,7.431996,7.431996,7.431996,7.431996,0.000000
0.000000,0.353020,-0.000000,0.000000,-1.116633,-1.124327,-0.870740,0.000000,7.432001,7.432001,7.432001,7.432001,0.000000
0.000000,0.353020,-0.000000,0.000000,-1.116633,-1.124327,-0.870740,0.000000,7.432001,7.432001,7.432001,7.432001,1.000000
0.000000,0.353020,-0.000000,0.000000,-1.116633,-1.124327,-0.870740,0.000000,7.432001,7.432001,7.432001,7.432001,1.000000
0.000000,0.353020,-0.000000,0.000000,-1.116633,-1.124327,-0.870740,0.000000,7.432001,7.432001,7.432001,7.432001,1.000000
0.000000,0.353020,-0.000000,0.000000,-1.116633,-1.124327,-0.870740,0.000000,7.432001,7.432001,7.432001,7.432001,1.000000
0.000000,0.353020,-0.000000,0.000000,-1.116633,-1.124327,-0.870740,0.000000,7.432001,7.432001,7.432001,7.432001,1.000000
0.000000,0.353020,-0.000000,0.000000,-1.116633,-1.124327,-0.870740,0.000000,7.432001,7.432001,7.432001,7.432001,1.000000
0.000000,0.353020,-0.000000,0.000000,-1.116633,-1.124327,-0.870740,0.000000,7.432001,7.432001,7.432001,7.432001,1.000000
0.000000,0.353020,-0.000000,0.000000,-1.116633,-1.124327,-0.870740,0.000000,7.432001,7.432001,7.432001,7.432001,1.000000
0.000000,0.353020,-0.000000,0.000000,-1.116633,-1.124327,-0.870740,0.000000,7.432001,7.432001,7.432001,7.432001,1.000000
0.000000,0.353020,-0.000000,0.000000,-1.116633,-1.124327,-0.870740,0.000000,7.432001,7.432001,7.432001,7.432001,1.000000
0.000000,0.353020,-0.000000,0.000000,-1.116633,-1.124327,-0.870740,0.000000,7.432001,7.432001,7.432001,7.432001,1.000000
0.000000,0.353020,-0.000000,0.000000,-1.116633,-1.124327,-0.870740,0.000000,7.432001,7.432001,7.432001,7.432001,1.000000
0.000000,0.353020,-0.000000,0.000000,-1.116633,-1.124327,-0.870740,0.000000,7.432001,7.432001,7.432001,7.432001,1.000000
0.000000,0.353020,-0.000000,0.000000,-1.116633,-1.124327,-0.870740,0.000000,7.432001,7.432001,7.432001,7.432001,1.000000
0.000000,0.353020,-0.000000,0.000000,-1.116633,-1.124327,-0.870740,0.000000,7.432001,7.432001,7.432001,7.432001,1.000000
0.000000,0.353020,-0.000000,0.000000,-1.116633,-1.124327,-0.870740,0.000000,7.432001,7.432001,7.432001,7.432001,1.000000
0.000000,0.353020,-0.000000,0.000000,-1.116633,-1.124327,-0.870740,0.000000,7.432001,7.432001,7.432001,7.432001,1.000000
0.000000,0.353020,-0.000000,0.000000,-1.116633,-1.124327,-0.870740,0.000000,7.432001,7.432001,7.432001,7.432001,1.000000
0.000000,0.353020,-0.000000,0.000000,-1.116633,-1.124327,-0.870740,0.000000,7.432001,7.432001,7.432001,7.432001,1.000000
0.000000,0.353020,-0.000000,0.000000,-1.116633,-1.124327,-0.870740,0.000000,7.432001,7.432001,7.432001,7.432001,1.000000
0.000000,0.353020,-0.000000,0.000000,-1.116633,-1.124327,-0.870740,0.000000,7.432001,7.432001,7.432001,7.432001,1.000000
0.000000,0.353020,-0.000000,0.000000,-1.116633,-1.124327,-0.870740,0.000000,7.432001,7.432001,7.432001,7.432001,1.000000
0.000000,0.353020,-0.000000,0.000000,-1.116633,-1.124327,-0.870740,0.000000,7.432001,7.432001,7.432001,7.432001,1.000000
0.000000,0.353020,-0.000000,0.000000,-1.116633,-1.124327,-0.870740,0.000000,7.432001,7.432001,7.432001,7.432001,1.000000
0.000000,0.353020,-0.000000,0.000000,-1.116633,-1.124327,-0.870740,0.000000,7.432001,7.432001,7.432001,7.432001,1.000000
0.000000,0.353020,-0.000000,0.000000,-1.116633,-1.124327,-0.870740,0.000000,7.432001,7.432001,7.432001,7.432001,1.000000
0.000000,0.353020,-0.000000,0.000000,-1.116633,-1.124327,-0.870740,0.000000,7.432001,7.432001,7.432001,7.432001,1.000000
0.000000,0.353020,-0.000000,0.000000,-1.116633,-1.124327,-0.870740,0.000000,7.432001,7.432001,7.432001,7.432001,1.000000
0.000000,0.353020,-0.000000,0.000000,-1.116633,-1.124327,-0.870740,0.000000,7.432001,7.432001,7.432001,7.432001,1.000000
0.000000,0.353020,-0.000000,0.000000,-1.116633,-1.124327,-0.870740,0.000000,7.432001,7.432001,7.432001,7.432001,1.000000
0.000000,0.353020,-0.000000,0.000000,-1.116633,-1.124327,-0.870740,0.000000,7.432001,7.432001,7.432001,7.432001,1.000000
0.000000,0.353020,-0.000000,0.000000,-1.116633,-1.124327,-0.870740,0.000000,7.432001,7.432001,7.432001,7.432001,1.000000
0.000000,0.353020,-0.000000,0.000000,-1.116633,-1.124327,-0.870740,0.000000,7.432001,7.432001,7.432001,7.432001,1.000000
0.000000,0.353020,-0.000000,0.000000,-1.116633,-1.124327,-0.870740,0.000000,7.432001,7.432001,7.432001,7.432001,1.000000
0.000000,0.353020,-0.000000,0.000000,-1.116633,-1.124327,-0.870740,0.000000,7.432001,7.432001,7.432001,7.432001,1.000000
0.000000,0.353020,-0.000000,0.000000,-1.116633,-1.124327,-0.870740,0.000000,7.432001,7.432001,7.432001,7.432001,1.000000
0.000000,0.353020,-0.000000,0.000000,-1.116633,-1.124327,-0.870740,0.000000,7.432001,7.432001,7.432001,7.432001,1.000000
0.000000,0.353020,-0.000000,0.000000,-1.116633,-1.124327,-0.870740,0.000000,7.432001,7.432001,7.432001,7.432001,1.000000
0.000000,0.353020,-0.000000,0.000000,-1.116633,-1.124327,-0.870740,0.000000,7.432001,7.432001,7.432001,7.432001,1.000000
0.000000,0.353020,-0.000000,0.000000,-1.116633,-1.124327,-0.870740,0.000000,7.432001,7.432001,7.432001,7.432001,1.000000
0.000000,0.353020,-0.000000,0.000000,-1.116633,-1.124327,-0.870740,0.000000,7.432001,7.432001,7.432001,7.432001,1.000000
0.000000,0.353020,-0.000000,0.000000,-1.116633,-1.124327,-0.870740,0.000000,7.432001,7.432001,7.432001,7.432001,1.000000
0.000000,0.353020,-0.000000,0.000000,-1.116633,-1.124327,-0.870740,0.000000,7.432001,7.432001,7.432001,7.432001,1.000000
0.000000,0.353020,-0.000000,0.000000,-1.116633,-1.124327,-0.870740,0.000000,7.432001,7.432001,7.432001,7.432001,1.000000
0.000000,0.353020,-0.000000,0.000000,-1.116633,-1.124327,-0.870740,0.000000,7.432001,7.432001,7.432001,7.432001,1.000000
0.000000,0.353020,-0.000000,0.000000,-1.116633,-1.124327,-0.870740,0.000000,7.432001,7.432001,7.432001,7.432001,1.000000
0.000000,0.353020,-0.000000,0.000000,-1.116633,-1.124327,-0.870740,0.000000,7.432001,7.432001,7.432001,7.432001,1.000000
0.000000,0.353020,-0.000000,0.000000,-1.116633,-1.124327,-0.870740,0.000000,7.432001,7.432001,7.432001,7.432001,1.000000
0.000000,0.353020,-0.000000,0.000000,-1.116633,-1.124327,-0.870740,0.000000,7.432001,7.432001,7.432001,7.432001,1.000000
0.000000,0.353020,-0.000000,0.000000,-1.116633,-1.124327,-0.870740,0.000000,7.432001,7.432001,7.432001,7.432001,1.000000
0.000000,0.353020,-0.000000,0.000000,-1.116633,-1.124327,-0.870740,0.000000,7.432001,7.432001,7.432001,7.432001,1.000000
0.000000,0.353020,-0.000000,0.000000,-1.116633,-1.124327,-0.870740,0.000000,7.432001,7.432001,7.432001,7.432001,1.000000
0.000000,0.353020,-0.000000,0.000000,-1.116633,-1.124327,-0.870740,0.000000,7.432001,7.432001,7.432001,7.432001,1.000000
0.000000,0.353020,-0.000000,0.000000,-1.116633,-1.124327,-0.870740,0.000000,7.432001,7.432001,7.432001,7.432001,1.000000
0.000000,0.353020,-0.000000,0.000000,-1.116633,-1.124327,-0.870740,0.000000,7.432001,7.432001,7.432001,7.432001,1.000000
0.000000,0.353020,-0.000000,0.000000,-1.116633,-1.124327,-0.870740,0.000000,7.432001,7.432001,7.432001,7.432001,1.000000
0.000000,0.353020,-0.000000,0.000000,-1.116633,-1.124327,-0.870740,0.000000,7.432001,7.432001,7.432001,7.432001,1.000000
0.000000,0.353020,-0.000000,0.000000,-1.116633,-1.124327,-0.870740,0.000000,7.432001,7.432001,7.432001,7.432001,1.000000
0.000000,0.353020,-0.000000,0.000000,-1.116633,-1.124327,-0.870740,0.000000,7.432001,7.432001,7.432001,7.432001,1.000000
0.000000,0.353020,-0.000000,0.000000,-1.116633,-1.124327,-0.870740,0.000000,7.432001,7.432001,7.432001,7.432001,1.000000
0.000000,0.353020,-0.000000,0.000000,-1.116633,-1.124327,-0.870740,0.000000,7.432001,7.432001,7.432001,7.432001,1.000000
0.000000,0.353020,-0.000000,0.000000,-1.116633,-1.124327,-0.870740,0.000000,7.432001,7.432001,7.432001,7.432001,1.000000
0.000000,0.353020,-0.000000,0.000000,-1.116415,-1.124365,-0.870920,0.000000,7.431996,7.431996,7.431996,7.431996,1.000000
0.000000,0.353018,-0.000000,0.000000,-1.114970,-1.124619,-0.872110,0.000000,7.431965,7.431965,7.431965,7.431965,1.000000
0.000000,0.353015,-0.000000,0.000000,-1.111306,-1.125251,-0.875142,0.000000,7.431889,7.431889,7.431889,7.431889,1.000000
0.000000,0.353009,-0.000000,0.000000,-1.104679,-1.126340,-0.880680,0.000000,7.431763,7.431763,7.431763,7.431763,1.000000
0.000000,0.353001,-0.000000,0.000000,-1.094595,-1.127844,-0.889260,0.000000,7.431602,7.431602,7.431602,7.431602,1.000000
0.000000,0.352994,-0.000000,0.000000,-1.080806,-1.129575,-0.901318,0.000000,7.431449,7.431449,7.431449,7.431449,1.000000
0.000000,0.352990,-0.000000,0.000000,-1.063300,-1.131188,-0.917211,0.000000,7.431375,7.431375,7.431375,7.431375,1.000000
0.000000,0.352995,-0.000000,0.000000,-1.042284,-1.132191,-0.937223,0.000000,7.431477,7.431477,7.431477,7.431477,1.000000
0.000000,0.353014,-0.000000,0.000000,-1.018165,-1.131970,-0.961562,0.000000,7.431873,7.431873,7.431873,7.431873,1.000000
0.000000,0.353053,-0.000000,0.000000,-0.991519,-1.129836,-0.990341,0.000000,7.432693,7.432693,7.432693,7.432693,1.000000
0.000000,0.353118,-0.000000,0.000000,-0.963055,-1.125078,-1.023562,0.000000,7.434073,7.434073,7.434073,7.434073,1.000000
0.000000,0.353217,-0.000000,0.000000,-0.933575,-1.117022,-1.061096,0.000000,7.436141,7.436141,7.436141,7.436141,1.000000
0.000000,0.353353,-0.000000,0.000000,-0.903932,-1.105090,-1.102669,0.000000,7.439010,7.439010,7.439010,7.439010,1.000000
0.000000,0.353532,-0.000000,0.000000,-0.874978,-1.088856,-1.147854,0.000000,7.442774,7.442774,7.442774,7.442774,1.000000
0.000000,0.353756,-0.000000,0.000000,-0.847517,-1.068091,-1.196076,0.000000,7.447495,7.447495,7.447495,7.447495,1.000000
0.000000,0.354027,-0.000000,0.000000,-0.822259,-1.042795,-1.246626,0.000000,7.453206,7.453206,7.453206,7.453206,1.000000
0.000000,0.354345,-0.000000,0.000000,-0.799779,-1.013214,-1.298683,0.000000,7.459900,7.459900,7.459900,7.459900,1.000000
0.000000,0.354708,-0.000000,0.000000,-0.780481,-0.979852,-1.351337,0.000000,7.467528,7.467528,7.467528,7.467528,1.000000
0.000000,0.355110,-0.000000,0.000000,-0.764582,-0.943461,-1.403622,0.000000,7.475993,7.475993,7.475993,7.475993,1.000000
0.000000,0.355545,-0.000000,0.000000,-0.752104,-0.905019,-1.454537,0.000000,7.485148,7.485148,7.485148,7.485148,1.000000
0.000000,0.356002,-0.000000,0.000000,-0.742878,-0.865698,-1.503078,0.000000,7.494783,7.494783,7.494783,7.494783,1.000000
0.000000,0.356470,-0.000000,0.000000,-0.736572,-0.826814,-1.548263,0.000000,7.504626,7.504626,7.504626,7.504626,1.000000
0.000000,0.356931,-0.000000,0.000000,-0.732719,-0.789758,-1.589166,0.000000,7.514344,7.514344,7.514344,7.514344,1.000000
0.000000,0.357369,-0.000000,0.000000,-0.730771,-0.755899,-1.624968,0.000000,7.523554,7.523554,7.523554,7.523554,1.000000
0.000000,0.357763,-0.000000,0.000000,-0.730150,-0.726471,-1.655013,0.000000,7.531850,7.531850,7.531850,7.531850,1.000000
0.000000,0.358096,-0.000000,0.000000,-0.730313,-0.702428,-1.678888,0.000000,7.538857,7.538857,7.538857,7.538857,1.000000
0.000000,0.358354,-0.000000,0.000000,-0.730809,-0.684312,-1.696505,0.000000,7.544288,7.544288,7.544288,7.544288,1.000000
0.000000,0.358531,-0.000000,0.000000,-0.731317,-0.672132,-1.708176,0.000000,7.548022,7.548022,7.548022,7.548022,1.000000
0.000000,0.358632,-0.000000,0.000000,-0.731665,-0.665290,-1.714669,0.000000,7.550153,7.550153,7.550153,7.550153,1.000000
0.000000,0.358673,-0.000000,0.000000,-0.731817,-0.662567,-1.717239,0.000000,7.551008,7.551008,7.551008,7.551008,1.000000
0.000000,0.358679,-0.000000,0.000000,-0.731840,-0.662153,-1.717629,0.000000,7.551139,7.551139,7.551139,7.551139,1.000000
0.000000,0.358679,0.000000,0.000000,-0.731837,-0.662159,-1.717626,0.000000,7.551136,7.551137,7.551136,7.551137,1.000000
0.000000,0.358678,0.000000,0.000002,-0.731814,-0.662200,-1.717609,0.000005,7.551111,7.551135,7.551119,7.551128,1.000000
0.000002,0.358677,0.000001,0.000007,-0.731752,-0.662310,-1.717561,0.000017,7.551047,7.551127,7.551071,7.551103,1.000000
0.000004,0.358673,0.000003,0.000017,-0.731632,-0.662523,-1.717468,0.000041,7.550922,7.551112,7.550980,7.551054,1.000000
0.000007,0.358668,0.000006,0.000032,-0.731435,-0.662873,-1.717315,0.000080,7.550717,7.551087,7.550830,7.550974,1.000000
0.000012,0.358660,0.000011,0.000055,-0.731143,-0.663391,-1.717089,0.000138,7.550413,7.551050,7.550607,7.550856,1.000000
0.000019,0.358649,0.000017,0.000088,-0.730737,-0.664110,-1.716776,0.000218,7.549991,7.550999,7.550299,7.550691,1.000000
0.000028,0.358634,0.000025,0.000130,-0.730201,-0.665061,-1.716361,0.000324,7.549434,7.550932,7.549892,7.550475,1.000000
0.000040,0.358615,0.000035,0.000185,-0.729516,-0.666274,-1.715833,0.000459,7.548724,7.550848,7.549372,7.550199,1.000000
0.000055,0.358591,0.000048,0.000253,-0.728667,-0.667779,-1.715177,0.000627,7.547842,7.550744,7.548728,7.549858,1.000000
0.000072,0.358563,0.000063,0.000335,-0.727637,-0.669604,-1.714383,0.000832,7.546774,7.550621,7.547948,7.549447,1.000000
0.000094,0.358530,0.000082,0.000433,-0.726409,-0.671778,-1.713438,0.001075,7.545502,7.550477,7.547021,7.548959,1.000000
0.000119,0.358490,0.000104,0.000549,-0.724968,-0.674326,-1.712331,0.001362,7.544013,7.550313,7.545936,7.548390,1.000000
0.000148,0.358445,0.000129,0.000683,-0.723300,-0.677274,-1.711051,0.001694,7.542290,7.550129,7.544683,7.547736,1.000000
0.000181,0.358393,0.000158,0.000837,-0.721390,-0.680647,-1.709588,0.002075,7.540320,7.549926,7.543253,7.546994,1.000000
0.000219,0.358335,0.000192,0.001013,-0.719224,-0.684468,-1.707934,0.002509,7.538091,7.549706,7.541637,7.546160,1.000000
0.000261,0.358270,0.000229,0.001211,-0.716789,-0.688759,-1.706079,0.002998,7.535590,7.549472,7.539828,7.545234,1.000000
0.000309,0.358198,0.000271,0.001433,-0.714072,-0.693539,-1.704016,0.003545,7.532806,7.549226,7.537819,7.544214,1.000000
0.000362,0.358119,0.000317,0.001680,-0.711062,-0.698829,-1.701738,0.004153,7.529729,7.548974,7.535604,7.543099,1.000000
0.000421,0.358033,0.000369,0.001953,-0.707747,-0.704644,-1.699238,0.004826,7.526348,7.548720,7.533178,7.541890,1.000000
0.000486,0.357939,0.000426,0.002255,-0.704116,-0.711002,-1.696513,0.005567,7.522656,7.548470,7.530537,7.540590,1.000000
0.000557,0.357838,0.000488,0.002585,-0.700160,-0.717915,-1.693557,0.006378,7.518645,7.548232,7.527678,7.539200,1.000000
0.000635,0.357730,0.000556,0.002946,-0.695869,-0.725397,-1.690367,0.007262,7.514308,7.548013,7.524598,7.537723,1.000000
0.000719,0.357614,0.000630,0.003339,-0.691236,-0.733457,-1.686941,0.008222,7.509638,7.547821,7.521295,7.536164,1.000000
0.000811,0.357492,0.000710,0.003766,-0.686252,-0.742105,-1.683278,0.009262,7.504631,7.547668,7.517770,7.534529,1.000000
0.000909,0.357362,0.000796,0.004226,-0.680910,-0.751348,-1.679378,0.010384,7.499282,7.547563,7.514022,7.532823,1.000000
0.001016,0.357226,0.000889,0.004724,-0.675205,-0.761190,-1.675243,0.011590,7.493586,7.547518,7.510052,7.531053,1.000000
0.001130,0.357083,0.000989,0.005258,-0.669132,-0.771635,-1.670873,0.012885,7.487541,7.547545,7.505860,7.529226,1.000000
0.001253,0.356933,0.001096,0.005832,-0.662685,-0.782684,-1.666272,0.014271,7.481143,7.547658,7.501450,7.527351,1.000000
0.001384,0.356778,0.001211,0.006446,-0.655860,-0.794338,-1.661444,0.015751,7.474389,7.547871,7.496823,7.525436,1.000000
0.001524,0.356616,0.001334,0.007103,-0.648655,-0.806594,-1.656395,0.017328,7.467276,7.548198,7.491982,7.523492,1.000000
0.001673,0.356450,0.001464,0.007803,-0.641068,-0.819448,-1.651130,0.019005,7.459803,7.548654,7.486930,7.521527,1.000000
0.001832,0.356278,0.001603,0.008549,-0.633095,-0.832896,-1.645657,0.020785,7.451967,7.549257,7.481670,7.519553,1.000000
0.002001,0.356101,0.001751,0.009341,-0.624736,-0.846931,-1.639983,0.022671,7.443764,7.550021,7.476206,7.517579,1.000000
0.002180,0.355919,0.001907,0.010183,-0.615991,-0.861544,-1.634117,0.024666,7.435193,7.550964,7.470539,7.515618,1.000000
0.002370,0.355733,0.002073,0.011075,-0.606858,-0.876727,-1.628069,0.026774,7.426249,7.552104,7.464675,7.513678,1.000000
0.002571,0.355544,0.002249,0.012020,-0.597338,-0.892468,-1.621850,0.028997,7.416930,7.553458,7.458614,7.511773,1.000000
0.002784,0.355351,0.002435,0.013019,-0.587432,-0.908756,-1.615470,0.031338,7.407230,7.555044,7.452360,7.509914,1.000000
0.003009,0.355154,0.002631,0.014075,-0.577140,-0.925577,-1.608942,0.033802,7.397145,7.556882,7.445916,7.508111,1.000000
0.003246,0.354955,0.002838,0.015189,-0.566464,-0.942920,-1.602278,0.036392,7.386668,7.558990,7.439282,7.506376,1.000000
0.003496,0.354753,0.003056,0.016363,-0.555405,-0.960767,-1.595491,0.039110,7.375794,7.561386,7.432459,7.504721,1.000000
0.003759,0.354548,0.003286,0.017601,-0.543965,-0.979106,-1.588596,0.041961,7.364513,7.564092,7.425449,7.503156,1.000000
0.004036,0.354342,0.003528,0.018903,-0.532144,-0.997919,-1.581605,0.044947,7.352818,7.567127,7.418252,7.501693,1.000000
0.004329,0.354133,0.003783,0.020272,-0.519946,-1.017190,-1.574534,0.048073,7.340698,7.570511,7.410865,7.500343,1.000000
0.004636,0.353923,0.004051,0.021711,-0.507372,-1.036902,-1.567399,0.051343,7.328141,7.574264,7.403289,7.499117,1.000000
0.004959,0.353711,0.004333,0.023222,-0.494423,-1.057038,-1.560214,0.054759,7.315136,7.578409,7.395520,7.498025,1.000000
0.005298,0.353498,0.004630,0.024808,-0.481101,-1.077580,-1.552996,0.058327,7.301667,7.582967,7.387555,7.497079,1.000000
0.005655,0.353283,0.004941,0.026471,-0.467407,-1.098510,-1.545762,0.062049,7.287720,7.587959,7.379390,7.496289,1.000000
0.006030,0.353068,0.005268,0.028215,-0.453343,-1.119810,-1.538528,0.065931,7.273277,7.593409,7.371020,7.495666,1.000000
0.006423,0.352851,0.005611,0.030041,-0.438910,-1.141462,-1.531312,0.069976,7.258318,7.599340,7.362439,7.495219,1.000000
0.006836,0.352634,0.005972,0.031952,-0.424109,-1.163446,-1.524131,0.074188,7.242823,7.605776,7.353639,7.494960,1.000000
0.007270,0.352415,0.006350,0.033952,-0.408939,-1.185744,-1.517004,0.078573,7.226770,7.612742,7.344613,7.494899,1.000000
0.007724,0.352196,0.006747,0.036044,-0.393402,-1.208337,-1.509950,0.083133,7.210133,7.620263,7.335350,7.495046,1.000000
0.008202,0.351975,0.007163,0.038231,-0.377497,-1.231206,-1.502988,0.087875,7.192886,7.628368,7.325841,7.495412,1.000000
0.008703,0.351754,0.007600,0.040515,-0.361225,-1.254332,-1.496138,0.092803,7.174999,7.637082,7.316074,7.496007,1.000000
0.009228,0.351531,0.008059,0.042901,-0.344583,-1.277695,-1.489419,0.097921,7.156442,7.646435,7.306035,7.496842,1.000000
0.009779,0.351307,0.008540,0.045391,-0.327572,-1.301275,-1.482852,0.103235,7.137179,7.656457,7.295710,7.497926,1.000000
0.010358,0.351081,0.009045,0.047989,-0.310189,-1.325052,-1.476460,0.108749,7.117175,7.667179,7.285082,7.499272,1.000000
0.010965,0.350854,0.009575,0.050697,-0.292432,-1.349007,-1.470264,0.114469,7.096390,7.678634,7.274135,7.500889,1.000000
0.011602,0.350625,0.010130,0.053520,-0.274300,-1.373118,-1.464286,0.120400,7.074781,7.690856,7.262849,7.502789,1.000000
0.012270,0.350394,0.010714,0.056461,-0.255790,-1.397366,-1.458551,0.126546,7.052304,7.703881,7.251203,7.504982,1.000000
0.012971,0.350159,0.011326,0.059523,-0.236898,-1.421728,-1.453083,0.132914,7.028908,7.717746,7.239174,7.507480,1.000000
0.013707,0.349922,0.011968,0.062710,-0.217621,-1.446184,-1.447906,0.139509,7.004542,7.732491,7.226738,7.510295,1.000000
0.014479,0.349682,0.012643,0.066024,-0.197955,-1.470712,-1.443046,0.146335,6.979149,7.748156,7.213868,7.513437,1.000000
0.015290,0.349437,0.013351,0.069469,-0.177895,-1.495288,-1.438531,0.153399,6.952670,7.764785,7.200535,7.516920,1.000000
0.016142,0.349188,0.014094,0.073048,-0.157438,-1.519890,-1.434389,0.160705,6.925038,7.782423,7.186708,7.520754,1.000000
0.017036,0.348934,0.014875,0.076763,-0.136577,-1.544494,-1.430647,0.168260,6.896186,7.801117,7.172352,7.524951,1.000000
0.017975,0.348674,0.015695,0.080618,-0.115308,-1.569076,-1.427336,0.176067,6.866040,7.820917,7.157432,7.529525,1.000000
0.018962,0.348407,0.016557,0.084615,-0.093626,-1.593610,-1.424486,0.184132,6.834522,7.841873,7.141908,7.534487,1.000000
0.019999,0.348133,0.017462,0.088756,-0.071523,-1.618071,-1.422130,0.192460,6.801546,7.864041,7.125738,7.539849,1.000000
0.021088,0.347850,0.018413,0.093042,-0.048994,-1.642432,-1.420300,0.201056,6.767023,7.887476,7.108876,7.545624,1.000000
0.022233,0.347557,0.019414,0.097475,-0.026034,-1.666664,-1.419029,0.209922,6.730860,7.912237,7.091273,7.551823,1.000000
0.023437,0.347254,0.020465,0.102055,-0.002635,-1.690740,-1.418354,0.219064,6.692953,7.938385,7.072878,7.558460,1.000000
0.024702,0.346938,0.021570,0.106782,0.021208,-1.714630,-1.418309,0.228485,6.653196,7.965984,7.053634,7.565546,1.000000
0.026033,0.346609,0.022732,0.111656,0.045501,-1.738302,-1.418932,0.238186,6.611474,7.995100,7.033481,7.573092,1.000000
0.027432,0.346265,0.023954,0.116675,0.070250,-1.761725,-1.420260,0.248171,6.567668,8.025799,7.012356,7.581110,1.000000
0.028904,0.345904,0.025239,0.121837,0.095460,-1.784866,-1.422330,0.258440,6.521649,8.058153,6.990191,7.589610,1.000000
0.030451,0.345525,0.026591,0.127137,0.121136,-1.807691,-1.425183,0.268993,6.473283,8.092232,6.966913,7.598602,1.000000
0.032079,0.345125,0.028012,0.132571,0.147281,-1.830164,-1.428856,0.279830,6.422430,8.128112,6.942446,7.608096,1.000000
0.033791,0.344702,0.029507,0.138132,0.173898,-1.852250,-1.433389,0.290947,6.368942,8.165866,6.916709,7.618098,1.000000
0.035591,0.344253,0.031079,0.143813,0.200989,-1.873911,-1.438820,0.302342,6.312665,8.205571,6.889618,7.628618,1.000000
0.037485,0.343777,0.032732,0.149604,0.228554,-1.895110,-1.445187,0.314009,6.253437,8.247305,6.861082,7.639660,1.000000
0.039475,0.343270,0.034469,0.155493,0.256590,-1.915807,-1.452529,0.325941,6.191094,8.291145,6.831009,7.651229,1.000000
0.041568,0.342730,0.036295,0.161467,0.285096,-1.935962,-1.460880,0.338128,6.125463,8.337169,6.799303,7.663330,1.000000
0.043767,0.342154,0.038213,0.167509,0.314063,-1.955536,-1.470275,0.350559,6.056369,8.385455,6.765862,7.675963,1.000000
0.046078,0.341538,0.040227,0.173600,0.343484,-1.974488,-1.480746,0.363220,5.983634,8.436080,6.730585,7.689129,1.000000
0.048505,0.340878,0.042342,0.179721,0.373346,-1.992777,-1.492321,0.376095,5.907076,8.489119,6.693367,7.702827,1.000000
0.051053,0.340172,0.044561,0.185846,0.403636,-2.010363,-1.505025,0.389164,5.826514,8.544645,6.654103,7.717056,1.000000
0.053726,0.339416,0.046888,0.191949,0.434335,-2.027207,-1.518881,0.402403,5.741767,8.602731,6.612686,7.731811,1.000000
0.056528,0.338606,0.049326,0.197999,0.465420,-2.043270,-1.533905,0.415788,5.652657,8.663444,6.569013,7.747088,1.000000
0.059465,0.337739,0.051879,0.203963,0.496865,-2.058513,-1.550109,0.429289,5.559014,8.726849,6.522981,7.762883,1.000000
0.062541,0.336810,0.054550,0.209804,0.528641,-2.072901,-1.567498,0.442873,5.460673,8.793010,6.474492,7.779190,1.000000
0.065758,0.335816,0.057343,0.215482,0.560713,-2.086400,-1.586073,0.456503,5.357479,8.861982,6.423456,7.796006,1.000000
0.069121,0.334754,0.060258,0.220953,0.593044,-2.098977,-1.605828,0.470138,5.249293,8.933819,6.369786,7.813326,1.000000
0.072633,0.333620,0.063300,0.226171,0.625590,-2.110603,-1.626750,0.483736,5.135990,9.008569,6.313411,7.831149,1.000000
0.076296,0.332411,0.066469,0.231085,0.658307,-2.121251,-1.648819,0.497248,5.017465,9.086277,6.254266,7.849476,1.000000
0.080113,0.331126,0.069767,0.235642,0.691144,-2.130899,-1.672011,0.510624,4.893637,9.166980,6.192306,7.868312,1.000000
0.084084,0.329760,0.073194,0.239788,0.724051,-2.139527,-1.696291,0.523808,4.764448,9.250713,6.127497,7.887665,1.000000
0.088211,0.328314,0.076752,0.243464,0.756973,-2.147118,-1.721625,0.536743,4.629872,9.337506,6.059827,7.907551,1.000000
0.092495,0.326786,0.080438,0.246610,0.789855,-2.153658,-1.747967,0.549370,4.489912,9.427381,5.989303,7.927990,1.000000
0.096934,0.325175,0.084253,0.249164,0.822639,-2.159139,-1.775272,0.561626,4.344608,9.520361,5.915957,7.949011,1.000000
0.100579,0.319726,0.086970,0.252334,0.824139,-2.160650,-1.775272,0.573768,4.138327,9.509609,5.768770,7.879166,1.000000
0.104310,0.314234,0.089739,0.255586,0.825630,-2.162152,-1.775272,0.586141,3.929205,9.500619,5.620132,7.809692,1.000000
0.108129,0.308700,0.092562,0.258920,0.827110,-2.163643,-1.775272,0.598747,3.717260,9.493472,5.470082,7.740649,1.000000
0.112035,0.303126,0.095440,0.262336,0.828578,-2.165122,-1.775272,0.611585,3.502511,9.488249,5.318658,7.672102,1.000000
0.116031,0.297513,0.098372,0.265835,0.830033,-2.166588,-1.775272,0.624658,3.284983,9.485033,5.165901,7.604115,1.000000
0.120117,0.291863,0.101359,0.269416,0.831474,-2.168040,-1.775272,0.637965,3.064699,9.483905,5.011852,7.536752,1.000000
0.124294,0.286178,0.104402,0.273080,0.832900,-2.169477,-1.775272,0.651508,2.841685,9.484952,4.856555,7.470081,1.000000
0.128564,0.280460,0.107501,0.276826,0.834309,-2.170897,-1.775272,0.665287,2.615969,9.488256,4.700056,7.404169,1.000000
0.132927,0.274709,0.110656,0.280655,0.835700,-2.172299,-1.775272,0.679302,2.387582,9.493902,4.542401,7.339084,1.000000
0.137385,0.268928,0.113869,0.284566,0.837073,-2.173683,-1.775272,0.693553,2.156557,9.501977,4.383638,7.274895,1.000000
0.141938,0.263119,0.117139,0.288558,0.838425,-2.175046,-1.775272,0.708040,1.922926,9.512565,4.223818,7.211674,1.000000
0.146588,0.257284,0.120468,0.292631,0.839756,-2.176388,-1.775272,0.722762,1.686729,9.525754,4.062992,7.149492,1.000000
0.151334,0.251423,0.123855,0.296783,0.841065,-2.177707,-1.775272,0.737719,1.448002,9.541630,3.901213,7.088420,1.000000
0.156179,0.245540,0.127301,0.301014,0.842350,-2.179003,-1.775272,0.752911,1.206788,9.560280,3.738536,7.028532,1.000000
0.161123,0.239636,0.130807,0.305322,0.843610,-2.180273,-1.775272,0.768335,0.963130,9.581789,3.575018,6.969901,1.000000
0.166166,0.233713,0.134372,0.309706,0.844843,-2.181517,-1.775272,0.783991,0.717074,9.606245,3.410717,6.912603,1.000000
0.171310,0.227773,0.137998,0.314163,0.846050,-2.182734,-1.775272,0.799876,0.468669,9.633735,3.245692,6.856711,1.000000
0.176555,0.221818,0.141686,0.318693,0.847227,-2.183922,-1.775272,0.815990,0.217964,9.664344,3.080005,6.802302,1.000000
0.181901,0.215850,0.145434,0.323292,0.848375,-2.185079,-1.775272,0.832330,-0.034987,9.698158,2.913719,6.749452,1.000000
0.187349,0.209870,0.149244,0.327959,0.849492,-2.186206,-1.775272,0.848892,-0.290128,9.735264,2.746898,6.698237,1.000000
0.192900,0.203882,0.153117,0.332691,0.850577,-2.187300,-1.775272,0.865676,-0.547402,9.775745,2.579609,6.648734,1.000000
0.198554,0.197886,0.157052,0.337485,0.851628,-2.188361,-1.775272,0.882677,-0.806747,9.819686,2.411919,6.601021,1.000000
0.204311,0.191885,0.161051,0.342338,0.852645,-2.189386,-1.775272,0.899892,-1.068100,9.867171,2.243896,6.555174,1.000000
0.210173,0.185882,0.165113,0.347247,0.853626,-2.190376,-1.775272,0.917317,-1.331396,9.918280,2.075613,6.511271,1.000000
0.216138,0.179877,0.169239,0.352208,0.854569,-2.191328,-1.775272,0.934949,-1.596566,9.973096,1.907140,6.469390,1.000000
0.222207,0.173873,0.173430,0.357217,0.855475,-2.192242,-1.775272,0.952782,-1.863539,10.031699,1.738552,6.429608,1.000000
0.228380,0.167873,0.177686,0.362270,0.856341,-2.193116,-1.775272,0.970813,-2.132242,10.094166,1.569922,6.392002,1.000000
0.234658,0.161878,0.182006,0.367364,0.857167,-2.193949,-1.775272,0.989036,-2.402597,10.160575,1.401329,6.356649,1.000000
0.241039,0.155890,0.186393,0.372493,0.857950,-2.194740,-1.775272,1.007446,-2.674528,10.231000,1.232848,6.323625,1.000000
0.247525,0.149911,0.190846,0.377652,0.858692,-2.195488,-1.775272,1.026037,-2.947951,10.305516,1.064559,6.293006,1.000000
0.254114,0.143944,0.195365,0.382837,0.859389,-2.196192,-1.775272,1.044803,-3.222782,10.384194,0.896542,6.264869,1.000000
0.260807,0.137991,0.199952,0.388042,0.860042,-2.196851,-1.775272,1.063737,-3.498936,10.467102,0.728878,6.239287,1.000000
0.267602,0.132053,0.204605,0.393263,0.860648,-2.197463,-1.775272,1.082834,-3.776323,10.554307,0.561650,6.216334,1.000000
0.274500,0.126132,0.209327,0.398492,0.861207,-2.198028,-1.775272,1.102085,-4.054851,10.645874,0.394940,6.196083,1.000000
0.281500,0.120231,0.214116,0.403725,0.861719,-2.198544,-1.775272,1.121485,-4.334426,10.741864,0.228833,6.178606,1.000000
0.288600,0.114352,0.218973,0.408954,0.862181,-2.199011,-1.775272,1.141024,-4.614950,10.842337,0.063413,6.163974,1.000000
0.295801,0.108496,0.223900,0.414175,0.862594,-2.199427,-1.775272,1.160695,-4.896325,10.947348,-0.101232,6.152255,1.000000
0.303101,0.102665,0.228895,0.419380,0.862955,-2.199792,-1.775272,1.180490,-5.178448,11.056950,-0.265017,6.143518,1.000000
0.310500,0.096862,0.233959,0.424562,0.863265,-2.200105,-1.775272,1.200400,-5.461217,11.171192,-0.427854,6.137829,1.000000
0.317995,0.091089,0.239094,0.429716,0.863522,-2.200364,-1.775272,1.220417,-5.744524,11.290121,-0.589655,6.135252,1.000000
0.325834,0.085807,0.244684,0.434511,0.868696,-2.200899,-1.779912,1.240456,-6.023133,11.432245,-0.741197,6.150308,1.000000
0.333535,0.080086,0.249969,0.439367,0.868844,-2.201048,-1.779912,1.260455,-6.307755,11.560984,-0.900970,6.154200,1.000000
0.341330,0.074399,0.255324,0.444171,0.868938,-2.201143,-1.779912,1.280532,-6.592582,11.694529,-1.059442,6.161389,1.000000
0.349216,0.068750,0.260749,0.448917,0.868978,-2.201183,-1.779912,1.300678,-6.877500,11.832910,-1.216521,6.171930,1.000000
0.357172,0.063104,0.266213,0.453624,0.868580,-2.201144,-1.779553,1.320888,-7.162757,11.974718,-1.372804,6.184766,1.000000
0.365143,0.057379,0.271632,0.458370,0.866741,-2.200963,-1.777895,1.341185,-7.449113,12.116178,-1.529959,6.197024,1.000000
0.373118,0.051580,0.276997,0.463214,0.863440,-2.200632,-1.774925,1.361617,-7.736255,12.257121,-1.687814,6.208681,1.000000
0.381090,0.045715,0.282303,0.468214,0.858651,-2.200137,-1.770632,1.382233,-8.023860,12.397367,-1.846197,6.219703,1.000000
0.389048,0.039789,0.287540,0.473431,0.852347,-2.199455,-1.765008,1.403083,-8.311601,12.536716,-2.004935,6.230050,1.000000
0.396982,0.033811,0.292701,0.478925,0.844495,-2.198560,-1.758051,1.424215,-8.599136,12.674952,-2.163853,6.239669,1.000000
0.404881,0.027787,0.297778,0.484754,0.835061,-2.197413,-1.749763,1.445677,-8.886110,12.811841,-2.322771,6.248502,1.000000
0.412735,0.021726,0.302763,0.490978,0.824006,-2.195970,-1.740151,1.467514,-9.172153,12.947132,-2.481504,6.256483,1.000000
0.420530,0.015636,0.307645,0.497652,0.811293,-2.194178,-1.729229,1.489771,-9.456877,13.080554,-2.639859,6.263536,1.000000
0.428255,0.009525,0.312417,0.504830,0.796878,-2.191973,-1.717019,1.512487,-9.739871,13.211820,-2.797635,6.269584,1.000000
0.435895,0.003404,0.317069,0.512564,0.780722,-2.189283,-1.703552,1.535698,-10.020706,13.340628,-2.954619,6.274541,1.000000
0.443436,-0.002717,0.321591,0.520897,0.762783,-2.186024,-1.688871,1.559435,-10.298925,13.466663,-3.110587,6.278324,1.000000
0.450864,-0.008828,0.325974,0.529872,0.743023,-2.182102,-1.673032,1.583723,-10.574052,13.589599,-3.265302,6.280848,1.000000
0.458164,-0.014916,0.330208,0.539523,0.721408,-2.177413,-1.656105,1.608579,-10.845585,13.709105,-3.418511,6.282031,1.000000
0.465318,-0.020968,0.334285,0.549875,0.697909,-2.171840,-1.638177,1.634013,-11.113004,13.824852,-3.569950,6.281799,1.000000
0.472312,-0.026970,0.338194,0.560946,0.672504,-2.165257,-1.619355,1.660025,-11.375767,13.936515,-3.719338,6.280086,1.000000
0.479129,-0.032909,0.341929,0.572744,0.645182,-2.157525,-1.599763,1.686607,-11.633322,14.043781,-3.866382,6.276841,1.000000
0.485754,-0.038770,0.345481,0.585266,0.615943,-2.148496,-1.579551,1.713739,-11.885109,14.146361,-4.010780,6.272031,1.000000
0.492171,-0.044536,0.348844,0.598498,0.584799,-2.138015,-1.558888,1.741389,-12.130569,14.243992,-4.152219,6.265642,1.000000
0.498365,-0.050193,0.352014,0.612411,0.551780,-2.125916,-1.537965,1.769515,-12.369152,14.336453,-4.290385,6.257686,1.000000
0.504325,-0.055724,0.354987,0.626968,0.516928,-2.112030,-1.516998,1.798064,-12.600331,14.423567,-4.424964,6.248200,1.000000
0.510037,-0.061114,0.357761,0.642115,0.480305,-2.096186,-1.496217,1.826971,-12.823611,14.505215,-4.555648,6.237252,1.000000
0.515492,-0.066347,0.360337,0.657789,0.441986,-2.078209,-1.475873,1.856161,-13.038545,14.581337,-4.682146,6.224939,1.000000
0.520684,-0.071411,0.362718,0.673915,0.402062,-2.057930,-1.456227,1.885552,-13.244743,14.651943,-4.804186,6.211387,1.000000
0.525607,-0.076292,0.364906,0.690409,0.360637,-2.035182,-1.437547,1.915053,-13.441886,14.717111,-4.921526,6.196751,1.000000
0.530259,-0.080979,0.366911,0.707180,0.317821,-2.009809,-1.420102,1.944571,-13.629737,14.776990,-5.033958,6.181211,1.000000
0.534642,-0.085463,0.368739,0.724129,0.273733,-1.981663,-1.404158,1.974007,-13.808146,14.831798,-5.141316,6.164968,1.000000
0.538760,-0.089738,0.370401,0.741158,0.228489,-1.950605,-1.389970,2.003266,-13.977057,14.881815,-5.243481,6.148239,1.000000
0.542618,-0.093798,0.371910,0.758165,0.182204,-1.916512,-1.377775,2.032254,-14.136510,14.927379,-5.340384,6.131252,1.000000
0.546227,-0.097643,0.373278,0.775054,0.134981,-1.879269,-1.367793,2.060879,-14.286636,14.968871,-5.432004,6.114240,1.000000
0.549598,-0.101271,0.374519,0.791732,0.086911,-1.838768,-1.360221,2.089061,-14.427653,15.006715,-5.518373,6.097434,1.000000
0.552746,-0.104686,0.375650,0.808110,0.038068,-1.794908,-1.355234,2.116724,-14.559862,15.041357,-5.599566,6.081061,1.000000
0.555684,-0.107891,0.376684,0.824111,-0.011496,-1.747590,-1.352985,2.143805,-14.683629,15.073265,-5.675704,6.065340,1.000000
0.558430,-0.110894,0.377636,0.839665,-0.061753,-1.696708,-1.353607,2.170249,-14.799381,15.102919,-5.746942,6.050480,1.000000
0.561001,-0.113701,0.378524,0.854712,-0.112701,-1.642144,-1.357219,2.196013,-14.907590,15.130803,-5.813468,6.036680,1.000000
0.563416,-0.116322,0.379360,0.869201,-0.164365,-1.583760,-1.363934,2.221065,-15.008766,15.157410,-5.875490,6.024134,1.000000
0.565695,-0.118765,0.380162,0.883091,-0.216802,-1.521389,-1.373863,2.245379,-15.103446,15.183242,-5.933234,6.013029,1.000000
0.567856,-0.121042,0.380945,0.896348,-0.270105,-1.454820,-1.387124,2.268944,-15.192187,15.208813,-5.986936,6.003562,1.000000
0.569922,-0.123162,0.381725,0.908946,-0.324400,-1.383786,-1.403857,2.291751,-15.275564,15.234673,-6.036833,5.995942,1.000000
0.571913,-0.125136,0.382520,0.920865,-0.379860,-1.307944,-1.424233,2.313801,-15.354173,15.261422,-6.083160,5.990409,1.000000
0.573855,-0.126975,0.383349,0.932087,-0.436705,-1.226853,-1.448472,2.335102,-15.428635,15.289746,-6.126146,5.987257,1.000000
0.575775,-0.128689,0.384237,0.942597,-0.495219,-1.139937,-1.476866,2.355662,-15.499614,15.320480,-6.166004,5.986869,1.000000
0.577706,-0.130287,0.385212,0.952374,-0.555762,-1.046447,-1.509803,2.375495,-15.567849,15.354687,-6.202928,5.989766,1.000000
0.579692,-0.131781,0.386316,0.961391,-0.618788,-0.945405,-1.547808,2.394616,-15.634205,15.393820,-6.237088,5.996703,1.000000
0.581792,-0.133178,0.387605,0.969604,-0.684867,-0.835531,-1.591589,2.413038,-15.699771,15.439981,-6.268612,6.008822,1.000000
0.584095,-0.134490,0.389170,0.976934,-0.754688,-0.715197,-1.642086,2.430771,-15.766049,15.496429,-6.297569,6.027949,1.000000
0.586741,-0.135725,0.391158,0.983239,-0.828977,-0.582509,-1.700464,2.447813,-15.835312,15.568560,-6.323927,6.057175,1.000000
0.589979,-0.136897,0.393827,0.988251,-0.908060,-0.436072,-1.767791,2.464143,-15.911337,15.665898,-6.347463,6.102024,1.000000
0.598398,-0.138004,0.402148,0.986311,-0.910534,-0.433489,-1.767791,2.478689,-16.059017,15.971129,-6.358663,6.270775,1.000000
0.606826,-0.139140,0.410500,0.983926,-0.913002,-0.430912,-1.767791,2.492785,-16.205761,16.277801,-6.368794,6.440834,1.000000
0.615256,-0.140301,0.418878,0.981114,-0.915462,-0.428343,-1.767791,2.506443,-16.351407,16.585790,-6.377779,6.612162,1.000000
0.623685,-0.141485,0.427279,0.977892,-0.917915,-0.425781,-1.767791,2.519674,-16.495799,16.894978,-6.385545,6.784724,1.000000
0.632106,-0.142689,0.435701,0.974278,-0.920358,-0.423228,-1.767791,2.532489,-16.638786,17.205250,-6.392019,6.958483,1.000000
0.640515,-0.143910,0.444141,0.970288,-0.922791,-0.420685,-1.767791,2.544900,-16.780225,17.516492,-6.397136,7.133403,1.000000
0.648908,-0.145145,0.452595,0.965938,-0.925214,-0.418153,-1.767791,2.556917,-16.919978,17.828594,-6.400831,7.309448,1.000000
0.657281,-0.146393,0.461063,0.961247,-0.927625,-0.415632,-1.767791,2.568551,-17.057913,18.141448,-6.403045,7.486580,1.000000
0.665628,-0.147650,0.469540,0.956229,-0.930024,-0.413123,-1.767791,2.579814,-17.193905,18.454948,-6.403721,7.664763,1.000000
0.673947,-0.148913,0.478026,0.950900,-0.932410,-0.410627,-1.767791,2.590716,-17.327836,18.768989,-6.402806,7.843960,1.000000
0.682232,-0.150181,0.486517,0.945276,-0.934784,-0.408144,-1.767791,2.601268,-17.459591,19.083469,-6.400254,8.024131,1.000000
0.690480,-0.151450,0.495013,0.939372,-0.937143,-0.405676,-1.767791,2.611480,-17.589066,19.398287,-6.396018,8.205239,1.000000
0.698688,-0.152719,0.503511,0.933204,-0.939488,-0.403221,-1.767791,2.621363,-17.716159,19.713343,-6.390058,8.387242,1.000000
0.706852,-0.153985,0.512008,0.926786,-0.941818,-0.400782,-1.767791,2.630927,-17.840776,20.028540,-6.382337,8.570101,1.000000
0.714968,-0.155246,0.520504,0.920132,-0.944134,-0.398358,-1.767791,2.640182,-17.962830,20.343780,-6.372823,8.753773,1.000000
0.723033,-0.156501,0.528997,0.913256,-0.946433,-0.395949,-1.767791,2.649138,-18.082237,20.658967,-6.361486,8.938216,1.000000
0.731045,-0.157746,0.537484,0.906172,-0.948717,-0.393557,-1.767791,2.657804,-18.198921,20.974007,-6.348300,9.123386,1.000000
0.738999,-0.158980,0.545965,0.898893,-0.950985,-0.391181,-1.767791,2.666189,-18.312813,21.288806,-6.333245,9.309238,1.000000
0.746894,-0.160202,0.554437,0.891433,-0.953237,-0.388821,-1.767791,2.674304,-18.423846,21.603270,-6.316302,9.495726,1.000000
0.754726,-0.161409,0.562900,0.883804,-0.955471,-0.386479,-1.767791,2.682156,-18.531963,21.917309,-6.297458,9.682804,1.000000
0.762493,-0.162600,0.571351,0.876018,-0.957689,-0.384154,-1.767791,2.689756,-18.637109,22.230832,-6.276701,9.870423,1.000000
0.770192,-0.163774,0.579789,0.868088,-0.959890,-0.381847,-1.767791,2.697110,-18.739237,22.543748,-6.254025,10.058535,1.000000
0.777820,-0.164929,0.588213,0.860025,-0.962073,-0.379557,-1.767791,2.704228,-18.838304,22.855969,-6.229425,10.247091,1.000000
0.785377,-0.166063,0.596620,0.851840,-0.964239,-0.377285,-1.767791,2.711118,-18.934271,23.167407,-6.202903,10.436039,1.000000
0.792858,-0.167176,0.605011,0.843545,-0.966387,-0.375031,-1.767791,2.717788,-19.027107,23.477975,-6.174461,10.625328,1.000000
0.800263,-0.168265,0.613382,0.835149,-0.968517,-0.372796,-1.767791,2.724245,-19.116785,23.787588,-6.144104,10.814907,1.000000
0.807589,-0.169331,0.621734,0.826664,-0.970629,-0.370579,-1.767791,2.730497,-19.203281,24.096160,-6.111844,11.004723,1.000000
0.814834,-0.170372,0.630064,0.818100,-0.972723,-0.368380,-1.767791,2.736552,-19.286579,24.403609,-6.077691,11.194721,1.000000
0.821997,-0.171386,0.638371,0.809466,-0.974799,-0.366201,-1.767791,2.742415,-19.366664,24.709851,-6.041661,11.384848,1.000000
0.829076,-0.172374,0.646653,0.800771,-0.976856,-0.364040,-1.767791,2.748095,-19.443529,25.014807,-6.003773,11.575050,1.000000
0.836069,-0.173334,0.654910,0.792024,-0.978895,-0.361898,-1.767791,2.753598,-19.517169,25.318395,-5.964046,11.765272,1.000000
0.842976,-0.174266,0.663140,0.783235,-0.980915,-0.359775,-1.767791,2.758929,-19.587585,25.620538,-5.922506,11.955458,1.000000
0.849794,-0.175168,0.671341,0.774411,-0.982916,-0.357672,-1.767791,2.764096,-19.654781,25.921158,-5.879177,12.145553,1.000000
0.856522,-0.176041,0.679512,0.765560,-0.984899,-0.355588,-1.767791,2.769105,-19.718766,26.220179,-5.834087,12.335501,1.000000
0.863160,-0.176883,0.687652,0.756692,-0.986863,-0.353523,-1.767791,2.773961,-19.779551,26.517528,-5.787269,12.525246,1.000000
0.869706,-0.177694,0.695760,0.747812,-0.988808,-0.351478,-1.767791,2.778670,-19.837153,26.813132,-5.738753,12.714732,1.000000
0.876160,-0.178475,0.703833,0.738927,-0.990733,-0.349453,-1.767791,2.783237,-19.891592,27.106920,-5.688576,12.903904,1.000000
0.882520,-0.179224,0.711871,0.730046,-0.992640,-0.347447,-1.767791,2.787668,-19.942890,27.398821,-5.636774,13.092706,1.000000
0.888786,-0.179941,0.719872,0.721175,-0.994528,-0.345461,-1.767791,2.791967,-19.991075,27.688770,-5.583386,13.281081,1.000000
0.894957,-0.180626,0.727836,0.712319,-0.996396,-0.343495,-1.767791,2.796140,-20.036177,27.976699,-5.528453,13.468975,1.000000
0.901033,-0.181279,0.735759,0.703484,-0.998245,-0.341549,-1.767791,2.800192,-20.078227,28.262545,-5.472015,13.656333,1.000000
0.907012,-0.181899,0.743642,0.694678,-1.000075,-0.339623,-1.767791,2.804126,-20.117264,28.546245,-5.414118,13.843099,1.000000
0.912896,-0.182487,0.751483,0.685904,-1.001885,-0.337717,-1.767791,2.807947,-20.153324,28.827738,-5.354807,14.029221,1.000000
0.918682,-0.183043,0.759280,0.677168,-1.003676,-0.335831,-1.767791,2.811659,-20.186450,29.106966,-5.294127,14.214643,1.000000
0.924372,-0.183566,0.767032,0.668476,-1.005447,-0.333965,-1.767791,2.815267,-20.216685,29.383873,-5.232126,14.399314,1.000000
0.929965,-0.184058,0.774738,0.659831,-1.007199,-0.332119,-1.767791,2.818774,-20.244077,29.658403,-5.168853,14.583180,1.000000
0.935461,-0.184517,0.782397,0.651239,-1.008932,-0.330293,-1.767791,2.822184,-20.268673,29.930504,-5.104358,14.766190,1.000000
0.940860,-0.184944,0.790007,0.642703,-1.010645,-0.328488,-1.767791,2.825500,-20.290524,30.200125,-5.038692,14.948292,1.000000
0.946162,-0.185339,0.797566,0.634228,-1.012338,-0.326703,-1.767791,2.828726,-20.309684,30.467217,-4.971905,15.129438,1.000000
0.951367,-0.185703,0.805075,0.625817,-1.014011,-0.324939,-1.767791,2.831865,-20.326207,30.731733,-4.904050,15.309576,1.000000
0.956475,-0.186036,0.812530,0.617474,-1.015665,-0.323195,-1.767791,2.834921,-20.340150,30.993629,-4.835180,15.488660,1.000000
0.961488,-0.186338,0.819932,0.609203,-1.017300,-0.321471,-1.767791,2.837895,-20.351570,31.252862,-4.765348,15.666641,1.000000
0.966404,-0.186609,0.827278,0.601005,-1.018914,-0.319768,-1.767791,2.840792,-20.360527,31.509391,-4.694608,15.843473,1.000000
0.971225,-0.186851,0.834568,0.592885,-1.020509,-0.318086,-1.767791,2.843614,-20.367082,31.763178,-4.623014,16.019110,1.000000
0.975951,-0.187062,0.841800,0.584845,-1.022084,-0.316424,-1.767791,2.846363,-20.371297,32.014185,-4.550620,16.193508,1.000000
0.980582,-0.187245,0.848973,0.576887,-1.023640,-0.314782,-1.767791,2.849042,-20.373235,32.262378,-4.477480,16.366624,1.000000
0.985120,-0.187399,0.856087,0.569015,-1.025175,-0.313161,-1.767791,2.851654,-20.372960,32.507725,-4.403650,16.538415,1.000000
0.989564,-0.187525,0.863139,0.561229,-1.026691,-0.311561,-1.767791,2.854200,-20.370538,32.750195,-4.329183,16.708839,1.000000
0.993916,-0.187623,0.870129,0.553533,-1.028187,-0.309981,-1.767791,2.856683,-20.366034,32.989758,-4.254134,16.877858,1.000000
0.998176,-0.187694,0.877055,0.545927,-1.029664,-0.308422,-1.767791,2.859105,-20.359514,33.226388,-4.178559,17.045432,1.000000
1.002345,-0.187739,0.883917,0.538415,-1.031120,-0.306883,-1.767791,2.861467,-20.351046,33.460060,-4.102509,17.211524,1.000000
1.006423,-0.187758,0.890713,0.530997,-1.032557,-0.305365,-1.767791,2.863773,-20.340696,33.690751,-4.026041,17.376096,1.000000
1.010413,-0.187751,0.897443,0.523675,-1.033974,-0.303868,-1.767791,2.866023,-20.328532,33.918440,-3.949207,17.539115,1.000000
1.014314,-0.187720,0.904104,0.516449,-1.035372,-0.302391,-1.767791,2.868220,-20.314623,34.143106,-3.872061,17.700544,1.000000
1.018127,-0.187665,0.910698,0.509322,-1.036750,-0.300935,-1.767791,2.870364,-20.299035,34.364734,-3.794654,17.860353,1.000000
1.021854,-0.187587,0.917221,0.502295,-1.038108,-0.299499,-1.767791,2.872458,-20.281838,34.583306,-3.717041,18.018508,1.000000
1.025496,-0.187487,0.923674,0.495367,-1.039446,-0.298084,-1.767791,2.874503,-20.263099,34.798808,-3.639271,18.174980,1.000000
1.029053,-0.187365,0.930055,0.488541,-1.040765,-0.296690,-1.767791,2.876500,-20.242885,35.011228,-3.561397,18.329739,1.000000
1.032526,-0.187221,0.936364,0.481817,-1.042064,-0.295316,-1.767791,2.878452,-20.221264,35.220555,-3.483468,18.482758,1.000000
1.035918,-0.187057,0.942600,0.475194,-1.043343,-0.293962,-1.767791,2.880358,-20.198304,35.426779,-3.405534,18.634009,1.000000
1.039228,-0.186874,0.948762,0.468675,-1.044603,-0.292630,-1.767791,2.882220,-20.174071,35.629893,-3.327645,18.783467,1.000000
1.042457,-0.186672,0.954848,0.462259,-1.045844,-0.291317,-1.767791,2.884040,-20.148632,35.829891,-3.249849,18.931108,1.000000
1.045608,-0.186451,0.960860,0.455946,-1.047065,-0.290025,-1.767791,2.885818,-20.122052,36.026767,-3.172193,19.076908,1.000000
1.048681,-0.186213,0.966794,0.449738,-1.048266,-0.288754,-1.767791,2.887556,-20.094396,36.220518,-3.094723,19.220845,1.000000
1.051677,-0.185959,0.972652,0.443633,-1.049449,-0.287502,-1.767791,2.889255,-20.065730,36.411143,-3.017485,19.362898,1.000000
1.054598,-0.185689,0.978432,0.437633,-1.050611,-0.286271,-1.767791,2.890915,-20.036117,36.598640,-2.940525,19.503048,1.000000
1.057445,-0.185403,0.984133,0.431736,-1.051755,-0.285061,-1.767791,2.892538,-20.005619,36.783010,-2.863885,19.641276,1.000000
1.060218,-0.185103,0.989756,0.425944,-1.052879,-0.283870,-1.767791,2.894123,-19.974300,36.964255,-2.787609,19.777564,1.000000
1.062919,-0.184790,0.995299,0.420255,-1.053984,-0.282700,-1.767791,2.895673,-19.942221,37.142379,-2.711739,19.911897,1.000000
1.065550,-0.184464,1.000761,0.414670,-1.055070,-0.281550,-1.767791,2.897188,-19.909442,37.317385,-2.636316,20.044259,1.000000
1.068111,-0.184126,1.006143,0.409189,-1.056137,-0.280420,-1.767791,2.898669,-19.876022,37.489279,-2.561379,20.174636,1.000000
1.070604,-0.183776,1.011444,0.403811,-1.057185,-0.279309,-1.767791,2.900116,-19.842021,37.658068,-2.486968,20.303015,1.000000
1.073030,-0.183416,1.016663,0.398536,-1.058214,-0.278219,-1.767791,2.901530,-19.807495,37.823758,-2.413120,20.429383,1.000000
1.075389,-0.183046,1.021800,0.393363,-1.059224,-0.277149,-1.767791,2.902912,-19.772500,37.986359,-2.339872,20.553731,1.000000
1.077685,-0.182667,1.026855,0.388292,-1.060215,-0.276098,-1.767791,2.904262,-19.737093,38.145881,-2.267260,20.676047,1.000000
1.079916,-0.182279,1.031827,0.383323,-1.061188,-0.275067,-1.767791,2.905581,-19.701327,38.302333,-2.195318,20.796324,1.000000
1.082085,-0.181884,1.036715,0.378455,-1.062142,-0.274056,-1.767791,2.906870,-19.665255,38.455728,-2.124080,20.914553,1.000000
1.084194,-0.181482,1.041521,0.373688,-1.063077,-0.273064,-1.767791,2.908129,-19.628929,38.606077,-2.053579,21.030727,1.000000
1.086242,-0.181074,1.046242,0.369021,-1.063994,-0.272092,-1.767791,2.909358,-19.592399,38.753394,-1.983845,21.144840,1.000000
1.088232,-0.180660,1.050880,0.364453,-1.064892,-0.271140,-1.767791,2.910559,-19.555714,38.897693,-1.914909,21.256888,1.000000
1.090163,-0.180241,1.055434,0.359983,-1.065773,-0.270206,-1.767791,2.911731,-19.518924,39.038989,-1.846800,21.366865,1.000000
1.092039,-0.179819,1.059903,0.355612,-1.066635,-0.269292,-1.767791,2.912875,-19.482073,39.177298,-1.779545,21.474770,1.000000
1.093859,-0.179392,1.064288,0.351338,-1.067478,-0.268397,-1.767791,2.913992,-19.445208,39.312635,-1.713173,21.580600,1.000000
1.095625,-0.178963,1.068588,0.347161,-1.068304,-0.267520,-1.767791,2.915081,-19.408373,39.445018,-1.647708,21.684353,1.000000
1.097339,-0.178532,1.072804,0.343080,-1.069112,-0.266663,-1.767791,2.916145,-19.371611,39.574465,-1.583175,21.786029,1.000000
1.099000,-0.178099,1.076935,0.339093,-1.069902,-0.265825,-1.767791,2.917181,-19.334963,39.700993,-1.519597,21.885628,1.000000
1.100610,-0.177665,1.080982,0.335202,-1.070675,-0.265005,-1.767791,2.918192,-19.298469,39.824623,-1.456997,21.983152,1.000000
1.102171,-0.177230,1.084944,0.331403,-1.071430,-0.264204,-1.767791,2.919178,-19.262168,39.945374,-1.395397,22.078603,1.000000
1.103683,-0.176796,1.088821,0.327698,-1.072167,-0.263421,-1.767791,2.920138,-19.226097,40.063265,-1.334815,22.171983,1.000000
1.105147,-0.176362,1.092614,0.324084,-1.072887,-0.262657,-1.767791,2.921074,-19.190293,40.178318,-1.275271,22.263296,1.000000
1.106565,-0.175930,1.096323,0.320562,-1.073590,-0.261911,-1.767791,2.921986,-19.154790,40.290555,-1.216783,22.352547,1.000000
1.108170,-0.175726,1.099969,0.316013,-1.074273,-0.261185,-1.767791,2.921986,-19.127679,40.404594,-1.163657,22.440571,1.000000
1.109495,-0.175295,1.103509,0.312682,-1.074942,-0.260475,-1.767791,2.922858,-19.092765,40.511218,-1.107264,22.525717,1.000000
1.111000,-0.175084,1.106988,0.308371,-1.075592,-0.259785,-1.767791,2.922858,-19.065940,40.619549,-1.056049,22.609658,1.000000
1.112456,-0.174870,1.110383,0.304176,-1.076225,-0.259113,-1.767791,2.922858,-19.039292,40.725064,-1.005802,22.691573,1.000000
1.113864,-0.174654,1.113696,0.300097,-1.076842,-0.258458,-1.767791,2.922858,-19.012857,40.827785,-0.956540,22.771468,1.000000
1.115225,-0.174436,1.116926,0.296132,-1.077443,-0.257820,-1.767791,2.922858,-18.986667,40.927737,-0.908279,22.849350,1.000000
1.116541,-0.174217,1.120075,0.292280,-1.078027,-0.257199,-1.767791,2.922858,-18.960751,41.024943,-0.861034,22.925226,1.000000
1.117812,-0.173997,1.123141,0.288539,-1.078595,-0.256596,-1.767791,2.922858,-18.935139,41.119428,-0.814816,22.999106,1.000000
1.119040,-0.173778,1.126125,0.284908,-1.079147,-0.256009,-1.767791,2.922858,-18.909860,41.211218,-0.769639,23.070997,1.000000
1.120224,-0.173558,1.129029,0.281386,-1.079684,-0.255440,-1.767791,2.922858,-18.884939,41.300338,-0.725512,23.140912,1.000000
1.121367,-0.173340,1.131851,0.277972,-1.080204,-0.254886,-1.767791,2.922858,-18.860401,41.386815,-0.682445,23.208859,1.000000
1.122470,-0.173123,1.134594,0.274664,-1.080709,-0.254349,-1.767791,2.922858,-18.836270,41.470675,-0.640447,23.274853,1.000000
1.123532,-0.172907,1.137256,0.271460,-1.081199,-0.253829,-1.767791,2.922858,-18.812567,41.551947,-0.599524,23.338904,1.000000
1.124555,-0.172693,1.139839,0.268360,-1.081674,-0.253325,-1.767791,2.922858,-18.789314,41.630658,-0.559683,23.401027,1.000000
1.125540,-0.172482,1.142343,0.265362,-1.082133,-0.252836,-1.767791,2.922858,-18.766530,41.706837,-0.520928,23.461235,1.000000
1.126488,-0.172273,1.144768,0.262464,-1.082578,-0.252364,-1.767791,2.922858,-18.744232,41.780513,-0.483263,23.519544,1.000000
1.127400,-0.172067,1.147116,0.259666,-1.083008,-0.251907,-1.767791,2.922858,-18.722437,41.851716,-0.446691,23.575970,1.000000
1.128276,-0.171865,1.149387,0.256966,-1.083423,-0.251465,-1.767791,2.922858,-18.701161,41.920476,-0.411213,23.630529,1.000000
1.129117,-0.171666,1.151581,0.254362,-1.083824,-0.251039,-1.767791,2.922858,-18.680416,41.986824,-0.376831,23.683239,1.000000
1.129925,-0.171471,1.153700,0.251853,-1.084211,-0.250628,-1.767791,2.922858,-18.660217,42.050792,-0.343542,23.734117,1.000000
1.130699,-0.171281,1.155743,0.249437,-1.084583,-0.250232,-1.767791,2.922858,-18.640573,42.112410,-0.311346,23.783183,1.000000
1.131441,-0.171094,1.157713,0.247114,-1.084942,-0.249851,-1.767791,2.922858,-18.621495,42.171712,-0.280240,23.830456,1.000000
1.132152,-0.170912,1.159609,0.244881,-1.085287,-0.249484,-1.767791,2.922858,-18.602991,42.228730,-0.250219,23.875958,1.000000
1.132831,-0.170735,1.161433,0.242738,-1.085619,-0.249132,-1.767791,2.922858,-18.585070,42.283499,-0.221280,23.919709,1.000000
1.133481,-0.170563,1.163185,0.240682,-1.085937,-0.248793,-1.767791,2.922858,-18.567737,42.336052,-0.193415,23.961731,1.000000
1.134101,-0.170395,1.164866,0.238713,-1.086242,-0.248469,-1.767791,2.922858,-18.550997,42.386424,-0.166620,24.002047,1.000000
1.134693,-0.170233,1.166477,0.236828,-1.086534,-0.248158,-1.767791,2.922858,-18.534855,42.434651,-0.140884,24.040681,1.000000
1.135257,-0.170076,1.168019,0.235027,-1.086814,-0.247861,-1.767791,2.922858,-18.519312,42.480768,-0.116200,24.077657,1.000000
1.135700,-0.170023,1.169085,0.233401,-1.098537,-0.224022,-1.779895,2.922858,-18.510526,42.513607,-0.100232,24.103313,1.000000
1.136211,-0.169877,1.170493,0.231761,-1.098783,-0.223760,-1.779895,2.922858,-18.496191,42.555654,-0.077611,24.137075,1.000000
1.136696,-0.169737,1.171837,0.230199,-1.099018,-0.223510,-1.779895,2.922858,-18.482456,42.595701,-0.056010,24.169255,1.000000
1.137156,-0.169603,1.173115,0.228714,-1.099242,-0.223272,-1.779895,2.922858,-18.469321,42.633786,-0.035416,24.199881,1.000000
1.137592,-0.169474,1.174330,0.227305,-1.099454,-0.223046,-1.779895,2.922858,-18.456783,42.669950,-0.015815,24.228982,1.000000
1.138004,-0.169351,1.175483,0.225970,-1.099655,-0.222831,-1.779895,2.922858,-18.444837,42.704233,0.002808,24.256587,1.000000
1.138393,-0.169233,1.176574,0.224706,-1.099846,-0.222628,-1.779895,2.922858,-18.433480,42.736674,0.020468,24.282725,1.000000
1.138759,-0.169122,1.177606,0.223513,-1.100026,-0.222437,-1.779895,2.922858,-18.422705,42.767314,0.037182,24.307428,1.000000
1.139104,-0.169016,1.178579,0.222389,-1.100196,-0.222256,-1.779895,2.922858,-18.412505,42.796197,0.052967,24.330726,1.000000
1.139427,-0.168915,1.179495,0.221332,-1.100355,-0.222086,-1.779895,2.922858,-18.402874,42.823365,0.067840,24.352651,1.000000
1.139730,-0.168821,1.180355,0.220340,-1.100505,-0.221927,-1.779895,2.922858,-18.393801,42.848862,0.081823,24.373238,1.000000
1.140013,-0.168731,1.181161,0.219412,-1.100645,-0.221777,-1.779895,2.922858,-18.385278,42.872731,0.094933,24.392520,1.000000
1.140277,-0.168648,1.181914,0.218545,-1.100777,-0.221638,-1.779895,2.922858,-18.377294,42.895018,0.107192,24.410532,1.000000
1.140522,-0.168569,1.182615,0.217738,-1.100899,-0.221508,-1.779895,2.922858,-18.369838,42.915769,0.118622,24.427309,1.000000
1.140749,-0.168496,1.183266,0.216990,-1.101012,-0.221387,-1.779895,2.922858,-18.362898,42.935031,0.129245,24.442888,1.000000
1.140959,-0.168429,1.183869,0.216297,-1.101117,-0.221275,-1.779895,2.922858,-18.356460,42.952851,0.139085,24.457306,1.000000
1.141152,-0.168366,1.184424,0.215659,-1.101213,-0.221172,-1.779895,2.922858,-18.350512,42.969278,0.148165,24.470600,1.000000
1.141329,-0.168308,1.184935,0.215073,-1.101302,-0.221078,-1.779895,2.922858,-18.345038,42.984361,0.156511,24.482811,1.000000
1.141456,-0.168222,1.185396,0.214703,-1.101383,-0.220991,-1.779895,2.922989,-18.338886,42.997359,0.164712,24.493761,1.000000
1.141603,-0.168174,1.185821,0.214215,-1.101457,-0.220913,-1.779895,2.922989,-18.334316,43.009905,0.171666,24.503924,1.000000
1.141736,-0.168130,1.186206,0.213774,-1.101524,-0.220841,-1.779895,2.922989,-18.330172,43.021262,0.177965,24.513124,1.000000
1.141855,-0.168090,1.186552,0.213377,-1.101584,-0.220777,-1.779895,2.922989,-18.326438,43.031481,0.183638,24.521405,1.000000
1.141962,-0.168055,1.186861,0.213022,-1.101638,-0.220720,-1.779895,2.922989,-18.323095,43.040617,0.188712,24.528809,1.000000
1.142057,-0.168023,1.187136,0.212708,-1.101686,-0.220669,-1.779895,2.922989,-18.320125,43.048724,0.193218,24.535382,1.000000
1.142140,-0.167995,1.187378,0.212431,-1.101728,-0.220624,-1.779895,2.922989,-18.317508,43.055860,0.197186,24.541167,1.000000
1.142213,-0.167971,1.187589,0.212189,-1.101764,-0.220585,-1.779895,2.922989,-18.315224,43.062080,0.200646,24.546210,1.000000
1.142275,-0.167950,1.187771,0.211981,-1.101796,-0.220552,-1.779895,2.922989,-18.313253,43.067444,0.203630,24.550560,1.000000
1.142329,-0.167932,1.187926,0.211804,-1.101823,-0.220523,-1.779895,2.922989,-18.311575,43.072009,0.206172,24.554262,1.000000
1.142373,-0.167917,1.188056,0.211655,-1.101845,-0.220499,-1.779895,2.922989,-18.310167,43.075837,0.208303,24.557367,1.000000
1.142410,-0.167905,1.188163,0.211533,-1.101864,-0.220479,-1.779895,2.922989,-18.309006,43.078989,0.210059,24.559924,1.000000
1.142439,-0.167895,1.188249,0.211434,-1.101879,-0.220463,-1.779895,2.922989,-18.308072,43.081527,0.211472,24.561982,1.000000
1.142463,-0.167887,1.188316,0.211357,-1.101891,-0.220451,-1.779895,2.922989,-18.307340,43.083514,0.212580,24.563595,1.000000
1.142480,-0.167881,1.188367,0.211299,-1.101899,-0.220442,-1.779895,2.922989,-18.306786,43.085016,0.213417,24.564813,1.000000
1.142490,-0.167874,1.188404,0.211270,-1.101906,-0.220435,-1.779895,2.922999,-18.306298,43.086036,0.214064,24.565674,1.000000
1.142498,-0.167871,1.188428,0.211242,-1.101910,-0.220430,-1.779895,2.922999,-18.306029,43.086765,0.214471,24.566266,1.000000
1.142504,-0.167869,1.188443,0.211224,-1.101913,-0.220427,-1.779895,2.922999,-18.305865,43.087210,0.214719,24.566627,1.000000
1.142506,-0.167869,1.188449,0.211216,-1.101971,-0.220308,-1.779956,2.922999,-18.305809,43.087391,0.214812,24.566770,1.000000
1.142507,-0.167869,1.188452,0.211213,-1.101993,-0.220264,-1.779979,2.922999,-18.305788,43.087458,0.214847,24.566823,1.000000
1.142507,-0.167869,1.188452,0.211212,-1.101996,-0.220258,-1.779982,2.922999,-18.305784,43.087467,0.214852,24.566831,1.000000
1.142504,-0.167872,1.188439,0.211215,-1.102048,-0.220527,-1.779661,2.922999,-18.305992,43.087112,0.214600,24.566520,1.000000
1.142486,-0.167894,1.188352,0.211233,-1.102392,-0.222309,-1.777536,2.922999,-18.307368,43.084767,0.212933,24.564467,1.000000
1.142441,-0.167950,1.188132,0.211278,-1.103262,-0.226837,-1.772139,2.922999,-18.310837,43.078854,0.208729,24.559289,1.000000
1.142360,-0.168049,1.187741,0.211359,-1.104834,-0.235064,-1.762345,2.922999,-18.317018,43.068316,0.201237,24.550060,1.000000
1.142240,-0.168196,1.187161,0.211479,-1.107223,-0.247670,-1.747356,2.922999,-18.326174,43.052703,0.190139,24.536389,1.000000
1.142083,-0.168388,1.186401,0.211637,-1.110516,-0.265042,-1.726700,2.922999,-18.338180,43.032223,0.175585,24.518458,1.000000
1.141895,-0.168619,1.185491,0.211826,-1.114811,-0.287214,-1.700242,2.922999,-18.352552,43.007699,0.158160,24.496987,1.000000
1.141731,-0.168819,1.184703,0.211989,-1.114811,-0.324964,-1.662501,2.922999,-18.364986,42.986469,0.143081,24.478402,1.000000
1.141583,-0.169001,1.183985,0.212138,-1.114811,-0.369175,-1.618298,2.922999,-18.376308,42.967129,0.129348,24.461473,1.000000
1.141471,-0.169138,1.183445,0.212251,-1.114811,-0.419375,-1.568105,2.922999,-18.384836,42.952556,0.119002,24.448718,1.000000
1.141418,-0.169202,1.183192,0.212303,-1.114811,-0.474967,-1.512517,2.922999,-18.388819,42.945748,0.114170,24.442760,1.000000
1.141448,-0.169166,1.183335,0.212274,-1.114811,-0.535276,-1.452209,2.922999,-18.386570,42.949592,0.116898,24.446124,1.000000
1.141579,-0.169005,1.183968,0.212142,-1.114811,-0.599581,-1.387900,2.922999,-18.376582,42.966667,0.129017,24.461067,1.000000
1.141828,-0.168701,1.185170,0.211892,-1.114811,-0.667136,-1.320334,2.922999,-18.357625,42.999062,0.152016,24.489422,1.000000
1.142207,-0.168239,1.186995,0.211513,-1.114811,-0.737184,-1.250271,2.922999,-18.328825,43.048244,0.186945,24.532474,1.000000
1.142719,-0.167612,1.189471,0.211000,-1.114811,-0.808953,-1.178479,2.922999,-18.289727,43.114941,0.234343,24.590872,1.000000
1.143363,-0.166822,1.192596,0.210354,-1.114811,-0.881655,-1.105749,2.922999,-18.240343,43.199067,0.294174,24.664550,1.000000
1.144132,-0.165877,1.196334,0.209584,-1.114811,-0.954467,-1.032902,2.922999,-18.181189,43.299658,0.365789,24.752680,1.000000
1.145009,-0.164794,1.200617,0.208705,-1.114811,-1.026520,-0.960810,2.922999,-18.113315,43.414836,0.447888,24.853632,1.000000
1.146078,-0.163698,1.205360,0.207231,-1.114811,-1.096875,-0.890411,2.922594,-18.041656,43.544137,0.536865,24.965616,1.000000
1.147205,-0.162528,1.210407,0.205672,-1.114811,-1.164510,-0.822730,2.922163,-17.965091,43.681541,0.631707,25.084743,1.000000
1.148352,-0.161323,1.215589,0.204083,-1.114811,-1.228305,-0.758886,2.921722,-17.886168,43.822369,0.729227,25.206974,1.000000
1.149475,-0.160130,1.220706,0.202526,-1.114811,-1.287059,-0.700086,2.921288,-17.807893,43.961227,0.825702,25.327632,1.000000
1.150527,-0.158998,1.225542,0.201064,-1.114811,-1.339525,-0.647575,2.920878,-17.733596,44.092276,0.917048,25.441631,1.000000
1.151462,-0.157980,1.229882,0.199762,-1.114811,-1.384508,-0.602553,2.920512,-17.666679,44.209676,0.999132,25.543866,1.000000
1.152243,-0.157122,1.233530,0.198675,-1.114811,-1.421014,-0.566014,2.920205,-17.610227,44.308241,1.068234,25.629780,1.000000
1.152841,-0.156457,1.236346,0.197840,-1.114811,-1.448467,-0.538535,2.919969,-17.566518,44.384251,1.121647,25.696086,1.000000
1.153249,-0.156001,1.238276,0.197270,-1.114811,-1.466936,-0.520049,2.919807,-17.536499,44.436294,1.158282,25.741512,1.000000
1.153481,-0.155741,1.239374,0.196946,-1.114811,-1.477324,-0.509651,2.919716,-17.519388,44.465897,1.179146,25.767364,1.000000
1.153482,-0.155740,1.239377,0.196946,-1.116607,-1.476623,-0.508556,2.919715,-17.519338,44.465983,1.179207,25.767439,1.000000
1.153482,-0.155740,1.239378,0.196945,-1.116879,-1.476516,-0.508391,2.919715,-17.519330,44.465997,1.179216,25.767450,1.000000
1.153482,-0.155740,1.239378,0.196945,-1.116879,-1.476516,-0.508391,2.919715,-17.519330,44.465997,1.179216,25.767450,0.000000
1.153482,-0.155740,1.239378,0.196945,-1.116879,-1.476516,-0.508391,2.919715,-17.519330,44.465997,1.179216,25.767450,0.000000
1.153482,-0.155740,1.239378,0.196945,-1.116879,-1.476516,-0.508391,2.919715,-17.519330,44.465997,1.179216,25.767450,0.000000
1.153482,-0.155740,1.239378,0.196945,-1.116879,-1.476516,-0.508391,2.919715,-17.519330,44.465997,1.179216,25.767450,0.000000
1.153482,-0.155740,1.239378,0.196945,-1.116879,-1.476516,-0.508391,2.919715,-17.519330,44.465997,1.179216,25.767450,0.000000
1.153482,-0.155740,1.239378,0.196945,-1.116879,-1.476516,-0.508391,2.919715,-17.519330,44.465997,1.179216,25.767450,0.000000
1.153482,-0.155740,1.239378,0.196945,-1.116879,-1.476516,-0.508391,2.919715,-17.519330,44.465997,1.179216,25.767450,0.000000
1.153482,-0.155740,1.239378,0.196945,-1.116879,-1.476516,-0.508391,2.919715,-17.519330,44.465997,1.179216,25.767450,0.000000
1.153482,-0.155740,1.239378,0.196945,-1.116879,-1.476516,-0.508391,2.919715,-17.519330,44.465997,1.179216,25.767450,0.000000
1.153482,-0.155740,1.239378,0.196945,-1.116879,-1.476516,-0.508391,2.919715,-17.519330,44.465997,1.179216,25.767450,0.000000
1.153482,-0.155740,1.239378,0.196945,-1.116879,-1.476516,-0.508391,2.919715,-17.519330,44.465997,1.179216,25.767450,0.000000
1.153482,-0.155740,1.239378,0.196945,-1.116879,-1.476516,-0.508391,2.919715,-17.519330,44.465997,1.179216,25.767450,0.000000
1.153482,-0.155740,1.239378,0.196945,-1.116879,-1.476516,-0.508391,2.919715,-17.519330,44.465997,1.179216,25.767450,0.000000
1.153482,-0.155740,1.239378,0.196945,-1.116879,-1.476516,-0.508391,2.919715,-17.519330,44.465997,1.179216,25.767450,0.000000
1.153482,-0.155740,1.239378,0.196945,-1.116879,-1.476516,-0.508391,2.919715,-17.519330,44.465997,1.179216,25.767450,0.000000
1.153482,-0.155740,1.239378,0.196945,-1.116879,-1.476516,-0.508391,2.919715,-17.519330,44.465997,1.179216,25.767450,0.000000
1.153482,-0.155740,1.239378,0.196945,-1.116879,-1.476516,-0.508391,2.919715,-17.519330,44.465997,1.179216,25.767450,0.000000
1.153482,-0.155740,1.239378,0.196945,-1.116879,-1.476516,-0.508391,2.919715,-17.519330,44.465997,1.179216,25.767450,0.000000
1.153482,-0.155740,1.239378,0.196945,-1.116879,-1.476516,-0.508391,2.919715,-17.519330,44.465997,1.179216,25.767450,0.000000
1.153482,-0.155740,1.239378,0.196945,-1.116879,-1.476516,-0.508391,2.919715,-17.519330,44.465997,1.179216,25.767450,0.000000
1.153482,-0.155740,1.239378,0.196945,-1.116879,-1.476516,-0.508391,2.919715,-17.519330,44.465997,1.179216,25.767450,0.000000
1.153482,-0.155740,1.239378,0.196945,-1.116879,-1.476516,-0.508391,2.919715,-17.519330,44.465997,1.179216,25.767450,0.000000
1.153482,-0.155740,1.239378,0.196945,-1.116879,-1.476516,-0.508391,2.919715,-17.519330,44.465997,1.179216,25.767450,0.000000
1.153482,-0.155740,1.239378,0.196945,-1.116879,-1.476516,-0.508391,2.919715,-17.519330,44.465997,1.179216,25.767450,0.000000
1.153482,-0.155740,1.239378,0.196945,-1.116879,-1.476516,-0.508391,2.919715,-17.519330,44.465997,1.179216,25.767450,0.000000
1.153482,-0.155740,1.239378,0.196945,-1.116879,-1.476516,-0.508391,2.919715,-17.519330,44.465997,1.179216,25.767450,0.000000
1.153482,-0.155740,1.239378,0.196945,-1.116879,-1.476516,-0.508391,2.919715,-17.519330,44.465997,1.179216,25.767450,0.000000
1.153482,-0.155740,1.239378,0.196945,-1.116879,-1.476516,-0.508391,2.919715,-17.519330,44.465997,1.179216,25.767450,0.000000
1.153482,-0.155740,1.239378,0.196945,-1.116879,-1.476516,-0.508391,2.919715,-17.519330,44.465997,1.179216,25.767450,0.000000
1.153482,-0.155740,1.239378,0.196945,-1.116879,-1.476516,-0.508391,2.919715,-17.519330,44.465997,1.179216,25.767450,0.000000
1.153482,-0.155740,1.239378,0.196945,-1.116879,-1.476516,-0.508391,2.919715,-17.519330,44.465997,1.179216,25.767450,0.000000
1.153482,-0.155740,1.239378,0.196945,-1.116879,-1.476516,-0.508391,2.919715,-17.519330,44.465997,1.179216,25.767450,0.000000
1.153482,-0.155740,1.239378,0.196945,-1.116879,-1.476516,-0.508391,2.919715,-17.519330,44.465997,1.179216,25.767450,0.000000
1.153482,-0.155740,1.239378,0.196945,-1.116879,-1.476516,-0.508391,2.919715,-17.519330,44.465997,1.179216,25.767450,0.000000
1.153482,-0.155740,1.239378,0.196945,-1.116879,-1.476516,-0.508391,2.919715,-17.519330,44.465997,1.179216,25.767450,0.000000
1.153482,-0.155740,1.239378,0.196945,-1.116879,-1.476516,-0.508391,2.919715,-17.519330,44.465997,1.179216,25.767450,0.000000
1.153482,-0.155740,1.239378,0.196945,-1.116879,-1.476516,-0.508391,2.919715,-17.519330,44.465997,1.179216,25.767450,0.000000
1.153482,-0.155740,1.239378,0.196945,-1.116879,-1.476516,-0.508391,2.919715,-17.519330,44.465997,1.179216,25.767450,0.000000
1.153482,-0.155740,1.239378,0.196945,-1.116879,-1.476516,-0.508391,2.919715,-17.519330,44.465997,1.179216,25.767450,0.000000
1.153482,-0.155740,1.239378,0.196945,-1.116879,-1.476516,-0.508391,2.919715,-17.519330,44.465997,1.179216,25.767450,0.000000
1.153482,-0.155740,1.239378,0.196945,-1.116879,-1.476516,-0.508391,2.919715,-17.519330,44.465997,1.179216,25.767450,0.000000
1.153482,-0.155740,1.239378,0.196945,-1.116879,-1.476516,-0.508391,2.919715,-17.519330,44.465997,1.179216,25.767450,0.000000
1.153482,-0.155740,1.239378,0.196945,-1.116879,-1.476516,-0.508391,2.919715,-17.519330,44.465997,1.179216,25.767450,0.000000
1.153482,-0.155740,1.239378,0.196945,-1.116879,-1.476516,-0.508391,2.919715,-17.519330,44.465997,1.179216,25.767450,0.000000
1.153482,-0.155740,1.239378,0.196945,-1.116879,-1.476516,-0.508391,2.919715,-17.519330,44.465997,1.179216,25.767450,0.000000
1.153482,-0.155740,1.239378,0.196945,-1.116879,-1.476516,-0.508391,2.919715,-17.519330,44.465997,1.179216,25.767450,0.000000
1.153482,-0.155740,1.239378,0.196945,-1.116879,-1.476516,-0.508391,2.919715,-17.519330,44.465997,1.179216,25.767450,0.000000
1.153482,-0.155740,1.239378,0.196945,-1.116879,-1.476516,-0.508391,2.919715,-17.519330,44.465997,1.179216,25.767450,0.000000
1.153482,-0.155740,1.239378,0.196945,-1.116879,-1.476516,-0.508391,2.919715,-17.519330,44.465997,1.179216,25.767450,0.000000
1.153482,-0.155740,1.239378,0.196945,-1.116879,-1.476516,-0.508391,2.919715,-17.519330,44.465997,1.179216,25.767450,0.000000
1.153482,-0.155740,1.239378,0.196945,-1.116879,-1.476516,-0.508391,2.919715,-17.519330,44.465997,1.179216,25.767450,0.000000
1.153482,-0.155740,1.239378,0.196945,-1.116879,-1.476516,-0.508391,2.919715,-17.519330,44.465997,1.179216,25.767450,0.000000
1.153482,-0.155740,1.239378,0.196945,-1.116879,-1.476516,-0.508391,2.919715,-17.519330,44.465997,1.179216,25.767450,0.000000
1.153482,-0.155740,1.239378,0.196945,-1.116879,-1.476516,-0.508391,2.919715,-17.519330,44.465997,1.179216,25.767450,0.000000
1.153482,-0.155740,1.239378,0.196945,-1.116879,-1.476516,-0.508391,2.919715,-17.519330,44.465997,1.179216,25.767450,0.000000
1.153482,-0.155740,1.239378,0.196945,-1.116879,-1.476516,-0.508391,2.919715,-17.519330,44.465997,1.179216,25.767450,0.000000
1.153482,-0.155740,1.239378,0.196945,-1.116879,-1.476516,-0.508391,2.919715,-17.519330,44.465997,1.179216,25.767450,0.000000
1.153482,-0.155740,1.239378,0.196945,-1.116879,-1.476516,-0.508391,2.919715,-17.519330,44.465997,1.179216,25.767450,0.000000
1.153482,-0.155740,1.239378,0.196945,-1.116879,-1.476516,-0.508391,2.919715,-17.519330,44.465997,1.179216,25.767450,0.000000
1.153482,-0.155740,1.239378,0.196945,-1.116879,-1.476516,-0.508391,2.919715,-17.519330,44.465997,1.179216,25.767450,0.000000
1.153482,-0.155740,1.239378,0.196945,-1.116879,-1.476516,-0.508391,2.919715,-17.519330,44.465997,1.179216,25.767450,0.000000
1.153482,-0.155740,1.239378,0.196945,-1.116879,-1.476516,-0.508391,2.919715,-17.519330,44.465997,1.179216,25.767450,0.000000
1.153482,-0.155740,1.239377,0.196946,-1.116607,-1.476623,-0.508556,2.919715,-17.519338,44.465983,1.179207,25.767439,0.000000
1.153481,-0.155741,1.239374,0.196946,-1.114810,-1.477329,-0.509647,2.919716,-17.519388,44.465896,1.179146,25.767363,0.000000
1.153479,-0.155743,1.239366,0.196949,-1.110249,-1.479111,-0.512427,2.919716,-17.519515,44.465678,1.178991,25.767172,0.000000
1.153476,-0.155746,1.239352,0.196953,-1.101983,-1.482287,-0.517517,2.919717,-17.519739,44.465291,1.178719,25.766834,0.000000
1.153472,-0.155751,1.239331,0.196959,-1.089360,-1.486997,-0.525429,2.919719,-17.520065,44.464727,1.178321,25.766341,0.000000
1.153466,-0.155757,1.239304,0.196967,-1.072004,-1.493173,-0.536609,2.919721,-17.520481,44.464008,1.177814,25.765713,0.000000
1.153460,-0.155765,1.239273,0.196976,-1.049797,-1.500542,-0.551448,2.919724,-17.520957,44.463186,1.177234,25.764995,0.000000
1.153453,-0.155772,1.239242,0.196985,-1.022864,-1.508635,-0.570288,2.919727,-17.521445,44.462342,1.176639,25.764258,0.000000
1.153447,-0.155779,1.239214,0.196994,-0.991551,-1.516821,-0.593414,2.919729,-17.521887,44.461578,1.176100,25.763591,0.000000
1.153443,-0.155784,1.239193,0.197000,-0.956405,-1.524357,-0.621024,2.919731,-17.522217,44.461008,1.175698,25.763093,0.000000
1.153441,-0.155786,1.239183,0.197003,-0.918140,-1.530445,-0.653199,2.919732,-17.522369,44.460746,1.175513,25.762864,0.000000
1.153442,-0.155785,1.239188,0.197001,-0.877612,-1.534301,-0.689870,2.919731,-17.522282,44.460896,1.175619,25.762995,0.000000
1.153447,-0.155779,1.239213,0.196994,-0.835777,-1.535222,-0.730783,2.919729,-17.521905,44.461547,1.176078,25.763564,0.000000
1.153456,-0.155768,1.239258,0.196981,-0.793643,-1.532648,-0.775489,2.919725,-17.521203,44.462761,1.176934,25.764624,0.000000
1.153471,-0.155753,1.239325,0.196961,-0.752221,-1.526218,-0.823340,2.919720,-17.520155,44.464571,1.178211,25.766205,0.000000
1.153489,-0.155731,1.239414,0.196935,-0.712463,-1.515806,-0.873507,2.919712,-17.518761,44.466980,1.179910,25.768309,0.000000
1.153513,-0.155705,1.239525,0.196902,-0.675209,-1.501548,-0.925017,2.919703,-17.517037,44.469958,1.182010,25.770910,0.000000
1.153540,-0.155674,1.239654,0.196864,-0.641138,-1.483830,-0.976803,2.919692,-17.515019,44.473442,1.184469,25.773954,0.000000
1.153570,-0.155640,1.239799,0.196822,-0.610732,-1.463280,-1.027757,2.919680,-17.512761,44.477342,1.187220,25.777361,0.000000
1.153603,-0.155603,1.239955,0.196776,-0.584264,-1.440716,-1.076786,2.919667,-17.510332,44.481536,1.190180,25.781025,0.000000
1.153637,-0.155565,1.240116,0.196729,-0.561803,-1.417100,-1.122860,2.919654,-17.507814,44.485882,1.193246,25.784821,0.000000
1.153671,-0.155527,1.240277,0.196681,-0.543236,-1.393465,-1.165058,2.919640,-17.505302,44.490217,1.196306,25.788609,0.000000
1.153703,-0.155490,1.240431,0.196636,-0.528309,-1.370848,-1.202601,2.919627,-17.502894,44.494373,1.199239,25.792239,0.000000
1.153733,-0.155457,1.240573,0.196595,-0.516663,-1.350205,-1.234887,2.919615,-17.500686,44.498182,1.201928,25.795568,0.000000
1.153759,-0.155427,1.240696,0.196558,-0.507886,-1.332339,-1.261528,2.919605,-17.498763,44.501499,1.204270,25.798466,0.000000
1.153780,-0.155403,1.240796,0.196529,-0.501549,-1.317827,-1.282376,2.919597,-17.497191,44.504210,1.206184,25.800835,0.000000
1.153796,-0.155385,1.240872,0.196507,-0.497233,-1.306955,-1.297562,2.919590,-17.496007,44.506252,1.207626,25.802619,0.000000
1.153806,-0.155373,1.240923,0.196492,-0.494544,-1.299682,-1.307523,2.919586,-17.495210,44.507625,1.208596,25.803819,0.000000
1.153812,-0.155366,1.240952,0.196483,-0.493110,-1.295611,-1.313028,2.919584,-17.494763,44.508396,1.209140,25.804492,0.000000
1.153815,-0.155364,1.240963,0.196480,-0.492555,-1.293995,-1.315199,2.919583,-17.494585,44.508702,1.209357,25.804760,0.000000
1.153815,-0.155363,1.240965,0.196480,-0.492472,-1.293749,-1.315528,2.919583,-17.494558,44.508749,1.209390,25.804801,0.000000
