0.000000,0.000000,1.000000,0.000000,1.000000,0.000000,-1.000000,0.000000,0.000000,0.000000,0.000000,0.500000,0.000000
0.000000,0.000000,1.000000,0.000000,1.000000,0.000000,-1.000000,0.000000,0.000000,0.000001,0.000000,0.500000,0.000000
0.000000,0.000000,1.000000,0.000000,1.000000,0.000000,-1.000000,0.000000,0.000000,0.000008,0.000000,0.499997,0.000000
0.000000,0.000000,1.000000,0.000000,1.000000,0.000000,-1.000000,0.000000,0.000000,0.000028,0.000000,0.499991,0.000000
0.000000,0.000000,1.000000,0.000000,1.000000,0.000000,-1.000000,0.000000,0.000000,0.000066,0.000000,0.499978,0.000000
0.000000,0.000000,1.000000,0.000000,1.000000,0.000000,-1.000000,0.000000,0.000000,0.000128,0.000000,0.499958,0.000000
0.000000,0.000000,1.000000,0.000000,1.000000,0.000000,-1.000000,0.000000,0.000000,0.000220,0.000000,0.499928,0.000000
0.000000,0.000000,1.000000,0.000000,1.000000,0.000000,-1.000000,0.000000,0.000000,0.000347,0.000000,0.499887,0.000000
0.000000,0.000000,1.000000,0.000000,1.000000,0.000000,-1.000000,0.000000,0.000000,0.000515,0.000000,0.499833,0.000000
0.000000,0.000000,1.000000,0.000000,1.000000,0.000000,-1.000000,0.000000,0.000000,0.000727,0.000000,0.499764,0.000000
0.000000,0.000000,1.000000,0.000000,1.000000,0.000000,-1.000000,0.000000,0.000000,0.000990,0.000000,0.499678,0.000000
0.000000,0.000000,1.000000,0.000000,1.000000,0.000000,-1.000000,0.000000,0.000000,0.001308,0.000000,0.499575,0.000000
0.000000,0.000000,1.000000,0.000000,1.000000,0.000000,-1.000000,0.000000,0.000000,0.001686,0.000000,0.499452,0.000000
0.000000,0.000000,1.000000,0.000000,1.000000,0.000000,-1.000000,0.000000,0.000000,0.002128,0.000000,0.499308,0.000000
0.000000,0.000000,1.000000,0.000000,1.000000,0.000000,-1.000000,0.000000,0.000000,0.002638,0.000000,0.499143,0.000000
0.000000,0.000000,1.000000,0.000000,1.000000,0.000000,-1.000000,0.000000,0.000000,0.003221,0.000000,0.498953,0.000000
0.000000,0.000000,1.000000,0.000000,1.000000,0.000000,-1.000000,0.000000,0.000000,0.003879,0.000000,0.498739,0.000000
0.000000,0.000000,1.000000,0.000000,1.000000,0.000000,-1.000000,0.000000,0.000000,0.004618,0.000000,0.498499,0.000000
0.000000,0.000000,1.000000,0.000000,1.000000,0.000000,-1.000000,0.000000,0.000000,0.005441,0.000000,0.498232,0.000000
0.000000,0.000000,1.000000,0.000000,1.000000,0.000000,-1.000000,0.000000,0.000000,0.006351,0.000000,0.497936,0.000000
0.000000,0.000000,1.000000,0.000000,1.000000,0.000000,-1.000000,0.000000,0.000000,0.007351,0.000000,0.497611,0.000000
0.000000,0.000000,1.000000,0.000000,1.000000,0.000000,-1.000000,0.000000,0.000000,0.008445,0.000000,0.497255,0.000000
0.000000,0.000000,1.000000,0.000000,1.000000,0.000000,-1.000000,0.000000,0.000000,0.009636,0.000000,0.496868,0.000000
0.000000,0.000000,1.000000,0.000000,1.000000,0.000000,-1.000000,0.000000,0.000000,0.010927,0.000000,0.496449,0.000000
0.000000,0.000000,1.000000,0.000000,1.000000,0.000000,-1.000000,0.000000,0.000000,0.012319,0.000000,0.495996,0.000000
0.000000,0.000000,1.000000,0.000000,1.000000,0.000000,-1.000000,0.000000,0.000000,0.013817,0.000000,0.495509,0.000000
0.000000,0.000000,1.000000,0.000000,1.000000,0.000000,-1.000000,0.000000,0.000000,0.015422,0.000000,0.494988,0.000000
0.000000,0.000000,1.000000,0.000000,1.000000,0.000000,-1.000000,0.000000,0.000000,0.017137,0.000000,0.494430,0.000000
0.000000,0.000000,1.000000,0.000000,1.000000,0.000000,-1.000000,0.000000,0.000000,0.018964,0.000000,0.493837,0.000000
0.000000,0.000000,1.000000,0.000000,1.000000,0.000000,-1.000000,0.000000,0.000000,0.020904,0.000000,0.493206,0.000000
0.000000,0.000000,1.000000,0.000000,1.000000,0.000000,-1.000000,0.000000,0.000000,0.022961,0.000000,0.492538,0.000000
0.000000,0.000000,1.000000,0.000000,1.000000,0.000000,-1.000000,0.000000,0.000000,0.025135,0.000000,0.491831,0.000000
0.000000,0.000000,1.000000,0.000000,1.000000,0.000000,-1.000000,0.000000,0.000000,0.027428,0.000000,0.491086,0.000000
0.000000,0.000000,1.000000,0.000000,1.000000,0.000000,-1.000000,0.000000,0.000000,0.029842,0.000000,0.490301,0.000000
0.000000,0.000000,1.000000,0.000000,1.000000,0.000000,-1.000000,0.000000,0.000000,0.032379,0.000000,0.489477,0.000000
0.000000,0.000000,1.000000,0.000000,1.000000,0.000000,-1.000000,0.000000,0.000000,0.035038,0.000000,0.488613,0.000000
0.000000,0.000000,1.000000,0.000000,1.000000,0.000000,-1.000000,0.000000,0.000000,0.037823,0.000000,0.487708,0.000000
0.000000,0.000000,1.000000,0.000000,1.000000,0.000000,-1.000000,0.000000,0.000000,0.040733,0.000000,0.486762,0.000000
0.000000,0.000000,1.000000,0.000000,1.000000,0.000000,-1.000000,0.000000,0.000000,0.043769,0.000000,0.485775,0.000000
0.000000,0.000000,1.000000,0.000000,1.000000,0.000000,-1.000000,0.000000,0.000000,0.046933,0.000000,0.484747,0.000000
0.000000,0.000000,1.000000,0.000000,1.000000,0.000000,-1.000000,0.000000,0.000000,0.050225,0.000000,0.483677,0.000000
0.000000,0.000000,1.000000,0.000000,1.000000,0.000000,-1.000000,0.000000,0.000000,0.053645,0.000000,0.482565,0.000000
0.000000,0.000000,1.000000,0.000000,1.000000,0.000000,-1.000000,0.000000,0.000000,0.057195,0.000000,0.481412,0.000000
0.000000,0.000000,1.000000,0.000000,1.000000,0.000000,-1.000000,0.000000,0.000000,0.060873,0.000000,0.480216,0.000000
0.000000,0.000000,1.000000,0.000000,1.000000,0.000000,-1.000000,0.000000,0.000000,0.064681,0.000000,0.478979,0.000000
0.000000,0.000000,1.000000,0.000000,1.000000,0.000000,-1.000000,0.000000,0.000000,0.068619,0.000000,0.477699,0.000000
0.000000,0.000000,1.000000,0.000000,1.000000,0.000000,-1.000000,0.000000,0.000000,0.072687,0.000000,0.476377,0.000000
0.000000,0.000000,1.000000,0.000000,1.000000,0.000000,-1.000000,0.000000,0.000000,0.076884,0.000000,0.475013,0.000000
0.000000,0.000000,1.000000,0.000000,1.000000,0.000000,-1.000000,0.000000,0.000000,0.081210,0.000000,0.473607,0.000000
0.000000,0.000000,1.000000,0.000000,1.000000,0.000000,-1.000000,0.000000,0.000000,0.085666,0.000000,0.472159,0.000000
0.000000,0.000000,1.000000,0.000000,1.000000,0.000000,-1.000000,0.000000,0.000000,0.090250,0.000000,0.470669,0.000000
0.000000,0.000000,1.000000,0.000000,1.000000,0.000000,-1.000000,0.000000,0.000000,0.094962,0.000000,0.469137,0.000000
0.000000,0.000000,1.000000,0.000000,1.000000,0.000000,-1.000000,0.000000,0.000000,0.099802,0.000000,0.467564,0.000000
0.000000,0.000000,1.000000,0.000000,1.000000,0.000000,-1.000000,0.000000,0.000000,0.104769,0.000000,0.465950,0.000000
0.000000,0.000000,1.000000,0.000000,1.000000,0.000000,-1.000000,0.000000,0.000000,0.109862,0.000000,0.464295,0.000000
0.000000,0.000000,1.000000,0.000000,1.000000,0.000000,-1.000000,0.000000,0.000000,0.115080,0.000000,0.462599,0.000000
0.000000,0.000000,1.000000,0.000000,1.000000,0.000000,-1.000000,0.000000,0.000000,0.120423,0.000000,0.460862,0.000000
0.000000,0.000000,1.000000,0.000000,1.000000,0.000000,-1.000000,0.000000,0.000000,0.125889,0.000000,0.459086,0.000000
0.000000,0.000000,1.000000,0.000000,1.000000,0.000000,-1.000000,0.000000,0.000000,0.131477,0.000000,0.457270,0.000000
0.000000,0.000000,1.000000,0.000000,1.000000,0.000000,-1.000000,0.000000,0.000000,0.137186,0.000000,0.455415,0.000000
0.000000,0.000000,1.000000,0.000000,1.000000,0.000000,-1.000000,0.000000,0.000000,0.143015,0.000000,0.453520,0.000000
0.000000,0.000000,1.000000,0.000000,1.000000,0.000000,-1.000000,0.000000,0.000000,0.148961,0.000000,0.451588,0.000000
0.000000,0.000000,1.000000,0.000000,1.000000,0.000000,-1.000000,0.000000,0.000000,0.155025,0.000000,0.449617,0.000000
0.000000,0.000000,1.000000,0.000000,1.000000,0.000000,-1.000000,0.000000,0.000000,0.161204,0.000000,0.447609,0.000000
0.000000,0.000000,1.000000,0.000000,1.000000,0.000000,-1.000000,0.000000,0.000000,0.167497,0.000000,0.445564,0.000000
0.000000,0.000000,1.000000,0.000000,1.000000,0.000000,-1.000000,0.000000,0.000000,0.173901,0.000000,0.443482,0.000000
0.000000,0.000000,1.000000,0.000000,1.000000,0.000000,-1.000000,0.000000,0.000000,0.180416,0.000000,0.441365,0.000000
0.000000,0.000000,1.000000,0.000000,1.000000,0.000000,-1.000000,0.000000,0.000000,0.187040,0.000000,0.439212,0.000000
0.000000,0.000000,1.000000,0.000000,1.000000,0.000000,-1.000000,0.000000,0.000000,0.193770,0.000000,0.437025,0.000000
0.000000,0.000000,1.000000,0.000000,1.000000,0.000000,-1.000000,0.000000,0.000000,0.200604,0.000000,0.434804,0.000000
0.000000,0.000000,1.000000,0.000000,1.000000,0.000000,-1.000000,0.000000,0.000000,0.207542,0.000000,0.432549,0.000000
0.000000,0.000000,1.000000,0.000000,1.000000,0.000000,-1.000000,0.000000,0.000000,0.214579,0.000000,0.430262,0.000000
0.000000,0.000000,1.000000,0.000000,1.000000,0.000000,-1.000000,0.000000,0.000000,0.221716,0.000000,0.427942,0.000000
0.000000,0.000000,1.000000,0.000000,1.000000,0.000000,-1.000000,0.000000,0.000000,0.228948,0.000000,0.425592,0.000000
0.000000,0.000000,1.000000,0.000000,1.000000,0.000000,-1.000000,0.000000,0.000000,0.236274,0.000000,0.423211,0.000000
0.000000,0.000000,1.000000,0.000000,1.000000,0.000000,-1.000000,0.000000,0.000000,0.243692,0.000000,0.420800,0.000000
0.000000,0.000000,1.000000,0.000000,1.000000,0.000000,-1.000000,0.000000,0.000000,0.251199,0.000000,0.418360,0.000000
0.000000,0.000000,1.000000,0.000000,1.000000,0.000000,-1.000000,0.000000,0.000000,0.258793,0.000000,0.415892,0.000000
0.000000,0.000000,1.000000,0.000000,1.000000,0.000000,-1.000000,0.000000,0.000000,0.266472,0.000000,0.413397,0.000000
0.000000,0.000000,1.000000,0.000000,1.000000,0.000000,-1.000000,0.000000,0.000000,0.274232,0.000000,0.410875,0.000000
0.000000,0.000000,1.000000,0.000000,1.000000,0.000000,-1.000000,0.000000,0.000000,0.282071,0.000000,0.408327,0.000000
0.000000,0.000000,1.000000,0.000000,1.000000,0.000000,-1.000000,0.000000,0.000000,0.289988,0.000000,0.405754,0.000000
0.000000,0.000000,1.000000,0.000000,1.000000,0.000000,-1.000000,0.000000,0.000000,0.297978,0.000000,0.403157,0.000000
0.000000,0.000000,1.000000,0.000000,1.000000,0.000000,-1.000000,0.000000,0.000000,0.306039,0.000000,0.400537,0.000000
0.000000,0.000000,1.000000,0.000000,1.000000,0.000000,-1.000000,0.000000,0.000000,0.314169,0.000000,0.397895,0.000000
0.000000,0.000000,1.000000,0.000000,1.000000,0.000000,-1.000000,0.000000,0.000000,0.322365,0.000000,0.395231,0.000000
0.000000,0.000000,1.000000,0.000000,1.000000,0.000000,-1.000000,0.000000,0.000000,0.330624,0.000000,0.392547,0.000000
0.000000,0.000000,1.000000,0.000000,1.000000,0.000000,-1.000000,0.000000,0.000000,0.338943,0.000000,0.389843,0.000000
0.000000,0.000000,1.000000,0.000000,1.000000,0.000000,-1.000000,0.000000,0.000000,0.347320,0.000000,0.387121,0.000000
0.000000,0.000000,1.000000,0.000000,1.000000,0.000000,-1.000000,0.000000,0.000000,0.355750,0.000000,0.384381,0.000000
0.000000,0.000000,1.000000,0.000000,1.000000,0.000000,-1.000000,0.000000,0.000000,0.364232,0.000000,0.381625,0.000000
0.000000,0.000000,1.000000,0.000000,1.000000,0.000000,-1.000000,0.000000,0.000000,0.372763,0.000000,0.378852,0.000000
0.000000,0.000000,1.000000,0.000000,1.000000,0.000000,-1.000000,0.000000,0.000000,0.381339,0.000000,0.376065,0.000000
0.000000,0.000000,1.000000,0.000000,1.000000,0.000000,-1.000000,0.000000,0.000000,0.389957,0.000000,0.373264,0.000000
0.000000,0.000000,1.000000,0.000000,1.000000,0.000000,-1.000000,0.000000,0.000000,0.398615,0.000000,0.370450,0.000000
0.000000,0.000000,1.000000,0.000000,1.000000,0.000000,-1.000000,0.000000,0.000000,0.407309,0.000000,0.367625,0.000000
0.000000,0.000000,1.000000,0.000000,1.000000,0.000000,-1.000000,0.000000,0.000000,0.416036,0.000000,0.364788,0.000000
0.000000,0.000000,1.000000,0.000000,1.000000,0.000000,-1.000000,0.000000,0.000000,0.424793,0.000000,0.361942,0.000000
0.000000,0.000000,1.000000,0.000000,1.000000,0.000000,-1.000000,0.000000,0.000000,0.433577,0.000000,0.359087,0.000000
0.000000,0.000000,1.000000,0.000000,1.000000,0.000000,-1.000000,0.000000,0.000000,0.442385,0.000000,0.356225,0.000000
0.000000,0.000000,1.000000,0.000000,1.000000,0.000000,-1.000000,0.000000,0.000000,0.451214,0.000000,0.353355,0.000000
0.000000,0.000000,1.000000,0.000000,1.000000,0.000000,-1.000000,0.000000,0.000000,0.460060,0.000000,0.350480,0.000000
0.000000,0.000000,1.000000,0.000000,1.000000,0.000000,-1.000000,0.000000,0.000000,0.468921,0.000000,0.347601,0.000000
0.000000,0.000000,1.000000,0.000000,1.000000,0.000000,-1.000000,0.000000,0.000000,0.477793,0.000000,0.344717,0.000000
0.000000,0.000000,1.000000,0.000000,1.000000,0.000000,-1.000000,0.000000,0.000000,0.486672,0.000000,0.341831,0.000000
0.000000,0.000000,1.000000,0.000000,1.000000,0.000000,-1.000000,0.000000,0.000000,0.495557,0.000000,0.338944,0.000000
0.000000,0.000000,1.000000,0.000000,1.000000,0.000000,-1.000000,0.000000,0.000000,0.504443,0.000000,0.336056,0.000000
0.000000,0.000000,1.000000,0.000000,1.000000,0.000000,-1.000000,0.000000,0.000000,0.513328,0.000000,0.333169,0.000000
0.000000,0.000000,1.000000,0.000000,1.000000,0.000000,-1.000000,0.000000,0.000000,0.522207,0.000000,0.330283,0.000000
0.000000,0.000000,1.000000,0.000000,1.000000,0.000000,-1.000000,0.000000,0.000000,0.531079,0.000000,0.327399,0.000000
0.000000,0.000000,1.000000,0.000000,1.000000,0.000000,-1.000000,0.000000,0.000000,0.539940,0.000000,0.324520,0.000000
0.000000,0.000000,1.000000,0.000000,1.000000,0.000000,-1.000000,0.000000,0.000000,0.548786,0.000000,0.321645,0.000000
0.000000,0.000000,1.000000,0.000000,1.000000,0.000000,-1.000000,0.000000,0.000000,0.557615,0.000000,0.318775,0.000000
0.000000,0.000000,1.000000,0.000000,1.000000,0.000000,-1.000000,0.000000,0.000000,0.566423,0.000000,0.315913,0.000000
0.000000,0.000000,1.000000,0.000000,1.000000,0.000000,-1.000000,0.000000,0.000000,0.575207,0.000000,0.313058,0.000000
0.000000,0.000000,1.000000,0.000000,1.000000,0.000000,-1.000000,0.000000,0.000000,0.583964,0.000000,0.310212,0.000000
0.000000,0.000000,1.000000,0.000000,1.000000,0.000000,-1.000000,0.000000,0.000000,0.592691,0.000000,0.307375,0.000000
0.000000,0.000000,1.000000,0.000000,1.000000,0.000000,-1.000000,0.000000,0.000000,0.601385,0.000000,0.304550,0.000000
0.000000,0.000000,1.000000,0.000000,1.000000,0.000000,-1.000000,0.000000,0.000000,0.610043,0.000000,0.301736,0.000000
0.000000,0.000000,1.000000,0.000000,1.000000,0.000000,-1.000000,0.000000,0.000000,0.618661,0.000000,0.298935,0.000000
0.000000,0.000000,1.000000,0.000000,1.000000,0.000000,-1.000000,0.000000,0.000000,0.627237,0.000000,0.296148,0.000000
0.000000,0.000000,1.000000,0.000000,1.000000,0.000000,-1.000000,0.000000,0.000000,0.635768,0.000000,0.293375,0.000000
0.000000,0.000000,1.000000,0.000000,1.000000,0.000000,-1.000000,0.000000,0.000000,0.644250,0.000000,0.290619,0.000000
0.000000,0.000000,1.000000,0.000000,1.000000,0.000000,-1.000000,0.000000,0.000000,0.652680,0.000000,0.287879,0.000000
0.000000,0.000000,1.000000,0.000000,1.000000,0.000000,-1.000000,0.000000,0.000000,0.661057,0.000000,0.285157,0.000000
0.000000,0.000000,1.000000,0.000000,1.000000,0.000000,-1.000000,0.000000,0.000000,0.669376,0.000000,0.282453,0.000000
0.000000,0.000000,1.000000,0.000000,1.000000,0.000000,-1.000000,0.000000,0.000000,0.677635,0.000000,0.279769,0.000000
0.000000,0.000000,1.000000,0.000000,1.000000,0.000000,-1.000000,0.000000,0.000000,0.685831,0.000000,0.277105,0.000000
0.000000,0.000000,1.000000,0.000000,1.000000,0.000000,-1.000000,0.000000,0.000000,0.693961,0.000000,0.274463,0.000000
0.000000,0.000000,1.000000,0.000000,1.000000,0.000000,-1.000000,0.000000,0.000000,0.702022,0.000000,0.271843,0.000000
0.000000,0.000000,1.000000,0.000000,1.000000,0.000000,-1.000000,0.000000,0.000000,0.710012,0.000000,0.269246,0.000000
0.000000,0.000000,1.000000,0.000000,1.000000,0.000000,-1.000000,0.000000,0.000000,0.717929,0.000000,0.266673,0.000000
0.000000,0.000000,1.000000,0.000000,1.000000,0.000000,-1.000000,0.000000,0.000000,0.725768,0.000000,0.264125,0.000000
0.000000,0.000000,1.000000,0.000000,1.000000,0.000000,-1.000000,0.000000,0.000000,0.733528,0.000000,0.261603,0.000000
0.000000,0.000000,1.000000,0.000000,1.000000,0.000000,-1.000000,0.000000,0.000000,0.741207,0.000000,0.259108,0.000000
0.000000,0.000000,1.000000,0.000000,1.000000,0.000000,-1.000000,0.000000,0.000000,0.748801,0.000000,0.256640,0.000000
0.000000,0.000000,1.000000,0.000000,1.000000,0.000000,-1.000000,0.000000,0.000000,0.756308,0.000000,0.254200,0.000000
0.000000,0.000000,1.000000,0.000000,1.000000,0.000000,-1.000000,0.000000,0.000000,0.763726,0.000000,0.251789,0.000000
0.000000,0.000000,1.000000,0.000000,1.000000,0.000000,-1.000000,0.000000,0.000000,0.771052,0.000000,0.249408,0.000000
0.000000,0.000000,1.000000,0.000000,1.000000,0.000000,-1.000000,0.000000,0.000000,0.778284,0.000000,0.247058,0.000000
0.000000,0.000000,1.000000,0.000000,1.000000,0.000000,-1.000000,0.000000,0.000000,0.785421,0.000000,0.244738,0.000000
0.000000,0.000000,1.000000,0.000000,1.000000,0.000000,-1.000000,0.000000,0.000000,0.792458,0.000000,0.242451,0.000000
0.000000,0.000000,1.000000,0.000000,1.000000,0.000000,-1.000000,0.000000,0.000000,0.799396,0.000000,0.240196,0.000000
0.000000,0.000000,1.000000,0.000000,1.000000,0.000000,-1.000000,0.000000,0.000000,0.806230,0.000000,0.237975,0.000000
0.000000,0.000000,1.000000,0.000000,1.000000,0.000000,-1.000000,0.000000,0.000000,0.812960,0.000000,0.235788,0.000000
0.000000,0.000000,1.000000,0.000000,1.000000,0.000000,-1.000000,0.000000,0.000000,0.819584,0.000000,0.233635,0.000000
0.000000,0.000000,1.000000,0.000000,1.000000,0.000000,-1.000000,0.000000,0.000000,0.826099,0.000000,0.231518,0.000000
0.000000,0.000000,1.000000,0.000000,1.000000,0.000000,-1.000000,0.000000,0.000000,0.832503,0.000000,0.229436,0.000000
0.000000,0.000000,1.000000,0.000000,1.000000,0.000000,-1.000000,0.000000,0.000000,0.838796,0.000000,0.227391,0.000000
0.000000,0.000000,1.000000,0.000000,1.000000,0.000000,-1.000000,0.000000,0.000000,0.844975,0.000000,0.225383,0.000000
0.000000,0.000000,1.000000,0.000000,1.000000,0.000000,-1.000000,0.000000,0.000000,0.851039,0.000000,0.223412,0.000000
0.000000,0.000000,1.000000,0.000000,1.000000,0.000000,-1.000000,0.000000,0.000000,0.856985,0.000000,0.221480,0.000000
0.000000,0.000000,1.000000,0.000000,1.000000,0.000000,-1.000000,0.000000,0.000000,0.862814,0.000000,0.219585,0.000000
0.000000,0.000000,1.000000,0.000000,1.000000,0.000000,-1.000000,0.000000,0.000000,0.868523,0.000000,0.217730,0.000000
0.000000,0.000000,1.000000,0.000000,1.000000,0.000000,-1.000000,0.000000,0.000000,0.874111,0.000000,0.215914,0.000000
0.000000,0.000000,1.000000,0.000000,1.000000,0.000000,-1.000000,0.000000,0.000000,0.879577,0.000000,0.214138,0.000000
0.000000,0.000000,1.000000,0.000000,1.000000,0.000000,-1.000000,0.000000,0.000000,0.884920,0.000000,0.212401,0.000000
0.000000,0.000000,1.000000,0.000000,1.000000,0.000000,-1.000000,0.000000,0.000000,0.890138,0.000000,0.210705,0.000000
0.000000,0.000000,1.000000,0.000000,1.000000,0.000000,-1.000000,0.000000,0.000000,0.895231,0.000000,0.209050,0.000000
0.000000,0.000000,1.000000,0.000000,1.000000,0.000000,-1.000000,0.000000,0.000000,0.900198,0.000000,0.207436,0.000000
0.000000,0.000000,1.000000,0.000000,1.000000,0.000000,-1.000000,0.000000,0.000000,0.905038,0.000000,0.205863,0.000000
0.000000,0.000000,1.000000,0.000000,1.000000,0.000000,-1.000000,0.000000,0.000000,0.909750,0.000000,0.204331,0.000000
0.000000,0.000000,1.000000,0.000000,1.000000,0.000000,-1.000000,0.000000,0.000000,0.914334,0.000000,0.202841,0.000000
0.000000,0.000000,1.000000,0.000000,1.000000,0.000000,-1.000000,0.000000,0.000000,0.918790,0.000000,0.201393,0.000000
0.000000,0.000000,1.000000,0.000000,1.000000,0.000000,-1.000000,0.000000,0.000000,0.923116,0.000000,0.199987,0.000000
0.000000,0.000000,1.000000,0.000000,1.000000,0.000000,-1.000000,0.000000,0.000000,0.927313,0.000000,0.198623,0.000000
0.000000,0.000000,1.000000,0.000000,1.000000,0.000000,-1.000000,0.000000,0.000000,0.931381,0.000000,0.197301,0.000000
0.000000,0.000000,1.000000,0.000000,1.000000,0.000000,-1.000000,0.000000,0.000000,0.935319,0.000000,0.196021,0.000000
0.000000,0.000000,1.000000,0.000000,1.000000,0.000000,-1.000000,0.000000,0.000000,0.939127,0.000000,0.194784,0.000000
0.000000,0.000000,1.000000,0.000000,1.000000,0.000000,-1.000000,0.000000,0.000000,0.942805,0.000000,0.193588,0.000000
0.000000,0.000000,1.000000,0.000000,1.000000,0.000000,-1.000000,0.000000,0.000000,0.946355,0.000000,0.192435,0.000000
0.000000,0.000000,1.000000,0.000000,1.000000,0.000000,-1.000000,0.000000,0.000000,0.949775,0.000000,0.191323,0.000000
0.000000,0.000000,1.000000,0.000000,1.000000,0.000000,-1.000000,0.000000,0.000000,0.953067,0.000000,0.190253,0.000000
0.000000,0.000000,1.000000,0.000000,1.000000,0.000000,-1.000000,0.000000,0.000000,0.956231,0.000000,0.189225,0.000000
0.000000,0.000000,1.000000,0.000000,1.000000,0.000000,-1.000000,0.000000,0.000000,0.959267,0.000000,0.188238,0.000000
0.000000,0.000000,1.000000,0.000000,1.000000,0.000000,-1.000000,0.000000,0.000000,0.962177,0.000000,0.187292,0.000000
0.000000,0.000000,1.000000,0.000000,1.000000,0.000000,-1.000000,0.000000,0.000000,0.964962,0.000000,0.186387,0.000000
0.000000,0.000000,1.000000,0.000000,1.000000,0.000000,-1.000000,0.000000,0.000000,0.967621,0.000000,0.185523,0.000000
0.000000,0.000000,1.000000,0.000000,1.000000,0.000000,-1.000000,0.000000,0.000000,0.970158,0.000000,0.184699,0.000000
0.000000,0.000000,1.000000,0.000000,1.000000,0.000000,-1.000000,0.000000,0.000000,0.972572,0.000000,0.183914,0.000000
0.000000,0.000000,1.000000,0.000000,1.000000,0.000000,-1.000000,0.000000,0.000000,0.974865,0.000000,0.183169,0.000000
0.000000,0.000000,1.000000,0.000000,1.000000,0.000000,-1.000000,0.000000,0.000000,0.977039,0.000000,0.182462,0.000000
0.000000,0.000000,1.000000,0.000000,1.000000,0.000000,-1.000000,0.000000,0.000000,0.979096,0.000000,0.181794,0.000000
0.000000,0.000000,1.000000,0.000000,1.000000,0.000000,-1.000000,0.000000,0.000000,0.981036,0.000000,0.181163,0.000000
0.000000,0.000000,1.000000,0.000000,1.000000,0.000000,-1.000000,0.000000,0.000000,0.982863,0.000000,0.180570,0.000000
0.000000,0.000000,1.000000,0.000000,1.000000,0.000000,-1.000000,0.000000,0.000000,0.984578,0.000000,0.180012,0.000000
0.000000,0.000000,1.000000,0.000000,1.000000,0.000000,-1.000000,0.000000,0.000000,0.986183,0.000000,0.179491,0.000000
0.000000,0.000000,1.000000,0.000000,1.000000,0.000000,-1.000000,0.000000,0.000000,0.987681,0.000000,0.179004,0.000000
0.000000,0.000000,1.000000,0.000000,1.000000,0.000000,-1.000000,0.000000,0.000000,0.989073,0.000000,0.178551,0.000000
0.000000,0.000000,1.000000,0.000000,1.000000,0.000000,-1.000000,0.000000,0.000000,0.990364,0.000000,0.178132,0.000000
0.000000,0.000000,1.000000,0.000000,1.000000,0.000000,-1.000000,0.000000,0.000000,0.991555,0.000000,0.177745,0.000000
0.000000,0.000000,1.000000,0.000000,1.000000,0.000000,-1.000000,0.000000,0.000000,0.992649,0.000000,0.177389,0.000000
0.000000,0.000000,1.000000,0.000000,1.000000,0.000000,-1.000000,0.000000,0.000000,0.993649,0.000000,0.177064,0.000000
0.000000,0.000000,1.000000,0.000000,1.000000,0.000000,-1.000000,0.000000,0.000000,0.994559,0.000000,0.176768,0.000000
0.000000,0.000000,1.000000,0.000000,1.000000,0.000000,-1.000000,0.000000,0.000000,0.995382,0.000000,0.176501,0.000000
0.000000,0.000000,1.000000,0.000000,1.000000,0.000000,-1.000000,0.000000,0.000000,0.996121,0.000000,0.176261,0.000000
0.000000,0.000000,1.000000,0.000000,1.000000,0.000000,-1.000000,0.000000,0.000000,0.996779,0.000000,0.176047,0.000000
0.000000,0.000000,1.000000,0.000000,1.000000,0.000000,-1.000000,0.000000,0.000000,0.997362,0.000000,0.175857,0.000000
0.000000,0.000000,1.000000,0.000000,1.000000,0.000000,-1.000000,0.000000,0.000000,0.997872,0.000000,0.175692,0.000000
0.000000,0.000000,1.000000,0.000000,1.000000,0.000000,-1.000000,0.000000,0.000000,0.998314,0.000000,0.175548,0.000000
0.000000,0.000000,1.000000,0.000000,1.000000,0.000000,-1.000000,0.000000,0.000000,0.998692,0.000000,0.175425,0.000000
0.000000,0.000000,1.000000,0.000000,1.000000,0.000000,-1.000000,0.000000,0.000000,0.999010,0.000000,0.175322,0.000000
0.000000,0.000000,1.000000,0.000000,1.000000,0.000000,-1.000000,0.000000,0.000000,0.999273,0.000000,0.175236,0.000000
0.000000,0.000000,1.000000,0.000000,1.000000,0.000000,-1.000000,0.000000,0.000000,0.999485,0.000000,0.175167,0.000000
0.000000,0.000000,1.000000,0.000000,1.000000,0.000000,-1.000000,0.000000,0.000000,0.999653,0.000000,0.175113,0.000000
0.000000,0.000000,1.000000,0.000000,1.000000,0.000000,-1.000000,0.000000,0.000000,0.999780,0.000000,0.175072,0.000000
0.000000,0.000000,1.000000,0.000000,1.000000,0.000000,-1.000000,0.000000,0.000000,0.999872,0.000000,0.175042,0.000000
0.000000,0.000000,1.000000,0.000000,1.000000,0.000000,-1.000000,0.000000,0.000000,0.999934,0.000000,0.175022,0.000000
0.000000,0.000000,1.000000,0.000000,1.000000,0.000000,-1.000000,0.000000,0.000000,0.999972,0.000000,0.175009,0.000000
0.000000,0.000000,1.000000,0.000000,1.000000,0.000000,-1.000000,0.000000,0.000000,0.999992,0.000000,0.175003,0.000000
0.000000,0.000000,1.000000,0.000000,1.000000,0.000000,-1.000000,0.000000,0.000000,0.999999,0.000000,0.175000,0.000000
0.000000,0.000000,1.000000,0.000000,1.000000,0.000000,-1.000000,0.000000,0.000000,1.000000,0.000000,0.175000,0.000000
0.000000,0.000000,1.000000,0.000000,1.000000,0.000000,-1.000000,0.000000,0.000000,1.000000,0.000000,0.174947,0.000000
0.000000,0.000000,1.000000,0.000000,1.000000,0.000000,-1.000000,0.000000,0.000000,1.000000,0.000000,0.174599,0.000000
0.000000,0.000000,1.000000,0.000000,1.000000,0.000000,-1.000000,0.000000,0.000000,1.000000,0.000000,0.173716,0.000000
0.000000,0.000000,1.000000,0.000000,1.000000,0.000000,-1.000000,0.000000,0.000000,1.000000,0.000000,0.172118,0.000000
0.000000,0.000000,1.000000,0.000000,1.000000,0.000000,-1.000000,0.000000,0.000000,1.000000,0.000000,0.169676,0.000000
0.000000,0.000000,1.000000,0.000000,1.000000,0.000000,-1.000000,0.000000,0.000000,1.000000,0.000000,0.166312,0.000000
0.000000,0.000000,1.000000,0.000000,1.000000,0.000000,-1.000000,0.000000,0.000000,1.000000,0.000000,0.161991,0.000000
0.000000,0.000000,1.000000,0.000000,1.000000,0.000000,-1.000000,0.000000,0.000000,1.000000,0.000000,0.156720,0.000000
0.000000,0.000000,1.000000,0.000000,1.000000,0.000000,-1.000000,0.000000,0.000000,1.000000,0.000000,0.150538,0.000000
0.000000,0.000000,1.000000,0.000000,1.000000,0.000000,-1.000000,0.000000,0.000000,1.000000,0.000000,0.143519,0.000000
0.000000,0.000000,1.000000,0.000000,1.000000,0.000000,-1.000000,0.000000,0.000000,1.000000,0.000000,0.135760,0.000000
0.000000,0.000000,1.000000,0.000000,1.000000,0.000000,-1.000000,0.000000,0.000000,1.000000,0.000000,0.127384,0.000000
0.000000,0.000000,1.000000,0.000000,1.000000,0.000000,-1.000000,0.000000,0.000000,1.000000,0.000000,0.118529,0.000000
0.000000,0.000000,1.000000,0.000000,1.000000,0.000000,-1.000000,0.000000,0.000000,1.000000,0.000000,0.109347,0.000000
0.000000,0.000000,1.000000,0.000000,1.000000,0.000000,-1.000000,0.000000,0.000000,1.000000,0.000000,0.100000,0.000000
0.000000,0.000000,1.000000,0.000000,1.000000,0.000000,-1.000000,0.000000,0.000000,1.000000,0.000000,0.090653,0.000000
0.000000,0.000000,1.000000,0.000000,1.000000,0.000000,-1.000000,0.000000,0.000000,1.000000,0.000000,0.081471,0.000000
0.000000,0.000000,1.000000,0.000000,1.000000,0.000000,-1.000000,0.000000,0.000000,1.000000,0.000000,0.072616,0.000000
0.000000,0.000000,1.000000,0.000000,1.000000,0.000000,-1.000000,0.000000,0.000000,1.000000,0.000000,0.064240,0.000000
0.000000,0.000000,1.000000,0.000000,1.000000,0.000000,-1.000000,0.000000,0.000000,1.000000,0.000000,0.056481,0.000000
0.000000,0.000000,1.000000,0.000000,1.000000,0.000000,-1.000000,0.000000,0.000000,1.000000,0.000000,0.049462,0.000000
0.000000,0.000000,1.000000,0.000000,1.000000,0.000000,-1.000000,0.000000,0.000000,1.000000,0.000000,0.043280,0.000000
0.000000,0.000000,1.000000,0.000000,1.000000,0.000000,-1.000000,0.000000,0.000000,1.000000,0.000000,0.038009,0.000000
0.000000,0.000000,1.000000,0.000000,1.000000,0.000000,-1.000000,0.000000,0.000000,1.000000,0.000000,0.033688,0.000000
0.000000,0.000000,1.000000,0.000000,1.000000,0.000000,-1.000000,0.000000,0.000000,1.000000,0.000000,0.030324,0.000000
0.000000,0.000000,1.000000,0.000000,1.000000,0.000000,-1.000000,0.000000,0.000000,1.000000,0.000000,0.027882,0.000000
0.000000,0.000000,1.000000,0.000000,1.000000,0.000000,-1.000000,0.000000,0.000000,1.000000,0.000000,0.026284,0.000000
0.000000,0.000000,1.000000,0.000000,1.000000,0.000000,-1.000000,0.000000,0.000000,1.000000,0.000000,0.025401,0.000000
0.000000,0.000000,1.000000,0.000000,1.000000,0.000000,-1.000000,0.000000,0.000000,1.000000,0.000000,0.025053,0.000000
0.000000,0.000000,1.000000,0.000000,1.000000,0.000000,-1.000000,0.000000,0.000000,1.000000,0.000000,0.025000,0.000000
0.000000,0.000000,1.000000,0.000000,1.000000,0.000000,-1.000000,0.000000,0.000000,1.000000,0.000000,0.025000,1.000000
0.000000,0.000000,1.000000,0.000000,1.000000,0.000000,-1.000000,0.000000,0.000000,1.000000,0.000000,0.025000,1.000000
0.000000,0.000000,1.000000,0.000000,1.000000,0.000000,-1.000000,0.000000,0.000000,1.000000,0.000000,0.025000,1.000000
0.000000,0.000000,1.000000,0.000000,1.000000,0.000000,-1.000000,0.000000,0.000000,1.000000,0.000000,0.025000,1.000000
0.000000,0.000000,1.000000,0.000000,1.000000,0.000000,-1.000000,0.000000,0.000000,1.000000,0.000000,0.025000,1.000000
0.000000,0.000000,1.000000,0.000000,1.000000,0.000000,-1.000000,0.000000,0.000000,1.000000,0.000000,0.025000,1.000000
0.000000,0.000000,1.000000,0.000000,1.000000,0.000000,-1.000000,0.000000,0.000000,1.000000,0.000000,0.025000,1.000000
0.000000,0.000000,1.000000,0.000000,1.000000,0.000000,-1.000000,0.000000,0.000000,1.000000,0.000000,0.025000,1.000000
0.000000,0.000000,1.000000,0.000000,1.000000,0.000000,-1.000000,0.000000,0.000000,1.000000,0.000000,0.025000,1.000000
0.000000,0.000000,1.000000,0.000000,1.000000,0.000000,-1.000000,0.000000,0.000000,1.000000,0.000000,0.025000,1.000000
0.000000,0.000000,1.000000,0.000000,1.000000,0.000000,-1.000000,0.000000,0.000000,1.000000,0.000000,0.025000,1.000000
0.000000,0.000000,1.000000,0.000000,1.000000,0.000000,-1.000000,0.000000,0.000000,1.000000,0.000000,0.025000,1.000000
0.000000,0.000000,1.000000,0.000000,1.000000,0.000000,-1.000000,0.000000,0.000000,1.000000,0.000000,0.025000,1.000000
0.000000,0.000000,1.000000,0.000000,1.000000,0.000000,-1.000000,0.000000,0.000000,1.000000,0.000000,0.025000,1.000000
0.000000,0.000000,1.000000,0.000000,1.000000,0.000000,-1.000000,0.000000,0.000000,1.000000,0.000000,0.025000,1.000000
0.000000,0.000000,1.000000,0.000000,1.000000,0.000000,-1.000000,0.000000,0.000000,1.000000,0.000000,0.025000,1.000000
0.000000,0.000000,1.000000,0.000000,1.000000,0.000000,-1.000000,0.000000,0.000000,1.000000,0.000000,0.025000,1.000000
0.000000,0.000000,1.000000,0.000000,1.000000,0.000000,-1.000000,0.000000,0.000000,1.000000,0.000000,0.025000,1.000000
0.000000,0.000000,1.000000,0.000000,1.000000,0.000000,-1.000000,0.000000,0.000000,1.000000,0.000000,0.025000,1.000000
0.000000,0.000000,1.000000,0.000000,1.000000,0.000000,-1.000000,0.000000,0.000000,1.000000,0.000000,0.025000,1.000000
0.000000,0.000000,1.000000,0.000000,1.000000,0.000000,-1.000000,0.000000,0.000000,1.000000,0.000000,0.025000,1.000000
0.000000,0.000000,1.000000,0.000000,1.000000,0.000000,-1.000000,0.000000,0.000000,1.000000,0.000000,0.025000,1.000000
0.000000,0.000000,1.000000,0.000000,1.000000,0.000000,-1.000000,0.000000,0.000000,1.000000,0.000000,0.025000,1.000000
0.000000,0.000000,1.000000,0.000000,1.000000,0.000000,-1.000000,0.000000,0.000000,1.000000,0.000000,0.025000,1.000000
0.000000,0.000000,1.000000,0.000000,1.000000,0.000000,-1.000000,0.000000,0.000000,1.000000,0.000000,0.025000,1.000000
0.000000,0.000000,1.000000,0.000000,1.000000,0.000000,-1.000000,0.000000,0.000000,1.000000,0.000000,0.025000,1.000000
0.000000,0.000000,1.000000,0.000000,1.000000,0.000000,-1.000000,0.000000,0.000000,1.000000,0.000000,0.025000,1.000000
0.000000,0.000000,1.000000,0.000000,1.000000,0.000000,-1.000000,0.000000,0.000000,1.000000,0.000000,0.025000,1.000000
0.000000,0.000000,1.000000,0.000000,1.000000,0.000000,-1.000000,0.000000,0.000000,1.000000,0.000000,0.025000,1.000000
0.000000,0.000000,1.000000,0.000000,1.000000,0.000000,-1.000000,0.000000,0.000000,1.000000,0.000000,0.025000,1.000000
0.000000,0.000000,1.000000,0.000000,1.000000,0.000000,-1.000000,0.000000,0.000000,1.000000,0.000000,0.025000,1.000000
0.000000,0.000000,1.000000,0.000000,1.000000,0.000000,-1.000000,0.000000,0.000000,1.000000,0.000000,0.025000,1.000000
0.000000,0.000000,1.000000,0.000000,1.000000,0.000000,-1.000000,0.000000,0.000000,1.000000,0.000000,0.025000,1.000000
0.000000,0.000000,1.000000,0.000000,1.000000,0.000000,-1.000000,0.000000,0.000000,1.000000,0.000000,0.025000,1.000000
0.000000,0.000000,1.000000,0.000000,1.000000,0.000000,-1.000000,0.000000,0.000000,1.000000,0.000000,0.025000,1.000000
0.000000,0.000000,1.000000,0.000000,1.000000,0.000000,-1.000000,0.000000,0.000000,1.000000,0.000000,0.025000,1.000000
0.000000,0.000000,1.000000,0.000000,1.000000,0.000000,-1.000000,0.000000,0.000000,1.000000,0.000000,0.025000,1.000000
0.000000,0.000000,1.000000,0.000000,1.000000,0.000000,-1.000000,0.000000,0.000000,1.000000,0.000000,0.025000,1.000000
0.000000,0.000000,1.000000,0.000000,1.000000,0.000000,-1.000000,0.000000,0.000000,1.000000,0.000000,0.025000,1.000000
0.000000,0.000000,1.000000,0.000000,1.000000,0.000000,-1.000000,0.000000,0.000000,1.000000,0.000000,0.025000,1.000000
0.000000,0.000000,1.000000,0.000000,1.000000,0.000000,-1.000000,0.000000,0.000000,1.000000,0.000000,0.025000,1.000000
0.000000,0.000000,1.000000,0.000000,1.000000,0.000000,-1.000000,0.000000,0.000000,1.000000,0.000000,0.025000,1.000000
0.000000,0.000000,1.000000,0.000000,1.000000,0.000000,-1.000000,0.000000,0.000000,1.000000,0.000000,0.025000,1.000000
0.000000,0.000000,1.000000,0.000000,1.000000,0.000000,-1.000000,0.000000,0.000000,1.000000,0.000000,0.025000,1.000000
0.000000,0.000000,1.000000,0.000000,1.000000,0.000000,-1.000000,0.000000,0.000000,1.000000,0.000000,0.025000,1.000000
0.000000,0.000000,1.000000,0.000000,1.000000,0.000000,-1.000000,0.000000,0.000000,1.000000,0.000000,0.025000,1.000000
0.000000,0.000000,1.000000,0.000000,1.000000,0.000000,-1.000000,0.000000,0.000000,1.000000,0.000000,0.025000,1.000000
0.000000,0.000000,1.000000,0.000000,1.000000,0.000000,-1.000000,0.000000,0.000000,1.000000,0.000000,0.025000,1.000000
0.000000,0.000000,1.000000,0.000000,1.000000,0.000000,-1.000000,0.000000,0.000000,1.000000,0.000000,0.025000,1.000000
0.000000,0.000000,1.000000,0.000000,1.000000,0.000000,-1.000000,0.000000,0.000000,1.000000,0.000000,0.025000,1.000000
0.000000,0.000000,1.000000,0.000000,1.000000,0.000000,-1.000000,0.000000,0.000000,1.000000,0.000000,0.025000,1.000000
0.000000,0.000000,1.000000,0.000000,1.000000,0.000000,-1.000000,0.000000,0.000000,1.000000,0.000000,0.025000,1.000000
0.000000,0.000000,1.000000,0.000000,1.000000,0.000000,-1.000000,0.000000,0.000000,1.000000,0.000000,0.025000,1.000000
0.000000,0.000000,1.000000,0.000000,1.000000,0.000000,-1.000000,0.000000,0.000000,1.000000,0.000000,0.025000,1.000000
0.000000,0.000000,1.000000,0.000000,1.000000,0.000000,-1.000000,0.000000,0.000000,1.000000,0.000000,0.025000,1.000000
0.000000,0.000000,1.000000,0.000000,1.000000,0.000000,-1.000000,0.000000,0.000000,1.000000,0.000000,0.025000,1.000000
0.000000,0.000000,1.000000,0.000000,1.000000,0.000000,-1.000000,0.000000,0.000000,1.000000,0.000000,0.025000,1.000000
0.000000,0.000000,1.000000,0.000000,1.000000,0.000000,-1.000000,0.000000,0.000000,1.000000,0.000000,0.025000,1.000000
0.000000,0.000000,1.000000,0.000000,1.000000,0.000000,-1.000000,0.000000,0.000000,1.000000,0.000000,0.025000,1.000000
0.000000,0.000000,1.000000,0.000000,1.000000,0.000000,-1.000000,0.000000,0.000000,1.000000,0.000000,0.025000,1.000000
0.000000,0.000000,1.000000,0.000000,1.000000,0.000000,-1.000000,0.000000,0.000000,1.000000,0.000000,0.025000,1.000000
0.000000,0.000000,1.000000,0.000000,1.000000,0.000000,-1.000000,0.000000,0.000000,1.000000,0.000000,0.025000,1.000000
0.000000,0.000000,1.000000,0.000000,1.000000,0.000000,-1.000000,0.000000,0.000000,1.000000,0.000000,0.025053,1.000000
0.000000,0.000000,1.000000,0.000000,1.000000,0.000000,-1.000000,0.000000,0.000000,1.000000,0.000000,0.025401,1.000000
0.000000,0.000000,1.000000,0.000000,1.000000,0.000000,-1.000000,0.000000,0.000000,1.000000,0.000000,0.026284,1.000000
0.000000,0.000000,1.000000,0.000000,1.000000,0.000000,-1.000000,0.000000,0.000000,1.000000,0.000000,0.027882,1.000000
0.000000,0.000000,1.000000,0.000000,1.000000,0.000000,-1.000000,0.000000,0.000000,1.000000,0.000000,0.030324,1.000000
0.000000,0.000000,1.000000,0.000000,1.000000,0.000000,-1.000000,0.000000,0.000000,1.000000,0.000000,0.033688,1.000000
0.000000,0.000000,1.000000,0.000000,1.000000,0.000000,-1.000000,0.000000,0.000000,1.000000,0.000000,0.038009,1.000000
0.000000,0.000000,1.000000,0.000000,1.000000,0.000000,-1.000000,0.000000,0.000000,1.000000,0.000000,0.043280,1.000000
0.000000,0.000000,1.000000,0.000000,1.000000,0.000000,-1.000000,0.000000,0.000000,1.000000,0.000000,0.049462,1.000000
0.000000,0.000000,1.000000,0.000000,1.000000,0.000000,-1.000000,0.000000,0.000000,1.000000,0.000000,0.056481,1.000000
0.000000,0.000000,1.000000,0.000000,1.000000,0.000000,-1.000000,0.000000,0.000000,1.000000,0.000000,0.064240,1.000000
0.000000,0.000000,1.000000,0.000000,1.000000,0.000000,-1.000000,0.000000,0.000000,1.000000,0.000000,0.072616,1.000000
0.000000,0.000000,1.000000,0.000000,1.000000,0.000000,-1.000000,0.000000,0.000000,1.000000,0.000000,0.081471,1.000000
0.000000,0.000000,1.000000,0.000000,1.000000,0.000000,-1.000000,0.000000,0.000000,1.000000,0.000000,0.090653,1.000000
0.000000,0.000000,1.000000,0.000000,1.000000,0.000000,-1.000000,0.000000,0.000000,1.000000,0.000000,0.100000,1.000000
0.000000,0.000000,1.000000,0.000000,1.000000,0.000000,-1.000000,0.000000,0.000000,1.000000,0.000000,0.109347,1.000000
0.000000,0.000000,1.000000,0.000000,1.000000,0.000000,-1.000000,0.000000,0.000000,1.000000,0.000000,0.118529,1.000000
0.000000,0.000000,1.000000,0.000000,1.000000,0.000000,-1.000000,0.000000,0.000000,1.000000,0.000000,0.127384,1.000000
0.000000,0.000000,1.000000,0.000000,1.000000,0.000000,-1.000000,0.000000,0.000000,1.000000,0.000000,0.135760,1.000000
0.000000,0.000000,1.000000,0.000000,1.000000,0.000000,-1.000000,0.000000,0.000000,1.000000,0.000000,0.143519,1.000000
0.000000,0.000000,1.000000,0.000000,1.000000,0.000000,-1.000000,0.000000,0.000000,1.000000,0.000000,0.150538,1.000000
0.000000,0.000000,1.000000,0.000000,1.000000,0.000000,-1.000000,0.000000,0.000000,1.000000,0.000000,0.156720,1.000000
0.000000,0.000000,1.000000,0.000000,1.000000,0.000000,-1.000000,0.000000,0.000000,1.000000,0.000000,0.161991,1.000000
0.000000,0.000000,1.000000,0.000000,1.000000,0.000000,-1.000000,0.000000,0.000000,1.000000,0.000000,0.166312,1.000000
0.000000,0.000000,1.000000,0.000000,1.000000,0.000000,-1.000000,0.000000,0.000000,1.000000,0.000000,0.169676,1.000000
0.000000,0.000000,1.000000,0.000000,1.000000,0.000000,-1.000000,0.000000,0.000000,1.000000,0.000000,0.172118,1.000000
0.000000,0.000000,1.000000,0.000000,1.000000,0.000000,-1.000000,0.000000,0.000000,1.000000,0.000000,0.173716,1.000000
0.000000,0.000000,1.000000,0.000000,1.000000,0.000000,-1.000000,0.000000,0.000000,1.000000,0.000000,0.174599,1.000000
0.000000,0.000000,1.000000,0.000000,1.000000,0.000000,-1.000000,0.000000,0.000000,1.000000,0.000000,0.174947,1.000000
0.000000,0.000000,1.000000,0.000000,1.000000,0.000000,-1.000000,0.000000,0.000000,1.000000,0.000000,0.175000,1.000000
0.000000,0.000000,1.000000,0.000000,1.000000,0.000000,-1.000000,0.000000,0.000000,1.000000,-0.000001,0.175000,1.000000
0.000000,0.000005,1.000000,0.000000,1.000000,-0.000005,-1.000000,0.000000,0.000000,1.000000,-0.000005,0.175000,1.000000
0.000000,0.000018,1.000000,0.000000,1.000000,-0.000018,-1.000000,0.000000,0.000000,1.000000,-0.000018,0.175000,1.000000
0.000000,0.000043,1.000000,0.000000,1.000000,-0.000043,-1.000000,0.000000,0.000000,1.000000,-0.000043,0.175000,1.000000
0.000000,0.000084,1.000000,0.000000,1.000000,-0.000084,-1.000000,0.000000,0.000000,1.000000,-0.000084,0.175000,1.000000
0.000000,0.000145,1.000000,0.000000,1.000000,-0.000145,-1.000000,0.000000,0.000000,1.000000,-0.000145,0.175000,1.000000
0.000000,0.000229,1.000000,0.000000,1.000000,-0.000229,-1.000000,0.000000,0.000000,1.000000,-0.000229,0.175000,1.000000
0.000000,0.000340,1.000000,0.000000,1.000000,-0.000340,-1.000000,0.000000,0.000000,1.000000,-0.000340,0.175000,1.000000
0.000000,0.000481,1.000000,0.000000,1.000000,-0.000481,-1.000000,0.000000,0.000000,1.000000,-0.000481,0.175000,1.000000
0.000000,0.000657,1.000000,0.000000,1.000000,-0.000657,-1.000000,0.000000,0.000000,1.000000,-0.000657,0.175000,1.000000
0.000000,0.000869,1.000000,0.000000,1.000000,-0.000869,-1.000000,0.000000,0.000000,1.000000,-0.000869,0.175000,1.000000
0.000000,0.001123,0.999999,0.000000,0.999999,-0.001123,-1.000000,0.000000,0.000000,0.999999,-0.001123,0.175000,1.000000
0.000000,0.001420,0.999999,0.000000,0.999999,-0.001420,-1.000000,0.000000,0.000000,0.999999,-0.001420,0.175000,1.000000
0.000000,0.001763,0.999998,0.000000,0.999998,-0.001763,-1.000000,0.000000,0.000000,0.999998,-0.001763,0.175000,1.000000
0.000000,0.002157,0.999998,0.000000,0.999998,-0.002157,-1.000000,0.000000,0.000000,0.999998,-0.002157,0.175000,1.000000
0.000000,0.002603,0.999997,0.000000,0.999997,-0.002603,-1.000000,0.000000,0.000000,0.999997,-0.002603,0.175000,1.000000
0.000000,0.003105,0.999995,0.000000,0.999995,-0.003105,-1.000000,0.000000,0.000000,0.999995,-0.003105,0.175000,1.000000
0.000000,0.003666,0.999993,0.000000,0.999993,-0.003666,-1.000000,0.000000,0.000000,0.999993,-0.003666,0.175000,1.000000
0.000000,0.004288,0.999991,0.000000,0.999991,-0.004288,-1.000000,0.000000,0.000000,0.999991,-0.004288,0.175000,1.000000
0.000000,0.004973,0.999988,0.000000,0.999988,-0.004973,-1.000000,0.000000,0.000000,0.999988,-0.004973,0.175000,1.000000
0.000000,0.005725,0.999984,0.000000,0.999984,-0.005725,-1.000000,0.000000,0.000000,0.999984,-0.005725,0.175000,1.000000
0.000000,0.006546,0.999979,0.000000,0.999979,-0.006546,-1.000000,0.000000,0.000000,0.999979,-0.006546,0.175000,1.000000
0.000000,0.007438,0.999972,0.000000,0.999972,-0.007438,-1.000000,0.000000,0.000000,0.999972,-0.007438,0.175000,1.000000
0.000000,0.008403,0.999965,0.000000,0.999965,-0.008403,-1.000000,0.000000,0.000000,0.999965,-0.008403,0.175000,1.000000
0.000000,0.009444,0.999955,0.000000,0.999955,-0.009444,-1.000000,0.000000,0.000000,0.999955,-0.009444,0.175000,1.000000
0.000000,0.010564,0.999944,0.000000,0.999944,-0.010564,-1.000000,0.000000,0.000000,0.999944,-0.010564,0.175000,1.000000
0.000000,0.011763,0.999931,0.000000,0.999931,-0.011763,-1.000000,0.000000,0.000000,0.999931,-0.011763,0.175000,1.000000
0.000000,0.013045,0.999915,0.000000,0.999915,-0.013045,-1.000000,0.000000,0.000000,0.999915,-0.013045,0.175000,1.000000
0.000000,0.014411,0.999896,0.000000,0.999896,-0.014411,-1.000000,0.000000,0.000000,0.999896,-0.014411,0.175000,1.000000
0.000000,0.015862,0.999874,0.000000,0.999874,-0.015862,-1.000000,0.000000,0.000000,0.999874,-0.015862,0.175000,1.000000
0.000000,0.017402,0.999849,0.000000,0.999849,-0.017402,-1.000000,0.000000,0.000000,0.999849,-0.017402,0.175000,1.000000
0.000000,0.019031,0.999819,0.000000,0.999819,-0.019031,-1.000000,0.000000,0.000000,0.999819,-0.019031,0.175000,1.000000
0.000000,0.020751,0.999785,0.000000,0.999785,-0.020751,-1.000000,0.000000,0.000000,0.999785,-0.020751,0.175000,1.000000
0.000000,0.022565,0.999745,0.000000,0.999745,-0.022565,-1.000000,0.000000,0.000000,0.999745,-0.022565,0.175000,1.000000
0.000000,0.024472,0.999701,0.000000,0.999701,-0.024472,-1.000000,0.000000,0.000000,0.999701,-0.024472,0.175000,1.000000
0.000000,0.026476,0.999649,0.000000,0.999649,-0.026476,-1.000000,0.000000,0.000000,0.999649,-0.026476,0.175000,1.000000
0.000000,0.028576,0.999592,0.000000,0.999592,-0.028576,-1.000000,0.000000,0.000000,0.999592,-0.028576,0.175000,1.000000
0.000000,0.030776,0.999526,0.000000,0.999526,-0.030776,-1.000000,0.000000,0.000000,0.999526,-0.030776,0.175000,1.000000
0.000000,0.033075,0.999453,0.000000,0.999453,-0.033075,-1.000000,0.000000,0.000000,0.999453,-0.033075,0.175000,1.000000
0.000000,0.035475,0.999371,0.000000,0.999371,-0.035475,-1.000000,0.000000,0.000000,0.999371,-0.035475,0.175000,1.000000
0.000000,0.037978,0.999279,0.000000,0.999279,-0.037978,-1.000000,0.000000,0.000000,0.999279,-0.037978,0.175000,1.000000
0.000000,0.040583,0.999176,0.000000,0.999176,-0.040583,-1.000000,0.000000,0.000000,0.999176,-0.040583,0.175000,1.000000
0.000000,0.043293,0.999062,0.000000,0.999062,-0.043293,-1.000000,0.000000,0.000000,0.999062,-0.043293,0.175000,1.000000
0.000000,0.046108,0.998936,0.000000,0.998936,-0.046108,-1.000000,0.000000,0.000000,0.998936,-0.046108,0.175000,1.000000
0.000000,0.049029,0.998797,0.000000,0.998797,-0.049029,-1.000000,0.000000,0.000000,0.998797,-0.049029,0.175000,1.000000
0.000000,0.052057,0.998644,0.000000,0.998644,-0.052057,-1.000000,0.000000,0.000000,0.998644,-0.052057,0.175000,1.000000
0.000000,0.055192,0.998476,0.000000,0.998476,-0.055192,-1.000000,0.000000,0.000000,0.998476,-0.055192,0.175000,1.000000
0.000000,0.058435,0.998291,0.000000,0.998291,-0.058435,-1.000000,0.000000,0.000000,0.998291,-0.058435,0.175000,1.000000
0.000000,0.061787,0.998089,0.000000,0.998089,-0.061787,-1.000000,0.000000,0.000000,0.998089,-0.061787,0.175000,1.000000
0.000000,0.065248,0.997869,0.000000,0.997869,-0.065248,-1.000000,0.000000,0.000000,0.997869,-0.065248,0.175000,1.000000
0.000000,0.068819,0.997629,0.000000,0.997629,-0.068819,-1.000000,0.000000,0.000000,0.997629,-0.068819,0.175000,1.000000
0.000000,0.072500,0.997368,0.000000,0.997368,-0.072500,-1.000000,0.000000,0.000000,0.997368,-0.072500,0.175000,1.000000
0.000000,0.076291,0.997086,0.000000,0.997086,-0.076291,-1.000000,0.000000,0.000000,0.997086,-0.076291,0.175000,1.000000
0.000000,0.080192,0.996779,0.000000,0.996779,-0.080192,-1.000000,0.000000,0.000000,0.996779,-0.080192,0.175000,1.000000
0.000000,0.084205,0.996448,0.000000,0.996448,-0.084205,-1.000000,0.000000,0.000000,0.996448,-0.084205,0.175000,1.000000
0.000000,0.088328,0.996091,0.000000,0.996091,-0.088328,-1.000000,0.000000,0.000000,0.996091,-0.088328,0.175000,1.000000
0.000000,0.092562,0.995707,0.000000,0.995707,-0.092562,-1.000000,0.000000,0.000000,0.995707,-0.092562,0.175000,1.000000
0.000000,0.096907,0.995293,0.000000,0.995293,-0.096907,-1.000000,0.000000,0.000000,0.995293,-0.096907,0.175000,1.000000
0.000000,0.101363,0.994850,0.000000,0.994850,-0.101363,-1.000000,0.000000,0.000000,0.994850,-0.101363,0.175000,1.000000
0.000000,0.105929,0.994374,0.000000,0.994374,-0.105929,-1.000000,0.000000,0.000000,0.994374,-0.105929,0.175000,1.000000
0.000000,0.110605,0.993864,0.000000,0.993864,-0.110605,-1.000000,0.000000,0.000000,0.993864,-0.110605,0.175000,1.000000
0.000000,0.115392,0.993320,0.000000,0.993320,-0.115392,-1.000000,0.000000,0.000000,0.993320,-0.115392,0.175000,1.000000
0.000000,0.120288,0.992739,0.000000,0.992739,-0.120288,-1.000000,0.000000,0.000000,0.992739,-0.120288,0.175000,1.000000
0.000000,0.125293,0.992120,0.000000,0.992120,-0.125293,-1.000000,0.000000,0.000000,0.992120,-0.125293,0.175000,1.000000
0.000000,0.130407,0.991461,0.000000,0.991461,-0.130407,-1.000000,0.000000,0.000000,0.991461,-0.130407,0.175000,1.000000
0.000000,0.135629,0.990760,0.000000,0.990760,-0.135629,-1.000000,0.000000,0.000000,0.990760,-0.135629,0.175000,1.000000
0.000000,0.140958,0.990016,0.000000,0.990016,-0.140958,-1.000000,0.000000,0.000000,0.990016,-0.140958,0.175000,1.000000
0.000000,0.146394,0.989226,0.000000,0.989226,-0.146394,-1.000000,0.000000,0.000000,0.989226,-0.146394,0.175000,1.000000
0.000000,0.151936,0.988390,0.000000,0.988390,-0.151936,-1.000000,0.000000,0.000000,0.988390,-0.151936,0.175000,1.000000
0.000000,0.157583,0.987506,0.000000,0.987506,-0.157583,-1.000000,0.000000,0.000000,0.987506,-0.157583,0.175000,1.000000
0.000000,0.163334,0.986571,0.000000,0.986571,-0.163334,-1.000000,0.000000,0.000000,0.986571,-0.163334,0.175000,1.000000
0.000000,0.169188,0.985584,0.000000,0.985584,-0.169188,-1.000000,0.000000,0.000000,0.985584,-0.169188,0.175000,1.000000
0.000000,0.175144,0.984543,0.000000,0.984543,-0.175144,-1.000000,0.000000,0.000000,0.984543,-0.175144,0.175000,1.000000
0.000000,0.181201,0.983446,0.000000,0.983446,-0.181201,-1.000000,0.000000,0.000000,0.983446,-0.181201,0.175000,1.000000
0.000000,0.187357,0.982292,0.000000,0.982292,-0.187357,-1.000000,0.000000,0.000000,0.982292,-0.187357,0.175000,1.000000
0.000000,0.193612,0.981078,0.000000,0.981078,-0.193612,-1.000000,0.000000,0.000000,0.981078,-0.193612,0.175000,1.000000
0.000000,0.199964,0.979803,0.000000,0.979803,-0.199964,-1.000000,0.000000,0.000000,0.979803,-0.199964,0.175000,1.000000
0.000000,0.206411,0.978465,0.000000,0.978465,-0.206411,-1.000000,0.000000,0.000000,0.978465,-0.206411,0.175000,1.000000
0.000000,0.212952,0.977063,0.000000,0.977063,-0.212952,-1.000000,0.000000,0.000000,0.977063,-0.212952,0.175000,1.000000
0.000000,0.219586,0.975593,0.000000,0.975593,-0.219586,-1.000000,0.000000,0.000000,0.975593,-0.219586,0.175000,1.000000
0.000000,0.226311,0.974055,0.000000,0.974055,-0.226311,-1.000000,0.000000,0.000000,0.974055,-0.226311,0.175000,1.000000
0.000000,0.233125,0.972447,0.000000,0.972447,-0.233125,-1.000000,0.000000,0.000000,0.972447,-0.233125,0.175000,1.000000
0.000000,0.240026,0.970766,0.000000,0.970766,-0.240026,-1.000000,0.000000,0.000000,0.970766,-0.240026,0.175000,1.000000
0.000000,0.247013,0.969012,0.000000,0.969012,-0.247013,-1.000000,0.000000,0.000000,0.969012,-0.247013,0.175000,1.000000
0.000000,0.254084,0.967182,0.000000,0.967182,-0.254084,-1.000000,0.000000,0.000000,0.967182,-0.254084,0.175000,1.000000
0.000000,0.261236,0.965275,0.000000,0.965275,-0.261236,-1.000000,0.000000,0.000000,0.965275,-0.261236,0.175000,1.000000
0.000000,0.268468,0.963288,0.000000,0.963288,-0.268468,-1.000000,0.000000,0.000000,0.963288,-0.268468,0.175000,1.000000
0.000000,0.275778,0.961221,0.000000,0.961221,-0.275778,-1.000000,0.000000,0.000000,0.961221,-0.275778,0.175000,1.000000
0.000000,0.283164,0.959072,0.000000,0.959072,-0.283164,-1.000000,0.000000,0.000000,0.959072,-0.283164,0.175000,1.000000
0.000000,0.290622,0.956838,0.000000,0.956838,-0.290622,-1.000000,0.000000,0.000000,0.956838,-0.290622,0.175000,1.000000
0.000000,0.298152,0.954518,0.000000,0.954518,-0.298152,-1.000000,0.000000,0.000000,0.954518,-0.298152,0.175000,1.000000
0.000000,0.305750,0.952112,0.000000,0.952112,-0.305750,-1.000000,0.000000,0.000000,0.952112,-0.305750,0.175000,1.000000
0.000000,0.313415,0.949616,0.000000,0.949616,-0.313415,-1.000000,0.000000,0.000000,0.949616,-0.313415,0.175000,1.000000
0.000000,0.321144,0.947030,0.000000,0.947030,-0.321144,-1.000000,0.000000,0.000000,0.947030,-0.321144,0.175000,1.000000
0.000000,0.328934,0.944353,0.000000,0.944353,-0.328934,-1.000000,0.000000,0.000000,0.944353,-0.328934,0.175000,1.000000
0.000000,0.336783,0.941582,0.000000,0.941582,-0.336783,-1.000000,0.000000,0.000000,0.941582,-0.336783,0.175000,1.000000
0.000000,0.344688,0.938717,0.000000,0.938717,-0.344688,-1.000000,0.000000,0.000000,0.938717,-0.344688,0.175000,1.000000
0.000000,0.352647,0.935756,0.000000,0.935756,-0.352647,-1.000000,0.000000,0.000000,0.935756,-0.352647,0.175000,1.000000
0.000000,0.360657,0.932698,0.000000,0.932698,-0.360657,-1.000000,0.000000,0.000000,0.932698,-0.360657,0.175000,1.000000
0.000000,0.368715,0.929542,0.000000,0.929542,-0.368715,-1.000000,0.000000,0.000000,0.929542,-0.368715,0.175000,1.000000
0.000000,0.376819,0.926287,0.000000,0.926287,-0.376819,-1.000000,0.000000,0.000000,0.926287,-0.376819,0.175000,1.000000
0.000000,0.384965,0.922931,0.000000,0.922931,-0.384965,-1.000000,0.000000,0.000000,0.922931,-0.384965,0.175000,1.000000
0.000000,0.393151,0.919474,0.000000,0.919474,-0.393151,-1.000000,0.000000,0.000000,0.919474,-0.393151,0.175000,1.000000
0.000000,0.401374,0.915914,0.000000,0.915914,-0.401374,-1.000000,0.000000,0.000000,0.915914,-0.401374,0.175000,1.000000
0.000000,0.409630,0.912252,0.000000,0.912252,-0.409630,-1.000000,0.000000,0.000000,0.912252,-0.409630,0.175000,1.000000
0.000000,0.417918,0.908485,0.000000,0.908485,-0.417918,-1.000000,0.000000,0.000000,0.908485,-0.417918,0.175000,1.000000
0.000000,0.426233,0.904613,0.000000,0.904613,-0.426233,-1.000000,0.000000,0.000000,0.904613,-0.426233,0.175000,1.000000
0.000000,0.434574,0.900636,0.000000,0.900636,-0.434574,-1.000000,0.000000,0.000000,0.900636,-0.434574,0.175000,1.000000
0.000000,0.442936,0.896553,0.000000,0.896553,-0.442936,-1.000000,0.000000,0.000000,0.896553,-0.442936,0.175000,1.000000
0.000000,0.451317,0.892364,0.000000,0.892364,-0.451317,-1.000000,0.000000,0.000000,0.892364,-0.451317,0.175000,1.000000
0.000000,0.459714,0.888067,0.000000,0.888067,-0.459714,-1.000000,0.000000,0.000000,0.888067,-0.459714,0.175000,1.000000
0.000000,0.468123,0.883663,0.000000,0.883663,-0.468123,-1.000000,0.000000,0.000000,0.883663,-0.468123,0.175000,1.000000
0.000000,0.476541,0.879152,0.000000,0.879152,-0.476541,-1.000000,0.000000,0.000000,0.879152,-0.476541,0.175000,1.000000
0.000000,0.484966,0.874533,0.000000,0.874533,-0.484966,-1.000000,0.000000,0.000000,0.874533,-0.484966,0.175000,1.000000
0.000000,0.493394,0.869806,0.000000,0.869806,-0.493394,-1.000000,0.000000,0.000000,0.869806,-0.493394,0.175000,1.000000
0.000000,0.501822,0.864971,0.000000,0.864971,-0.501822,-1.000000,0.000000,0.000000,0.864971,-0.501822,0.175000,1.000000
0.000000,0.510247,0.860028,0.000000,0.860028,-0.510247,-1.000000,0.000000,0.000000,0.860028,-0.510247,0.175000,1.000000
0.000000,0.518665,0.854978,0.000000,0.854978,-0.518665,-1.000000,0.000000,0.000000,0.854978,-0.518665,0.175000,1.000000
0.000000,0.527073,0.849820,0.000000,0.849820,-0.527073,-1.000000,0.000000,0.000000,0.849820,-0.527073,0.175000,1.000000
0.000000,0.535469,0.844555,0.000000,0.844555,-0.535469,-1.000000,0.000000,0.000000,0.844555,-0.535469,0.175000,1.000000
0.000000,0.543849,0.839183,0.000000,0.839183,-0.543849,-1.000000,0.000000,0.000000,0.839183,-0.543849,0.175000,1.000000
0.000000,0.552210,0.833705,0.000000,0.833705,-0.552210,-1.000000,0.000000,0.000000,0.833705,-0.552210,0.175000,1.000000
0.000000,0.560548,0.828122,0.000000,0.828122,-0.560548,-1.000000,0.000000,0.000000,0.828122,-0.560548,0.175000,1.000000
0.000000,0.568861,0.822434,0.000000,0.822434,-0.568861,-1.000000,0.000000,0.000000,0.822434,-0.568861,0.175000,1.000000
0.000000,0.577146,0.816641,0.000000,0.816641,-0.577146,-1.000000,0.000000,0.000000,0.816641,-0.577146,0.175000,1.000000
0.000000,0.585399,0.810745,0.000000,0.810745,-0.585399,-1.000000,0.000000,0.000000,0.810745,-0.585399,0.175000,1.000000
0.000000,0.593617,0.804747,0.000000,0.804747,-0.593617,-1.000000,0.000000,0.000000,0.804747,-0.593617,0.175000,1.000000
0.000000,0.601798,0.798648,0.000000,0.798648,-0.601798,-1.000000,0.000000,0.000000,0.798648,-0.601798,0.175000,1.000000
0.000000,0.609939,0.792449,0.000000,0.792449,-0.609939,-1.000000,0.000000,0.000000,0.792449,-0.609939,0.175000,1.000000
0.000000,0.618035,0.786150,0.000000,0.786150,-0.618035,-1.000000,0.000000,0.000000,0.786150,-0.618035,0.175000,1.000000
0.000000,0.626085,0.779754,0.000000,0.779754,-0.626085,-1.000000,0.000000,0.000000,0.779754,-0.626085,0.175000,1.000000
0.000000,0.634086,0.773262,0.000000,0.773262,-0.634086,-1.000000,0.000000,0.000000,0.773262,-0.634086,0.175000,1.000000
0.000000,0.642035,0.766676,0.000000,0.766676,-0.642035,-1.000000,0.000000,0.000000,0.766676,-0.642035,0.175000,1.000000
0.000000,0.649928,0.759996,0.000000,0.759996,-0.649928,-1.000000,0.000000,0.000000,0.759996,-0.649928,0.175000,1.000000
0.000000,0.657764,0.753224,0.000000,0.753224,-0.657764,-1.000000,0.000000,0.000000,0.753224,-0.657764,0.175000,1.000000
0.000000,0.665539,0.746363,0.000000,0.746363,-0.665539,-1.000000,0.000000,0.000000,0.746363,-0.665539,0.175000,1.000000
0.000000,0.673251,0.739414,0.000000,0.739414,-0.673251,-1.000000,0.000000,0.000000,0.739414,-0.673251,0.175000,1.000000
0.000000,0.680898,0.732378,0.000000,0.732378,-0.680898,-1.000000,0.000000,0.000000,0.732378,-0.680898,0.175000,1.000000
0.000000,0.688476,0.725259,0.000000,0.725259,-0.688476,-1.000000,0.000000,0.000000,0.725259,-0.688476,0.175000,1.000000
0.000000,0.695983,0.718058,0.000000,0.718058,-0.695983,-1.000000,0.000000,0.000000,0.718058,-0.695983,0.175000,1.000000
0.000000,0.703418,0.710777,0.000000,0.710777,-0.703418,-1.000000,0.000000,0.000000,0.710777,-0.703418,0.175000,1.000000
0.000000,0.710777,0.703418,0.000000,0.703418,-0.710777,-1.000000,0.000000,0.000000,0.703418,-0.710777,0.175000,1.000000
0.000000,0.718058,0.695983,0.000000,0.695983,-0.718058,-1.000000,0.000000,0.000000,0.695983,-0.718058,0.175000,1.000000
0.000000,0.725259,0.688476,0.000000,0.688476,-0.725259,-1.000000,0.000000,0.000000,0.688476,-0.725259,0.175000,1.000000
0.000000,0.732378,0.680898,0.000000,0.680898,-0.732378,-1.000000,0.000000,0.000000,0.680898,-0.732378,0.175000,1.000000
0.000000,0.739414,0.673251,0.000000,0.673251,-0.739414,-1.000000,0.000000,0.000000,0.673251,-0.739414,0.175000,1.000000
0.000000,0.746363,0.665539,0.000000,0.665539,-0.746363,-1.000000,0.000000,0.000000,0.665539,-0.746363,0.175000,1.000000
0.000000,0.753224,0.657764,0.000000,0.657764,-0.753224,-1.000000,0.000000,0.000000,0.657764,-0.753224,0.175000,1.000000
0.000000,0.759996,0.649928,0.000000,0.649928,-0.759996,-1.000000,0.000000,0.000000,0.649928,-0.759996,0.175000,1.000000
0.000000,0.766676,0.642035,0.000000,0.642035,-0.766676,-1.000000,0.000000,0.000000,0.642035,-0.766676,0.175000,1.000000
0.000000,0.773262,0.634086,0.000000,0.634086,-0.773262,-1.000000,0.000000,0.000000,0.634086,-0.773262,0.175000,1.000000
0.000000,0.779754,0.626085,0.000000,0.626085,-0.779754,-1.000000,0.000000,0.000000,0.626085,-0.779754,0.175000,1.000000
0.000000,0.786150,0.618035,0.000000,0.618035,-0.786150,-1.000000,0.000000,0.000000,0.618035,-0.786150,0.175000,1.000000
0.000000,0.792449,0.609939,0.000000,0.609939,-0.792449,-1.000000,0.000000,0.000000,0.609939,-0.792449,0.175000,1.000000
0.000000,0.798648,0.601798,0.000000,0.601798,-0.798648,-1.000000,0.000000,0.000000,0.601798,-0.798648,0.175000,1.000000
0.000000,0.804747,0.593617,0.000000,0.593617,-0.804747,-1.000000,0.000000,0.000000,0.593617,-0.804747,0.175000,1.000000
0.000000,0.810745,0.585399,0.000000,0.585399,-0.810745,-1.000000,0.000000,0.000000,0.585399,-0.810745,0.175000,1.000000
0.000000,0.816641,0.577146,0.000000,0.577146,-0.816641,-1.000000,0.000000,0.000000,0.577146,-0.816641,0.175000,1.000000
0.000000,0.822434,0.568861,0.000000,0.568861,-0.822434,-1.000000,0.000000,0.000000,0.568861,-0.822434,0.175000,1.000000
0.000000,0.828122,0.560548,0.000000,0.560548,-0.828122,-1.000000,0.000000,0.000000,0.560548,-0.828122,0.175000,1.000000
0.000000,0.833705,0.552210,0.000000,0.552210,-0.833705,-1.000000,0.000000,0.000000,0.552210,-0.833705,0.175000,1.000000
0.000000,0.839183,0.543849,0.000000,0.543849,-0.839183,-1.000000,0.000000,0.000000,0.543849,-0.839183,0.175000,1.000000
0.000000,0.844555,0.535469,0.000000,0.535469,-0.844555,-1.000000,0.000000,0.000000,0.535469,-0.844555,0.175000,1.000000
0.000000,0.849820,0.527073,0.000000,0.527073,-0.849820,-1.000000,0.000000,0.000000,0.527073,-0.849820,0.175000,1.000000
0.000000,0.854978,0.518665,0.000000,0.518665,-0.854978,-1.000000,0.000000,0.000000,0.518665,-0.854978,0.175000,1.000000
0.000000,0.860028,0.510247,0.000000,0.510247,-0.860028,-1.000000,0.000000,0.000000,0.510247,-0.860028,0.175000,1.000000
0.000000,0.864971,0.501822,0.000000,0.501822,-0.864971,-1.000000,0.000000,0.000000,0.501822,-0.864971,0.175000,1.000000
0.000000,0.869806,0.493394,0.000000,0.493394,-0.869806,-1.000000,0.000000,0.000000,0.493394,-0.869806,0.175000,1.000000
0.000000,0.874533,0.484966,0.000000,0.484966,-0.874533,-1.000000,0.000000,0.000000,0.484966,-0.874533,0.175000,1.000000
0.000000,0.879152,0.476541,0.000000,0.476541,-0.879152,-1.000000,0.000000,0.000000,0.476541,-0.879152,0.175000,1.000000
0.000000,0.883663,0.468123,0.000000,0.468123,-0.883663,-1.000000,0.000000,0.000000,0.468123,-0.883663,0.175000,1.000000
0.000000,0.888067,0.459714,0.000000,0.459714,-0.888067,-1.000000,0.000000,0.000000,0.459714,-0.888067,0.175000,1.000000
0.000000,0.892364,0.451317,0.000000,0.451317,-0.892364,-1.000000,0.000000,0.000000,0.451317,-0.892364,0.175000,1.000000
0.000000,0.896553,0.442936,0.000000,0.442936,-0.896553,-1.000000,0.000000,0.000000,0.442936,-0.896553,0.175000,1.000000
0.000000,0.900636,0.434574,0.000000,0.434574,-0.900636,-1.000000,0.000000,0.000000,0.434574,-0.900636,0.175000,1.000000
0.000000,0.904613,0.426233,0.000000,0.426233,-0.904613,-1.000000,0.000000,0.000000,0.426233,-0.904613,0.175000,1.000000
0.000000,0.908485,0.417918,0.000000,0.417918,-0.908485,-1.000000,0.000000,0.000000,0.417918,-0.908485,0.175000,1.000000
0.000000,0.912252,0.409630,0.000000,0.409630,-0.912252,-1.000000,0.000000,0.000000,0.409630,-0.912252,0.175000,1.000000
0.000000,0.915914,0.401374,0.000000,0.401374,-0.915914,-1.000000,0.000000,0.000000,0.401374,-0.915914,0.175000,1.000000
0.000000,0.919474,0.393151,0.000000,0.393151,-0.919474,-1.000000,0.000000,0.000000,0.393151,-0.919474,0.175000,1.000000
0.000000,0.922931,0.384965,0.000000,0.384965,-0.922931,-1.000000,0.000000,0.000000,0.384965,-0.922931,0.175000,1.000000
0.000000,0.926287,0.376819,0.000000,0.376819,-0.926287,-1.000000,0.000000,0.000000,0.376819,-0.926287,0.175000,1.000000
0.000000,0.929542,0.368715,0.000000,0.368715,-0.929542,-1.000000,0.000000,0.000000,0.368715,-0.929542,0.175000,1.000000
0.000000,0.932698,0.360657,0.000000,0.360657,-0.932698,-1.000000,0.000000,0.000000,0.360657,-0.932698,0.175000,1.000000
0.000000,0.935756,0.352647,0.000000,0.352647,-0.935756,-1.000000,0.000000,0.000000,0.352647,-0.935756,0.175000,1.000000
0.000000,0.938717,0.344688,0.000000,0.344688,-0.938717,-1.000000,0.000000,0.000000,0.344688,-0.938717,0.175000,1.000000
0.000000,0.941582,0.336783,0.000000,0.336783,-0.941582,-1.000000,0.000000,0.000000,0.336783,-0.941582,0.175000,1.000000
0.000000,0.944353,0.328934,0.000000,0.328934,-0.944353,-1.000000,0.000000,0.000000,0.328934,-0.944353,0.175000,1.000000
0.000000,0.947030,0.321144,0.000000,0.321144,-0.947030,-1.000000,0.000000,0.000000,0.321144,-0.947030,0.175000,1.000000
0.000000,0.949616,0.313415,0.000000,0.313415,-0.949616,-1.000000,0.000000,0.000000,0.313415,-0.949616,0.175000,1.000000
0.000000,0.952112,0.305750,0.000000,0.305750,-0.952112,-1.000000,0.000000,0.000000,0.305750,-0.952112,0.175000,1.000000
0.000000,0.954518,0.298152,0.000000,0.298152,-0.954518,-1.000000,0.000000,0.000000,0.298152,-0.954518,0.175000,1.000000
0.000000,0.956838,0.290622,0.000000,0.290622,-0.956838,-1.000000,0.000000,0.000000,0.290622,-0.956838,0.175000,1.000000
0.000000,0.959072,0.283164,0.000000,0.283164,-0.959072,-1.000000,0.000000,0.000000,0.283164,-0.959072,0.175000,1.000000
0.000000,0.961221,0.275778,0.000000,0.275778,-0.961221,-1.000000,0.000000,0.000000,0.275778,-0.961221,0.175000,1.000000
0.000000,0.963288,0.268468,0.000000,0.268468,-0.963288,-1.000000,0.000000,0.000000,0.268468,-0.963288,0.175000,1.000000
0.000000,0.965275,0.261236,0.000000,0.261236,-0.965275,-1.000000,0.000000,0.000000,0.261236,-0.965275,0.175000,1.000000
0.000000,0.967182,0.254084,0.000000,0.254084,-0.967182,-1.000000,0.000000,0.000000,0.254084,-0.967182,0.175000,1.000000
0.000000,0.969012,0.247013,0.000000,0.247013,-0.969012,-1.000000,0.000000,0.000000,0.247013,-0.969012,0.175000,1.000000
0.000000,0.970766,0.240026,0.000000,0.240026,-0.970766,-1.000000,0.000000,0.000000,0.240026,-0.970766,0.175000,1.000000
0.000000,0.972447,0.233125,0.000000,0.233125,-0.972447,-1.000000,0.000000,0.000000,0.233125,-0.972447,0.175000,1.000000
0.000000,0.974055,0.226311,0.000000,0.226311,-0.974055,-1.000000,0.000000,0.000000,0.226311,-0.974055,0.175000,1.000000
0.000000,0.975593,0.219586,0.000000,0.219586,-0.975593,-1.000000,0.000000,0.000000,0.219586,-0.975593,0.175000,1.000000
0.000000,0.977063,0.212952,0.000000,0.212952,-0.977063,-1.000000,0.000000,0.000000,0.212952,-0.977063,0.175000,1.000000
0.000000,0.978465,0.206411,0.000000,0.206411,-0.978465,-1.000000,0.000000,0.000000,0.206411,-0.978465,0.175000,1.000000
0.000000,0.979803,0.199964,0.000000,0.199964,-0.979803,-1.000000,0.000000,0.000000,0.199964,-0.979803,0.175000,1.000000
0.000000,0.981078,0.193612,0.000000,0.193612,-0.981078,-1.000000,0.000000,0.000000,0.193612,-0.981078,0.175000,1.000000
0.000000,0.982292,0.187357,0.000000,0.187357,-0.982292,-1.000000,0.000000,0.000000,0.187357,-0.982292,0.175000,1.000000
0.000000,0.983446,0.181201,0.000000,0.181201,-0.983446,-1.000000,0.000000,0.000000,0.181201,-0.983446,0.175000,1.000000
0.000000,0.984543,0.175144,0.000000,0.175144,-0.984543,-1.000000,0.000000,0.000000,0.175144,-0.984543,0.175000,1.000000
0.000000,0.985584,0.169188,0.000000,0.169188,-0.985584,-1.000000,0.000000,0.000000,0.169188,-0.985584,0.175000,1.000000
0.000000,0.986571,0.163334,0.000000,0.163334,-0.986571,-1.000000,0.000000,0.000000,0.163334,-0.986571,0.175000,1.000000
0.000000,0.987506,0.157583,0.000000,0.157583,-0.987506,-1.000000,0.000000,0.000000,0.157583,-0.987506,0.175000,1.000000
0.000000,0.988390,0.151936,0.000000,0.151936,-0.988390,-1.000000,0.000000,0.000000,0.151936,-0.988390,0.175000,1.000000
0.000000,0.989226,0.146394,0.000000,0.146394,-0.989226,-1.000000,0.000000,0.000000,0.146394,-0.989226,0.175000,1.000000
0.000000,0.990016,0.140958,0.000000,0.140958,-0.990016,-1.000000,0.000000,0.000000,0.140958,-0.990016,0.175000,1.000000
0.000000,0.990760,0.135629,0.000000,0.135629,-0.990760,-1.000000,0.000000,0.000000,0.135629,-0.990760,0.175000,1.000000
0.000000,0.991461,0.130407,0.000000,0.130407,-0.991461,-1.000000,0.000000,0.000000,0.130407,-0.991461,0.175000,1.000000
0.000000,0.992120,0.125293,0.000000,0.125293,-0.992120,-1.000000,0.000000,0.000000,0.125293,-0.992120,0.175000,1.000000
0.000000,0.992739,0.120288,0.000000,0.120288,-0.992739,-1.000000,0.000000,0.000000,0.120288,-0.992739,0.175000,1.000000
0.000000,0.993320,0.115392,0.000000,0.115392,-0.993320,-1.000000,0.000000,0.000000,0.115392,-0.993320,0.175000,1.000000
0.000000,0.993864,0.110605,0.000000,0.110605,-0.993864,-1.000000,0.000000,0.000000,0.110605,-0.993864,0.175000,1.000000
0.000000,0.994374,0.105929,0.000000,0.105929,-0.994374,-1.000000,0.000000,0.000000,0.105929,-0.994374,0.175000,1.000000
0.000000,0.994850,0.101363,0.000000,0.101363,-0.994850,-1.000000,0.000000,0.000000,0.101363,-0.994850,0.175000,1.000000
0.000000,0.995293,0.096907,0.000000,0.096907,-0.995293,-1.000000,0.000000,0.000000,0.096907,-0.995293,0.175000,1.000000
0.000000,0.995707,0.092562,0.000000,0.092562,-0.995707,-1.000000,0.000000,0.000000,0.092562,-0.995707,0.175000,1.000000
0.000000,0.996091,0.088328,0.000000,0.088328,-0.996091,-1.000000,0.000000,0.000000,0.088328,-0.996091,0.175000,1.000000
0.000000,0.996448,0.084205,0.000000,0.084205,-0.996448,-1.000000,0.000000,0.000000,0.084205,-0.996448,0.175000,1.000000
0.000000,0.996779,0.080192,0.000000,0.080192,-0.996779,-1.000000,0.000000,0.000000,0.080192,-0.996779,0.175000,1.000000
0.000000,0.997086,0.076291,0.000000,0.076291,-0.997086,-1.000000,0.000000,0.000000,0.076291,-0.997086,0.175000,1.000000
0.000000,0.997368,0.072500,0.000000,0.072500,-0.997368,-1.000000,0.000000,0.000000,0.072500,-0.997368,0.175000,1.000000
0.000000,0.997629,0.068819,0.000000,0.068819,-0.997629,-1.000000,0.000000,0.000000,0.068819,-0.997629,0.175000,1.000000
0.000000,0.997869,0.065248,0.000000,0.065248,-0.997869,-1.000000,0.000000,0.000000,0.065248,-0.997869,0.175000,1.000000
0.000000,0.998089,0.061787,0.000000,0.061787,-0.998089,-1.000000,0.000000,0.000000,0.061787,-0.998089,0.175000,1.000000
0.000000,0.998291,0.058435,0.000000,0.058435,-0.998291,-1.000000,0.000000,0.000000,0.058435,-0.998291,0.175000,1.000000
0.000000,0.998476,0.055192,0.000000,0.055192,-0.998476,-1.000000,0.000000,0.000000,0.055192,-0.998476,0.175000,1.000000
0.000000,0.998644,0.052057,0.000000,0.052057,-0.998644,-1.000000,0.000000,0.000000,0.052057,-0.998644,0.175000,1.000000
0.000000,0.998797,0.049029,0.000000,0.049029,-0.998797,-1.000000,0.000000,0.000000,0.049029,-0.998797,0.175000,1.000000
0.000000,0.998936,0.046108,0.000000,0.046108,-0.998936,-1.000000,0.000000,0.000000,0.046108,-0.998936,0.175000,1.000000
0.000000,0.999062,0.043293,0.000000,0.043293,-0.999062,-1.000000,0.000000,0.000000,0.043293,-0.999062,0.175000,1.000000
0.000000,0.999176,0.040583,0.000000,0.040583,-0.999176,-1.000000,0.000000,0.000000,0.040583,-0.999176,0.175000,1.000000
0.000000,0.999279,0.037978,0.000000,0.037978,-0.999279,-1.000000,0.000000,0.000000,0.037978,-0.999279,0.175000,1.000000
0.000000,0.999371,0.035475,0.000000,0.035475,-0.999371,-1.000000,0.000000,0.000000,0.035475,-0.999371,0.175000,1.000000
0.000000,0.999453,0.033075,0.000000,0.033075,-0.999453,-1.000000,0.000000,0.000000,0.033075,-0.999453,0.175000,1.000000
0.000000,0.999526,0.030776,0.000000,0.030776,-0.999526,-1.000000,0.000000,0.000000,0.030776,-0.999526,0.175000,1.000000
0.000000,0.999592,0.028576,0.000000,0.028576,-0.999592,-1.000000,0.000000,0.000000,0.028576,-0.999592,0.175000,1.000000
0.000000,0.999649,0.026476,0.000000,0.026476,-0.999649,-1.000000,0.000000,0.000000,0.026476,-0.999649,0.175000,1.000000
0.000000,0.999701,0.024472,0.000000,0.024472,-0.999701,-1.000000,0.000000,0.000000,0.024472,-0.999701,0.175000,1.000000
0.000000,0.999745,0.022565,0.000000,0.022565,-0.999745,-1.000000,0.000000,0.000000,0.022565,-0.999745,0.175000,1.000000
0.000000,0.999785,0.020751,0.000000,0.020751,-0.999785,-1.000000,0.000000,0.000000,0.020751,-0.999785,0.175000,1.000000
0.000000,0.999819,0.019031,0.000000,0.019031,-0.999819,-1.000000,0.000000,0.000000,0.019031,-0.999819,0.175000,1.000000
0.000000,0.999849,0.017402,0.000000,0.017402,-0.999849,-1.000000,0.000000,0.000000,0.017402,-0.999849,0.175000,1.000000
0.000000,0.999874,0.015862,0.000000,0.015862,-0.999874,-1.000000,0.000000,0.000000,0.015862,-0.999874,0.175000,1.000000
0.000000,0.999896,0.014411,0.000000,0.014411,-0.999896,-1.000000,0.000000,0.000000,0.014411,-0.999896,0.175000,1.000000
0.000000,0.999915,0.013045,0.000000,0.013045,-0.999915,-1.000000,0.000000,0.000000,0.013045,-0.999915,0.175000,1.000000
0.000000,0.999931,0.011763,0.000000,0.011763,-0.999931,-1.000000,0.000000,0.000000,0.011763,-0.999931,0.175000,1.000000
0.000000,0.999944,0.010564,0.000000,0.010564,-0.999944,-1.000000,0.000000,0.000000,0.010564,-0.999944,0.175000,1.000000
0.000000,0.999955,0.009444,0.000000,0.009444,-0.999955,-1.000000,0.000000,0.000000,0.009444,-0.999955,0.175000,1.000000
0.000000,0.999965,0.008403,0.000000,0.008403,-0.999965,-1.000000,0.000000,0.000000,0.008403,-0.999965,0.175000,1.000000
0.000000,0.999972,0.007438,0.000000,0.007438,-0.999972,-1.000000,0.000000,0.000000,0.007438,-0.999972,0.175000,1.000000
0.000000,0.999979,0.006546,0.000000,0.006546,-0.999979,-1.000000,0.000000,0.000000,0.006546,-0.999979,0.175000,1.000000
0.000000,0.999984,0.005725,0.000000,0.005725,-0.999984,-1.000000,0.000000,0.000000,0.005725,-0.999984,0.175000,1.000000
0.000000,0.999988,0.004973,0.000000,0.004973,-0.999988,-1.000000,0.000000,0.000000,0.004973,-0.999988,0.175000,1.000000
0.000000,0.999991,0.004288,0.000000,0.004288,-0.999991,-1.000000,0.000000,0.000000,0.004288,-0.999991,0.175000,1.000000
0.000000,0.999993,0.003666,0.000000,0.003666,-0.999993,-1.000000,0.000000,0.000000,0.003666,-0.999993,0.175000,1.000000
0.000000,0.999995,0.003105,0.000000,0.003105,-0.999995,-1.000000,0.000000,0.000000,0.003105,-0.999995,0.175000,1.000000
0.000000,0.999997,0.002603,0.000000,0.002603,-0.999997,-1.000000,0.000000,0.000000,0.002603,-0.999997,0.175000,1.000000
0.000000,0.999998,0.002157,0.000000,0.002157,-0.999998,-1.000000,0.000000,0.000000,0.002157,-0.999998,0.175000,1.000000
0.000000,0.999998,0.001763,0.000000,0.001763,-0.999998,-1.000000,0.000000,0.000000,0.001763,-0.999998,0.175000,1.000000
0.000000,0.999999,0.001420,0.000000,0.001420,-0.999999,-1.000000,0.000000,0.000000,0.001420,-0.999999,0.175000,1.000000
0.000000,0.999999,0.001123,0.000000,0.001123,-0.999999,-1.000000,0.000000,0.000000,0.001123,-0.999999,0.175000,1.000000
0.000000,1.000000,0.000869,0.000000,0.000869,-1.000000,-1.000000,0.000000,0.000000,0.000869,-1.000000,0.175000,1.000000
0.000000,1.000000,0.000657,0.000000,0.000657,-1.000000,-1.000000,0.000000,0.000000,0.000657,-1.000000,0.175000,1.000000
0.000000,1.000000,0.000481,0.000000,0.000481,-1.000000,-1.000000,0.000000,0.000000,0.000481,-1.000000,0.175000,1.000000
0.000000,1.000000,0.000340,0.000000,0.000340,-1.000000,-1.000000,0.000000,0.000000,0.000340,-1.000000,0.175000,1.000000
0.000000,1.000000,0.000229,0.000000,0.000229,-1.000000,-1.000000,0.000000,0.000000,0.000229,-1.000000,0.175000,1.000000
0.000000,1.000000,0.000145,0.000000,0.000145,-1.000000,-1.000000,0.000000,0.000000,0.000145,-1.000000,0.175000,1.000000
0.000000,1.000000,0.000084,0.000000,0.000084,-1.000000,-1.000000,0.000000,0.000000,0.000084,-1.000000,0.175000,1.000000
0.000000,1.000000,0.000043,0.000000,0.000043,-1.000000,-1.000000,0.000000,0.000000,0.000043,-1.000000,0.175000,1.000000
0.000000,1.000000,0.000018,0.000000,0.000018,-1.000000,-1.000000,0.000000,0.000000,0.000018,-1.000000,0.175000,1.000000
0.000000,1.000000,0.000005,0.000000,0.000005,-1.000000,-1.000000,0.000000,0.000000,0.000005,-1.000000,0.175000,1.000000
0.000000,1.000000,0.000001,0.000000,0.000001,-1.000000,-1.000000,0.000000,0.000000,0.000001,-1.000000,0.175000,1.000000
0.000000,1.000000,0.000000,0.000000,0.000000,-1.000000,-1.000000,0.000000,0.000000,-0.000000,-1.000000,0.175000,1.000000
0.000000,1.000000,0.000000,0.000000,0.000000,-1.000000,-1.000000,0.000000,0.000000,0.000000,-1.000000,0.174947,1.000000
0.000000,1.000000,0.000000,0.000000,0.000000,-1.000000,-1.000000,0.000000,0.000000,0.000000,-1.000000,0.174599,1.000000
0.000000,1.000000,0.000000,0.000000,0.000000,-1.000000,-1.000000,0.000000,0.000000,0.000000,-1.000000,0.173716,1.000000
0.000000,1.000000,0.000000,0.000000,0.000000,-1.000000,-1.000000,0.000000,0.000000,0.000000,-1.000000,0.172118,1.000000
0.000000,1.000000,0.000000,0.000000,0.000000,-1.000000,-1.000000,0.000000,0.000000,0.000000,-1.000000,0.169676,1.000000
0.000000,1.000000,0.000000,0.000000,0.000000,-1.000000,-1.000000,0.000000,0.000000,0.000000,-1.000000,0.166312,1.000000
0.000000,1.000000,0.000000,0.000000,0.000000,-1.000000,-1.000000,0.000000,0.000000,0.000000,-1.000000,0.161991,1.000000
0.000000,1.000000,0.000000,0.000000,0.000000,-1.000000,-1.000000,0.000000,0.000000,0.000000,-1.000000,0.156720,1.000000
0.000000,1.000000,0.000000,0.000000,0.000000,-1.000000,-1.000000,0.000000,0.000000,0.000000,-1.000000,0.150538,1.000000
0.000000,1.000000,0.000000,0.000000,0.000000,-1.000000,-1.000000,0.000000,0.000000,0.000000,-1.000000,0.143519,1.000000
0.000000,1.000000,0.000000,0.000000,0.000000,-1.000000,-1.000000,0.000000,0.000000,0.000000,-1.000000,0.135760,1.000000
0.000000,1.000000,0.000000,0.000000,0.000000,-1.000000,-1.000000,0.000000,0.000000,0.000000,-1.000000,0.127384,1.000000
0.000000,1.000000,0.000000,0.000000,0.000000,-1.000000,-1.000000,0.000000,0.000000,0.000000,-1.000000,0.118529,1.000000
0.000000,1.000000,0.000000,0.000000,0.000000,-1.000000,-1.000000,0.000000,0.000000,0.000000,-1.000000,0.109347,1.000000
0.000000,1.000000,0.000000,0.000000,0.000000,-1.000000,-1.000000,0.000000,0.000000,0.000000,-1.000000,0.100000,1.000000
0.000000,1.000000,0.000000,0.000000,0.000000,-1.000000,-1.000000,0.000000,0.000000,0.000000,-1.000000,0.090653,1.000000
0.000000,1.000000,0.000000,0.000000,0.000000,-1.000000,-1.000000,0.000000,0.000000,0.000000,-1.000000,0.081471,1.000000
0.000000,1.000000,0.000000,0.000000,0.000000,-1.000000,-1.000000,0.000000,0.000000,0.000000,-1.000000,0.072616,1.000000
0.000000,1.000000,0.000000,0.000000,0.000000,-1.000000,-1.000000,0.000000,0.000000,0.000000,-1.000000,0.064240,1.000000
0.000000,1.000000,0.000000,0.000000,0.000000,-1.000000,-1.000000,0.000000,0.000000,0.000000,-1.000000,0.056481,1.000000
0.000000,1.000000,0.000000,0.000000,0.000000,-1.000000,-1.000000,0.000000,0.000000,0.000000,-1.000000,0.049462,1.000000
0.000000,1.000000,0.000000,0.000000,0.000000,-1.000000,-1.000000,0.000000,0.000000,0.000000,-1.000000,0.043280,1.000000
0.000000,1.000000,0.000000,0.000000,0.000000,-1.000000,-1.000000,0.000000,0.000000,0.000000,-1.000000,0.038009,1.000000
0.000000,1.000000,0.000000,0.000000,0.000000,-1.000000,-1.000000,0.000000,0.000000,0.000000,-1.000000,0.033688,1.000000
0.000000,1.000000,0.000000,0.000000,0.000000,-1.000000,-1.000000,0.000000,0.000000,0.000000,-1.000000,0.030324,1.000000
0.000000,1.000000,0.000000,0.000000,0.000000,-1.000000,-1.000000,0.000000,0.000000,0.000000,-1.000000,0.027882,1.000000
0.000000,1.000000,0.000000,0.000000,0.000000,-1.000000,-1.000000,0.000000,0.000000,0.000000,-1.000000,0.026284,1.000000
0.000000,1.000000,0.000000,0.000000,0.000000,-1.000000,-1.000000,0.000000,0.000000,0.000000,-1.000000,0.025401,1.000000
0.000000,1.000000,0.000000,0.000000,0.000000,-1.000000,-1.000000,0.000000,0.000000,0.000000,-1.000000,0.025053,1.000000
0.000000,1.000000,0.000000,0.000000,0.000000,-1.000000,-1.000000,0.000000,0.000000,0.000000,-1.000000,0.025000,1.000000
0.000000,1.000000,0.000000,0.000000,0.000000,-1.000000,-1.000000,0.000000,0.000000,0.000000,-1.000000,0.025000,0.000000
0.000000,1.000000,0.000000,0.000000,0.000000,-1.000000,-1.000000,0.000000,0.000000,0.000000,-1.000000,0.025000,0.000000
0.000000,1.000000,0.000000,0.000000,0.000000,-1.000000,-1.000000,0.000000,0.000000,0.000000,-1.000000,0.025000,0.000000
0.000000,1.000000,0.000000,0.000000,0.000000,-1.000000,-1.000000,0.000000,0.000000,0.000000,-1.000000,0.025000,0.000000
0.000000,1.000000,0.000000,0.000000,0.000000,-1.000000,-1.000000,0.000000,0.000000,0.000000,-1.000000,0.025000,0.000000
0.000000,1.000000,0.000000,0.000000,0.000000,-1.000000,-1.000000,0.000000,0.000000,0.000000,-1.000000,0.025000,0.000000
0.000000,1.000000,0.000000,0.000000,0.000000,-1.000000,-1.000000,0.000000,0.000000,0.000000,-1.000000,0.025000,0.000000
0.000000,1.000000,0.000000,0.000000,0.000000,-1.000000,-1.000000,0.000000,0.000000,0.000000,-1.000000,0.025000,0.000000
0.000000,1.000000,0.000000,0.000000,0.000000,-1.000000,-1.000000,0.000000,0.000000,0.000000,-1.000000,0.025000,0.000000
0.000000,1.000000,0.000000,0.000000,0.000000,-1.000000,-1.000000,0.000000,0.000000,0.000000,-1.000000,0.025000,0.000000
0.000000,1.000000,0.000000,0.000000,0.000000,-1.000000,-1.000000,0.000000,0.000000,0.000000,-1.000000,0.025000,0.000000
0.000000,1.000000,0.000000,0.000000,0.000000,-1.000000,-1.000000,0.000000,0.000000,0.000000,-1.000000,0.025000,0.000000
0.000000,1.000000,0.000000,0.000000,0.000000,-1.000000,-1.000000,0.000000,0.000000,0.000000,-1.000000,0.025000,0.000000
0.000000,1.000000,0.000000,0.000000,0.000000,-1.000000,-1.000000,0.000000,0.000000,0.000000,-1.000000,0.025000,0.000000
0.000000,1.000000,0.000000,0.000000,0.000000,-1.000000,-1.000000,0.000000,0.000000,0.000000,-1.000000,0.025000,0.000000
0.000000,1.000000,0.000000,0.000000,0.000000,-1.000000,-1.000000,0.000000,0.000000,0.000000,-1.000000,0.025000,0.000000
0.000000,1.000000,0.000000,0.000000,0.000000,-1.000000,-1.000000,0.000000,0.000000,0.000000,-1.000000,0.025000,0.000000
0.000000,1.000000,0.000000,0.000000,0.000000,-1.000000,-1.000000,0.000000,0.000000,0.000000,-1.000000,0.025000,0.000000
0.000000,1.000000,0.000000,0.000000,0.000000,-1.000000,-1.000000,0.000000,0.000000,0.000000,-1.000000,0.025000,0.000000
0.000000,1.000000,0.000000,0.000000,0.000000,-1.000000,-1.000000,0.000000,0.000000,0.000000,-1.000000,0.025000,0.000000
0.000000,1.000000,0.000000,0.000000,0.000000,-1.000000,-1.000000,0.000000,0.000000,0.000000,-1.000000,0.025000,0.000000
0.000000,1.000000,0.000000,0.000000,0.000000,-1.000000,-1.000000,0.000000,0.000000,0.000000,-1.000000,0.025000,0.000000
0.000000,1.000000,0.000000,0.000000,0.000000,-1.000000,-1.000000,0.000000,0.000000,0.000000,-1.000000,0.025000,0.000000
0.000000,1.000000,0.000000,0.000000,0.000000,-1.000000,-1.000000,0.000000,0.000000,0.000000,-1.000000,0.025000,0.000000
0.000000,1.000000,0.000000,0.000000,0.000000,-1.000000,-1.000000,0.000000,0.000000,0.000000,-1.000000,0.025000,0.000000
0.000000,1.000000,0.000000,0.000000,0.000000,-1.000000,-1.000000,0.000000,0.000000,0.000000,-1.000000,0.025000,0.000000
0.000000,1.000000,0.000000,0.000000,0.000000,-1.000000,-1.000000,0.000000,0.000000,0.000000,-1.000000,0.025000,0.000000
0.000000,1.000000,0.000000,0.000000,0.000000,-1.000000,-1.000000,0.000000,0.000000,0.000000,-1.000000,0.025000,0.000000
0.000000,1.000000,0.000000,0.000000,0.000000,-1.000000,-1.000000,0.000000,0.000000,0.000000,-1.000000,0.025000,0.000000
0.000000,1.000000,0.000000,0.000000,0.000000,-1.000000,-1.000000,0.000000,0.000000,0.000000,-1.000000,0.025000,0.000000
0.000000,1.000000,0.000000,0.000000,0.000000,-1.000000,-1.000000,0.000000,0.000000,0.000000,-1.000000,0.025000,0.000000
0.000000,1.000000,0.000000,0.000000,0.000000,-1.000000,-1.000000,0.000000,0.000000,0.000000,-1.000000,0.025000,0.000000
0.000000,1.000000,0.000000,0.000000,0.000000,-1.000000,-1.000000,0.000000,0.000000,0.000000,-1.000000,0.025000,0.000000
0.000000,1.000000,0.000000,0.000000,0.000000,-1.000000,-1.000000,0.000000,0.000000,0.000000,-1.000000,0.025000,0.000000
0.000000,1.000000,0.000000,0.000000,0.000000,-1.000000,-1.000000,0.000000,0.000000,0.000000,-1.000000,0.025000,0.000000
0.000000,1.000000,0.000000,0.000000,0.000000,-1.000000,-1.000000,0.000000,0.000000,0.000000,-1.000000,0.025000,0.000000
0.000000,1.000000,0.000000,0.000000,0.000000,-1.000000,-1.000000,0.000000,0.000000,0.000000,-1.000000,0.025000,0.000000
0.000000,1.000000,0.000000,0.000000,0.000000,-1.000000,-1.000000,0.000000,0.000000,0.000000,-1.000000,0.025000,0.000000
0.000000,1.000000,0.000000,0.000000,0.000000,-1.000000,-1.000000,0.000000,0.000000,0.000000,-1.000000,0.025000,0.000000
0.000000,1.000000,0.000000,0.000000,0.000000,-1.000000,-1.000000,0.000000,0.000000,0.000000,-1.000000,0.025000,0.000000
0.000000,1.000000,0.000000,0.000000,0.000000,-1.000000,-1.000000,0.000000,0.000000,0.000000,-1.000000,0.025000,0.000000
0.000000,1.000000,0.000000,0.000000,0.000000,-1.000000,-1.000000,0.000000,0.000000,0.000000,-1.000000,0.025000,0.000000
0.000000,1.000000,0.000000,0.000000,0.000000,-1.000000,-1.000000,0.000000,0.000000,0.000000,-1.000000,0.025000,0.000000
0.000000,1.000000,0.000000,0.000000,0.000000,-1.000000,-1.000000,0.000000,0.000000,0.000000,-1.000000,0.025000,0.000000
0.000000,1.000000,0.000000,0.000000,0.000000,-1.000000,-1.000000,0.000000,0.000000,0.000000,-1.000000,0.025000,0.000000
0.000000,1.000000,0.000000,0.000000,0.000000,-1.000000,-1.000000,0.000000,0.000000,0.000000,-1.000000,0.025000,0.000000
0.000000,1.000000,0.000000,0.000000,0.000000,-1.000000,-1.000000,0.000000,0.000000,0.000000,-1.000000,0.025000,0.000000
0.000000,1.000000,0.000000,0.000000,0.000000,-1.000000,-1.000000,0.000000,0.000000,0.000000,-1.000000,0.025000,0.000000
0.000000,1.000000,0.000000,0.000000,0.000000,-1.000000,-1.000000,0.000000,0.000000,0.000000,-1.000000,0.025000,0.000000
0.000000,1.000000,0.000000,0.000000,0.000000,-1.000000,-1.000000,0.000000,0.000000,0.000000,-1.000000,0.025000,0.000000
0.000000,1.000000,0.000000,0.000000,0.000000,-1.000000,-1.000000,0.000000,0.000000,0.000000,-1.000000,0.025000,0.000000
0.000000,1.000000,0.000000,0.000000,0.000000,-1.000000,-1.000000,0.000000,0.000000,0.000000,-1.000000,0.025000,0.000000
0.000000,1.000000,0.000000,0.000000,0.000000,-1.000000,-1.000000,0.000000,0.000000,0.000000,-1.000000,0.025000,0.000000
0.000000,1.000000,0.000000,0.000000,0.000000,-1.000000,-1.000000,0.000000,0.000000,0.000000,-1.000000,0.025000,0.000000
0.000000,1.000000,0.000000,0.000000,0.000000,-1.000000,-1.000000,0.000000,0.000000,0.000000,-1.000000,0.025000,0.000000
0.000000,1.000000,0.000000,0.000000,0.000000,-1.000000,-1.000000,0.000000,0.000000,0.000000,-1.000000,0.025000,0.000000
0.000000,1.000000,0.000000,0.000000,0.000000,-1.000000,-1.000000,0.000000,0.000000,0.000000,-1.000000,0.025000,0.000000
0.000000,1.000000,0.000000,0.000000,0.000000,-1.000000,-1.000000,0.000000,0.000000,0.000000,-1.000000,0.025000,0.000000
0.000000,1.000000,0.000000,0.000000,0.000000,-1.000000,-1.000000,0.000000,0.000000,0.000000,-1.000000,0.025000,0.000000
0.000000,1.000000,0.000000,0.000000,0.000000,-1.000000,-1.000000,0.000000,0.000000,0.000000,-1.000000,0.025000,0.000000
0.000000,1.000000,0.000000,0.000000,0.000000,-1.000000,-1.000000,0.000000,0.000000,0.000000,-1.000000,0.025000,0.000000
0.000000,1.000000,0.000000,0.000000,0.000000,-1.000000,-1.000000,0.000000,0.000000,0.000000,-1.000000,0.025000,0.000000
0.000000,1.000000,0.000000,0.000000,0.000000,-1.000000,-1.000000,0.000000,0.000000,0.000000,-1.000000,0.025053,0.000000
0.000000,1.000000,0.000000,0.000000,0.000000,-1.000000,-1.000000,0.000000,0.000000,0.000000,-1.000000,0.025401,0.000000
0.000000,1.000000,0.000000,0.000000,0.000000,-1.000000,-1.000000,0.000000,0.000000,0.000000,-1.000000,0.026284,0.000000
0.000000,1.000000,0.000000,0.000000,0.000000,-1.000000,-1.000000,0.000000,0.000000,0.000000,-1.000000,0.027882,0.000000
0.000000,1.000000,0.000000,0.000000,0.000000,-1.000000,-1.000000,0.000000,0.000000,0.000000,-1.000000,0.030324,0.000000
0.000000,1.000000,0.000000,0.000000,0.000000,-1.000000,-1.000000,0.000000,0.000000,0.000000,-1.000000,0.033688,0.000000
0.000000,1.000000,0.000000,0.000000,0.000000,-1.000000,-1.000000,0.000000,0.000000,0.000000,-1.000000,0.038009,0.000000
0.000000,1.000000,0.000000,0.000000,0.000000,-1.000000,-1.000000,0.000000,0.000000,0.000000,-1.000000,0.043280,0.000000
0.000000,1.000000,0.000000,0.000000,0.000000,-1.000000,-1.000000,0.000000,0.000000,0.000000,-1.000000,0.049462,0.000000
0.000000,1.000000,0.000000,0.000000,0.000000,-1.000000,-1.000000,0.000000,0.000000,0.000000,-1.000000,0.056481,0.000000
0.000000,1.000000,0.000000,0.000000,0.000000,-1.000000,-1.000000,0.000000,0.000000,0.000000,-1.000000,0.064240,0.000000
0.000000,1.000000,0.000000,0.000000,0.000000,-1.000000,-1.000000,0.000000,0.000000,0.000000,-1.000000,0.072616,0.000000
0.000000,1.000000,0.000000,0.000000,0.000000,-1.000000,-1.000000,0.000000,0.000000,0.000000,-1.000000,0.081471,0.000000
0.000000,1.000000,0.000000,0.000000,0.000000,-1.000000,-1.000000,0.000000,0.000000,0.000000,-1.000000,0.090653,0.000000
0.000000,1.000000,0.000000,0.000000,0.000000,-1.000000,-1.000000,0.000000,0.000000,0.000000,-1.000000,0.100000,0.000000
0.000000,1.000000,0.000000,0.000000,0.000000,-1.000000,-1.000000,0.000000,0.000000,0.000000,-1.000000,0.109347,0.000000
0.000000,1.000000,0.000000,0.000000,0.000000,-1.000000,-1.000000,0.000000,0.000000,0.000000,-1.000000,0.118529,0.000000
0.000000,1.000000,0.000000,0.000000,0.000000,-1.000000,-1.000000,0.000000,0.000000,0.000000,-1.000000,0.127384,0.000000
0.000000,1.000000,0.000000,0.000000,0.000000,-1.000000,-1.000000,0.000000,0.000000,0.000000,-1.000000,0.135760,0.000000
0.000000,1.000000,0.000000,0.000000,0.000000,-1.000000,-1.000000,0.000000,0.000000,0.000000,-1.000000,0.143519,0.000000
0.000000,1.000000,0.000000,0.000000,0.000000,-1.000000,-1.000000,0.000000,0.000000,0.000000,-1.000000,0.150538,0.000000
0.000000,1.000000,0.000000,0.000000,0.000000,-1.000000,-1.000000,0.000000,0.000000,0.000000,-1.000000,0.156720,0.000000
0.000000,1.000000,0.000000,0.000000,0.000000,-1.000000,-1.000000,0.000000,0.000000,0.000000,-1.000000,0.161991,0.000000
0.000000,1.000000,0.000000,0.000000,0.000000,-1.000000,-1.000000,0.000000,0.000000,0.000000,-1.000000,0.166312,0.000000
0.000000,1.000000,0.000000,0.000000,0.000000,-1.000000,-1.000000,0.000000,0.000000,0.000000,-1.000000,0.169676,0.000000
0.000000,1.000000,0.000000,0.000000,0.000000,-1.000000,-1.000000,0.000000,0.000000,0.000000,-1.000000,0.172118,0.000000
0.000000,1.000000,0.000000,0.000000,0.000000,-1.000000,-1.000000,0.000000,0.000000,0.000000,-1.000000,0.173716,0.000000
0.000000,1.000000,0.000000,0.000000,0.000000,-1.000000,-1.000000,0.000000,0.000000,0.000000,-1.000000,0.174599,0.000000
0.000000,1.000000,0.000000,0.000000,0.000000,-1.000000,-1.000000,0.000000,0.000000,0.000000,-1.000000,0.174947,0.000000
0.000000,1.000000,0.000000,0.000000,0.000000,-1.000000,-1.000000,0.000000,0.000000,0.000000,-1.000000,0.175000,0.000000
