0.100000,0.100000,0.100000,0.000000,0.000000,0.200000,-1.600000,0.000000,0.000000,0.000000,0.000000,0.000000,0.000000
0.100000,0.100000,0.100000,0.000000,0.000014,0.199959,-1.599976,0.000000,-0.000001,-0.000007,-0.000003,-0.000005,0.000000
0.099999,0.099999,0.099999,0.000000,0.000108,0.199673,-1.599807,0.000003,-0.000008,-0.000059,-0.000023,-0.000043,0.000000
0.099997,0.099995,0.099997,0.000002,0.000363,0.198906,-1.599354,0.000009,-0.000026,-0.000197,-0.000078,-0.000146,0.000000
0.099993,0.099988,0.099992,0.000004,0.000855,0.197426,-1.598479,0.000020,-0.000063,-0.000464,-0.000184,-0.000343,0.000000
0.099986,0.099977,0.099985,0.000008,0.001661,0.195001,-1.597047,0.000039,-0.000126,-0.000902,-0.000359,-0.000668,0.000000
0.099975,0.099960,0.099974,0.000013,0.002863,0.191397,-1.594918,0.000068,-0.000225,-0.001554,-0.000625,-0.001154,0.000000
0.099961,0.099936,0.099959,0.000020,0.004547,0.186364,-1.591947,0.000106,-0.000376,-0.002468,-0.001006,-0.001838,0.000000
0.099942,0.099903,0.099939,0.000030,0.006810,0.179633,-1.587975,0.000157,-0.000603,-0.003699,-0.001535,-0.002766,0.000000
0.099919,0.099859,0.099913,0.000043,0.009764,0.170897,-1.582823,0.000222,-0.000942,-0.005311,-0.002257,-0.003995,0.000000
0.099890,0.099801,0.099881,0.000058,0.013545,0.159797,-1.576281,0.000302,-0.001450,-0.007391,-0.003238,-0.005602,0.000000
0.099854,0.099723,0.099841,0.000077,0.018317,0.145901,-1.568094,0.000398,-0.002217,-0.010054,-0.004577,-0.007695,0.000000
0.099813,0.099618,0.099793,0.000100,0.024278,0.128690,-1.557951,0.000512,-0.003392,-0.013478,-0.006429,-0.010441,0.000000
0.099764,0.099474,0.099735,0.000126,0.031640,0.107575,-1.545487,0.000645,-0.005229,-0.017939,-0.009056,-0.014112,0.000000
0.099708,0.099268,0.099664,0.000157,0.040536,0.082078,-1.530366,0.000798,-0.008176,-0.023908,-0.012913,-0.019171,0.000000
0.099644,0.098964,0.099576,0.000192,0.050603,0.052667,-1.512699,0.000972,-0.013012,-0.032190,-0.018786,-0.026415,0.000000
0.099572,0.098509,0.099466,0.000232,0.059723,0.023480,-1.494507,0.001169,-0.020818,-0.043886,-0.027764,-0.036940,0.000000
0.099491,0.097896,0.099332,0.000277,0.063069,0.004793,-1.481246,0.001389,-0.031761,-0.059182,-0.040017,-0.050926,0.000000
0.099401,0.097211,0.099183,0.000328,0.059455,-0.000230,-1.474910,0.001633,-0.044010,-0.076264,-0.053721,-0.066552,0.000000
0.099302,0.096508,0.099024,0.000384,0.053251,-0.000597,-1.470876,0.001902,-0.056408,-0.093992,-0.067724,-0.082677,0.000000
0.099193,0.095806,0.098857,0.000447,0.046502,-0.000571,-1.466932,0.002197,-0.068529,-0.111956,-0.081604,-0.098881,0.000000
0.099075,0.095127,0.098683,0.000516,0.039466,-0.000574,-1.462922,0.002518,-0.079935,-0.129731,-0.094927,-0.114739,0.000000
0.098947,0.094493,0.098505,0.000592,0.032201,-0.000573,-1.458944,0.002867,-0.090134,-0.146840,-0.107206,-0.129767,0.000000
0.098808,0.093929,0.098324,0.000676,0.024791,-0.000577,-1.455080,0.003243,-0.098588,-0.162754,-0.117906,-0.143436,0.000000
0.098659,0.093462,0.098144,0.000767,0.017322,-0.000582,-1.451425,0.003648,-0.104734,-0.176923,-0.126468,-0.155189,0.000000
0.098500,0.093119,0.097967,0.000866,0.009881,-0.000590,-1.448069,0.004082,-0.108009,-0.188790,-0.132329,-0.164470,0.000000
0.098329,0.092923,0.097795,0.000974,0.002552,-0.000599,-1.445104,0.004545,-0.107873,-0.197824,-0.134953,-0.170743,0.000000
0.098148,0.092899,0.097630,0.001090,-0.004589,-0.000611,-1.442610,0.005038,-0.103835,-0.203539,-0.133851,-0.173523,0.000000
0.097956,0.093067,0.097474,0.001216,-0.011477,-0.000623,-1.440659,0.005561,-0.095473,-0.205519,-0.128602,-0.172390,0.000000
0.097753,0.093442,0.097328,0.001352,-0.018058,-0.000638,-1.439305,0.006115,-0.082448,-0.203428,-0.118868,-0.167008,0.000000
0.097539,0.094036,0.097194,0.001498,-0.024297,-0.000652,-1.438594,0.006699,-0.064508,-0.197018,-0.104399,-0.157128,0.000000
0.097314,0.094857,0.097072,0.001655,-0.030168,-0.000671,-1.438550,0.007314,-0.041491,-0.186127,-0.085031,-0.142587,0.000000
0.097078,0.095909,0.096962,0.001823,-0.035663,-0.000683,-1.439192,0.007961,-0.013312,-0.170673,-0.060682,-0.123303,0.000000
0.096831,0.097193,0.096865,0.002004,-0.040776,-0.000709,-1.440513,0.008638,0.020039,-0.150645,-0.031340,-0.099266,0.000000
0.096572,0.098705,0.096779,0.002197,-0.045534,-0.000709,-1.442526,0.009347,0.058515,-0.126090,0.002947,-0.070522,0.000000
0.096303,0.100442,0.096705,0.002403,-0.049917,-0.000764,-1.445172,0.010087,0.102022,-0.097101,0.042085,-0.037164,0.000000
0.096022,0.102397,0.096642,0.002622,-0.054030,-0.000699,-1.448524,0.010859,0.150430,-0.063808,0.085945,0.000677,0.000000
0.095731,0.104564,0.096588,0.002856,-0.057714,-0.000913,-1.452342,0.011662,0.203582,-0.026361,0.134372,0.042849,0.000000
0.095428,0.106934,0.096543,0.003106,-0.061441,-0.000457,-1.457106,0.012497,0.261303,0.015062,0.187189,0.089176,0.000000
0.095115,0.109498,0.096507,0.003371,-0.064152,-0.001666,-1.461537,0.013363,0.323416,0.060292,0.244223,0.139485,0.000000
0.094791,0.112247,0.096477,0.003652,-0.068638,0.001377,-1.468764,0.014261,0.389703,0.109114,0.305256,0.193561,0.000000
0.094456,0.115174,0.096454,0.003951,-0.067758,-0.006718,-1.470538,0.015190,0.460014,0.161381,0.370139,0.251256,0.000000
0.094110,0.118251,0.096435,0.004268,-0.080621,0.014900,-1.488600,0.016150,0.533786,0.216534,0.438311,0.312009,0.000000
0.093754,0.121427,0.096414,0.004604,-0.056637,-0.042822,-1.464496,0.017142,0.609912,0.273460,0.508662,0.374710,0.000000
0.093385,0.124246,0.096346,0.004962,-0.122132,0.088107,-1.539940,0.018164,0.678793,0.322463,0.571565,0.429691,0.000000
0.093001,0.126198,0.096184,0.005344,-0.046958,-0.090436,-1.447032,0.019218,0.729747,0.352730,0.616298,0.466179,0.000000
0.092607,0.128299,0.096025,0.005749,-0.137302,0.086901,-1.544795,0.020304,0.784093,0.385821,0.664252,0.505662,0.000000
0.092203,0.130685,0.095883,0.006175,-0.059835,-0.094962,-1.451480,0.021420,0.844729,0.424684,0.718342,0.551072,0.000000
0.091788,0.133058,0.095729,0.006626,-0.151320,0.085252,-1.551607,0.022567,0.905363,0.462947,0.772249,0.596060,0.000000
0.091365,0.135863,0.095605,0.007100,-0.072554,-0.097886,-1.458923,0.023746,0.975338,0.510100,0.835363,0.650074,0.000000
0.090930,0.138494,0.095455,0.007600,-0.164441,0.083527,-1.560458,0.024955,1.041931,0.553229,0.894903,0.700256,0.000000
0.090488,0.141685,0.095347,0.008124,-0.085353,-0.098995,-1.469307,0.026195,1.120564,0.608028,0.966373,0.762220,0.000000
0.090034,0.144575,0.095200,0.008679,-0.176916,0.082097,-1.571436,0.027467,1.193129,0.656070,1.031567,0.817633,0.000000
0.089573,0.148104,0.095104,0.009257,-0.098403,-0.098232,-1.482482,0.028770,1.279347,0.717470,1.110326,0.886491,0.000000
0.089100,0.151265,0.094961,0.009869,-0.188857,0.080971,-1.584402,0.030104,1.358128,0.770712,1.181434,0.947407,0.000000
0.088622,0.155073,0.094870,0.010507,-0.111717,-0.095839,-1.498154,0.031470,1.450721,0.837524,1.266280,1.021965,0.000000
0.088131,0.158518,0.094733,0.011180,-0.200188,0.079718,-1.598959,0.032868,1.535960,0.896251,1.343554,1.088657,0.000000
0.087636,0.162562,0.094644,0.011880,-0.125196,-0.092208,-1.515987,0.034297,1.633968,0.967536,1.433535,1.167970,0.000000
0.087127,0.166294,0.094513,0.012619,-0.210748,0.077747,-1.614632,0.035759,1.725702,1.031834,1.517028,1.240508,0.000000
0.086615,0.170548,0.094422,0.013387,-0.138738,-0.087654,-1.535721,0.037253,1.828587,1.107081,1.611613,1.324056,0.000000
0.086091,0.174557,0.094297,0.014195,-0.220416,0.074612,-1.631050,0.038781,1.926602,1.176778,1.701123,1.402256,0.000000
0.085562,0.179012,0.094205,0.015035,-0.152336,-0.082267,-1.557221,0.040342,2.034126,1.255781,1.800084,1.489823,0.000000
0.085022,0.183281,0.094083,0.015918,-0.229155,0.070104,-1.647984,0.041936,2.138037,1.330528,1.895239,1.573326,0.000000
0.084478,0.187928,0.093988,0.016835,-0.166095,-0.075925,-1.580448,0.043566,2.250038,1.413161,1.998425,1.664774,0.000000
0.083923,0.192436,0.093869,0.017797,-0.236981,0.064126,-1.665269,0.045230,2.359392,1.492539,2.098782,1.753149,0.000000
0.083365,0.197265,0.093770,0.018797,-0.180197,-0.068396,-1.605395,0.046930,2.475617,1.578579,2.205949,1.848247,0.000000
0.082795,0.201990,0.093650,0.019844,-0.243917,0.056555,-1.682699,0.048667,2.589912,1.662109,2.311012,1.941009,0.000000
0.082222,0.206980,0.093546,0.020932,-0.194873,-0.059418,-1.632034,0.050441,2.709927,1.751141,2.421732,2.039336,0.000000
0.081638,0.211890,0.093423,0.022070,-0.250003,0.047196,-1.699976,0.052254,2.828514,1.838187,2.530858,2.135844,0.000000
0.081050,0.217008,0.093310,0.023253,-0.210413,-0.048753,-1.660252,0.054106,2.951594,1.929482,2.644405,2.236672,0.000000
0.080452,0.222057,0.093179,0.024488,-0.255400,0.035895,-1.716725,0.055998,3.073481,2.019037,2.756596,2.335922,0.000000
0.079848,0.227241,0.093051,0.025774,-0.227132,-0.036403,-1.689669,0.057932,3.198382,2.111300,2.871711,2.437971,0.000000
0.079234,0.232348,0.092904,0.027116,-0.260665,0.022940,-1.732612,0.059909,3.321917,2.201630,2.985292,2.538255,0.000000
0.078613,0.237499,0.092751,0.028515,-0.245165,-0.023270,-1.719186,0.061930,3.446565,2.292656,3.099862,2.639359,0.000000
0.077979,0.242539,0.092575,0.029975,-0.267275,0.009993,-1.747765,0.063997,3.569182,2.381014,3.212213,2.737983,0.000000
0.077335,0.247518,0.092381,0.031499,-0.264049,-0.012099,-1.746459,0.066111,3.690804,2.467790,3.323393,2.835201,0.000000
0.076677,0.252350,0.092160,0.033091,-0.277674,0.000467,-1.763088,0.068274,3.809657,2.551053,3.431583,2.929126,0.000000
0.076006,0.257050,0.091913,0.034754,-0.283012,-0.006155,-1.768932,0.070489,3.926102,2.631158,3.537143,3.020117,0.000000
0.075319,0.261593,0.091637,0.036492,-0.293265,-0.003774,-1.778974,0.072756,4.039616,2.707498,3.639523,3.107591,0.000000
0.074616,0.265969,0.091331,0.038308,-0.296093,-0.018956,-1.778974,0.075078,4.150036,2.779850,3.738542,3.191343,0.000000
0.073896,0.270199,0.090995,0.040206,-0.300105,-0.033039,-1.778974,0.077458,4.257794,2.848638,3.834632,3.271800,0.000000
0.073159,0.274285,0.090630,0.042189,-0.305259,-0.046055,-1.778974,0.079897,4.362981,2.913909,3.927869,3.349021,0.000000
0.072403,0.278232,0.090235,0.044260,-0.311511,-0.058040,-1.778974,0.082398,4.465694,2.975719,4.018338,3.423075,0.000000
0.071629,0.282042,0.089811,0.046424,-0.318816,-0.069028,-1.778974,0.084965,4.566041,3.034127,4.106133,3.494036,0.000000
0.070835,0.285722,0.089355,0.048685,-0.327129,-0.079056,-1.778974,0.087599,4.664134,3.089198,4.191351,3.561982,0.000000
0.070020,0.289274,0.088869,0.051047,-0.336402,-0.088160,-1.778974,0.090304,4.760094,3.140999,4.274098,3.626996,0.000000
0.069183,0.292704,0.088351,0.053514,-0.346589,-0.096378,-1.778974,0.093084,4.854044,3.189600,4.354480,3.689164,0.000000
0.068323,0.296016,0.087802,0.056093,-0.357642,-0.103746,-1.778974,0.095941,4.946116,3.235073,4.432612,3.748576,0.000000
0.067439,0.299216,0.087220,0.058787,-0.369514,-0.110304,-1.778974,0.098881,5.036443,3.277491,4.508610,3.805324,0.000000
0.066530,0.302308,0.086605,0.061603,-0.382155,-0.116088,-1.778974,0.101905,5.125166,3.316932,4.582594,3.859503,0.000000
0.065594,0.305297,0.085957,0.064546,-0.395517,-0.121138,-1.778974,0.105020,5.212427,3.353470,4.654688,3.911209,0.000000
0.064631,0.308190,0.085274,0.067621,-0.409551,-0.125492,-1.778974,0.108229,5.298374,3.387184,4.725018,3.960540,0.000000
0.063638,0.310991,0.084556,0.070837,-0.424209,-0.129188,-1.778974,0.111537,5.383156,3.418149,4.793711,4.007593,0.000000
0.062615,0.313705,0.083802,0.074199,-0.439443,-0.132263,-1.778974,0.114950,5.466924,3.446439,4.860897,4.052467,0.000000
0.061560,0.316338,0.083011,0.077714,-0.455206,-0.134755,-1.778974,0.118472,5.549833,3.472127,4.926703,4.095257,0.000000
0.060472,0.318896,0.082182,0.081391,-0.471451,-0.136700,-1.778974,0.122111,5.632035,3.495280,4.991259,4.136056,0.000000
0.059348,0.321383,0.081314,0.085237,-0.488133,-0.138133,-1.778974,0.125871,5.713685,3.515962,5.054692,4.174955,0.000000
0.058187,0.323804,0.080406,0.089260,-0.505208,-0.139087,-1.778974,0.129759,5.794937,3.534231,5.117126,4.212042,0.000000
0.056987,0.326164,0.079456,0.093470,-0.522634,-0.139596,-1.778974,0.133783,5.875944,3.550141,5.178686,4.247399,0.000000
0.055747,0.328468,0.078463,0.097877,-0.540370,-0.139689,-1.778974,0.137950,5.956860,3.563738,5.239494,4.281104,0.000000
0.054464,0.330721,0.077425,0.102490,-0.558377,-0.139396,-1.778974,0.142268,6.037839,3.575062,5.299669,4.313232,0.000000
0.053135,0.332927,0.076341,0.107321,-0.576619,-0.138744,-1.778974,0.146745,6.119033,3.584147,5.359328,4.343852,0.000000
0.051759,0.335090,0.075209,0.112381,-0.595058,-0.137759,-1.778974,0.151391,6.200597,3.591019,5.418589,4.373027,0.000000
0.050333,0.337213,0.074026,0.117682,-0.613662,-0.136465,-1.778974,0.156214,6.282686,3.595697,5.477565,4.400818,0.000000
0.048855,0.339302,0.072791,0.123237,-0.632398,-0.134886,-1.778974,0.161226,6.365456,3.598196,5.536371,4.427281,0.000000
0.047321,0.341360,0.071501,0.129061,-0.651236,-0.133041,-1.778974,0.166436,6.449067,3.598521,5.595120,4.452468,0.000000
0.045729,0.343391,0.070153,0.135167,-0.670146,-0.130952,-1.778974,0.171858,6.533680,3.596674,5.653926,4.476427,0.000000
0.044076,0.345398,0.068745,0.141571,-0.689101,-0.128636,-1.778974,0.177502,6.619460,3.592648,5.712904,4.499204,0.000000
0.042358,0.347384,0.067275,0.148290,-0.708074,-0.126110,-1.778974,0.183382,6.706577,3.586434,5.772169,4.520843,0.000000
0.040571,0.349355,0.065738,0.155342,-0.727042,-0.123390,-1.778974,0.189512,6.795208,3.578016,5.831841,4.541383,0.000000
0.038713,0.351313,0.064132,0.162744,-0.745979,-0.120492,-1.778974,0.195907,6.885534,3.567373,5.892041,4.560865,0.000000
0.036779,0.353261,0.062453,0.170517,-0.764865,-0.117427,-1.778974,0.202581,6.977743,3.554482,5.952895,4.579330,0.000000
0.034765,0.355204,0.060697,0.178681,-0.783677,-0.114210,-1.778974,0.209553,7.072032,3.539316,6.014533,4.596816,0.000000
0.032666,0.357146,0.058861,0.187259,-0.802396,-0.110852,-1.778974,0.216839,7.168608,3.521847,6.077091,4.613364,0.000000
0.030479,0.359091,0.056940,0.196274,-0.821001,-0.107364,-1.778974,0.224458,7.267685,3.502045,6.140711,4.629019,0.000000
0.028198,0.361042,0.054930,0.205749,-0.839476,-0.103755,-1.778974,0.232430,7.369489,3.479880,6.205544,4.643825,0.000000
0.025819,0.363004,0.052827,0.215711,-0.857802,-0.100036,-1.778974,0.240775,7.474256,3.455322,6.271746,4.657832,0.000000
0.023337,0.364983,0.050625,0.226186,-0.875963,-0.096214,-1.778974,0.249514,7.582234,3.428347,6.339484,4.671098,0.000000
0.020746,0.366982,0.048321,0.237203,-0.893943,-0.092298,-1.778974,0.258672,7.693685,3.398934,6.408935,4.683683,0.000000
0.018041,0.369009,0.045908,0.248791,-0.911727,-0.088295,-1.778974,0.268270,7.808878,3.367066,6.480285,4.695659,0.000000
0.015218,0.371067,0.043382,0.260979,-0.929302,-0.084212,-1.778974,0.278335,7.928100,3.332739,6.553733,4.707105,0.000000
0.012270,0.373164,0.040738,0.273799,-0.946653,-0.080054,-1.778974,0.288892,8.051644,3.295956,6.629488,4.718113,0.000000
0.009192,0.375307,0.037970,0.287282,-0.963767,-0.075829,-1.778974,0.299966,8.179817,3.256739,6.707769,4.728787,0.000000
0.005977,0.377494,0.035072,0.301462,-0.981292,-0.070156,-1.779700,0.311586,8.312828,3.214899,6.788670,4.739058,0.000000
0.002625,0.379748,0.032041,0.316369,-0.998153,-0.065269,-1.779986,0.323778,8.451183,3.170878,6.872676,4.749385,0.000000
-0.000871,0.382074,0.028872,0.332034,-1.014405,-0.061040,-1.779897,0.336569,8.595179,3.124710,6.960008,4.759881,0.000000
-0.004513,0.384480,0.025561,0.348488,-1.030092,-0.057364,-1.779491,0.349987,8.745120,3.076474,7.050903,4.770691,0.000000
-0.008306,0.386976,0.022104,0.365762,-1.045249,-0.054150,-1.778816,0.364058,8.901312,3.026288,7.145611,4.781988,0.000000
-0.012252,0.389570,0.018497,0.383882,-1.059907,-0.051320,-1.777913,0.378807,9.064052,2.974317,7.244392,4.793977,0.000000
-0.016351,0.392272,0.014737,0.402874,-1.074090,-0.048811,-1.776817,0.394258,9.233623,2.920773,7.347506,4.806890,0.000000
-0.020605,0.395093,0.010824,0.422757,-1.087815,-0.046569,-1.775558,0.410430,9.410280,2.865921,7.455215,4.820986,0.000000
-0.025010,0.398044,0.006756,0.443547,-1.101100,-0.044547,-1.774162,0.427342,9.594241,2.810077,7.567765,4.836554,0.000000
-0.029563,0.401135,0.002535,0.465253,-1.113955,-0.042709,-1.772650,0.445005,9.785674,2.753617,7.685387,4.853904,0.000000
-0.034220,0.404459,-0.001803,0.487835,-1.113955,-0.067403,-1.757096,0.463425,9.985316,2.699667,7.809538,4.875445,0.000000
-0.038989,0.407979,-0.006267,0.511304,-1.113955,-0.091225,-1.742045,0.482604,10.192687,2.647290,7.939600,4.900377,0.000000
-0.043859,0.411700,-0.010851,0.535642,-1.113955,-0.114190,-1.727479,0.502534,10.407594,2.596899,8.075562,4.928931,0.000000
-0.048816,0.415624,-0.015544,0.560817,-1.113955,-0.136310,-1.713386,0.523200,10.629743,2.548960,8.217358,4.961345,0.000000
-0.053843,0.419754,-0.020334,0.586787,-1.113955,-0.157596,-1.699752,0.544574,10.858725,2.503982,8.364853,4.997854,0.000000
-0.058919,0.424089,-0.025204,0.613493,-1.113955,-0.178055,-1.686570,0.566619,11.093999,2.462503,8.517830,5.038672,0.000000
-0.064024,0.428626,-0.030137,0.640862,-1.113955,-0.197697,-1.673832,0.589283,11.334885,2.425075,8.675977,5.083982,0.000000
-0.069130,0.433361,-0.035112,0.668805,-1.113955,-0.216529,-1.661531,0.612504,11.580558,2.392242,8.838878,5.133922,0.000000
-0.074210,0.438283,-0.040105,0.697218,-1.113955,-0.234558,-1.649665,0.636204,11.830047,2.364522,9.006006,5.188563,0.000000
-0.079237,0.443379,-0.045090,0.725981,-1.113955,-0.251790,-1.638231,0.660293,12.082244,2.342378,9.176722,5.247899,0.000000
-0.084179,0.448633,-0.050042,0.754963,-1.113955,-0.268231,-1.627226,0.684669,12.335912,2.326194,9.350272,5.311834,0.000000
-0.089008,0.454022,-0.054931,0.784019,-1.113955,-0.283890,-1.616652,0.709217,12.589712,2.316257,9.525801,5.380168,0.000000
-0.093693,0.459521,-0.059730,0.812997,-1.113955,-0.298772,-1.606507,0.733816,12.842228,2.312730,9.702363,5.452595,0.000000
-0.098208,0.465099,-0.064410,0.841741,-1.113955,-0.312887,-1.596794,0.758334,13.092002,2.315639,9.878939,5.528702,0.000000
-0.102529,0.470724,-0.068946,0.870090,-1.113955,-0.326242,-1.587514,0.782637,13.337566,2.324866,10.054463,5.607969,0.000000
-0.106634,0.476360,-0.073313,0.897886,-1.113955,-0.338846,-1.578669,0.806588,13.577488,2.340145,10.227848,5.689785,0.000000
-0.110505,0.481969,-0.077490,0.924978,-1.113955,-0.350709,-1.570262,0.830052,13.810404,2.361066,10.398010,5.773460,0.000000
-0.114130,0.487513,-0.081458,0.951222,-1.113955,-0.361843,-1.562294,0.852901,14.035055,2.387091,10.563901,5.858245,0.000000
-0.117499,0.492953,-0.085203,0.976486,-1.113955,-0.372260,-1.554767,0.875009,14.250313,2.417572,10.724533,5.943353,0.000000
-0.120610,0.498252,-0.088714,1.000653,-1.113955,-0.381972,-1.547683,0.896265,14.455206,2.451778,10.879001,6.027983,0.000000
-0.123462,0.503375,-0.091983,1.023620,-1.113955,-0.390994,-1.541042,0.916567,14.648927,2.488916,11.026498,6.111345,0.000000
-0.126058,0.508290,-0.095007,1.045304,-1.113955,-0.399341,-1.534844,0.935826,14.830846,2.528165,11.166333,6.192678,0.000000
-0.128405,0.512967,-0.097785,1.065637,-1.113955,-0.407030,-1.529086,0.953969,15.000507,2.568704,11.297936,6.271274,0.000000
-0.130514,0.517383,-0.100322,1.084569,-1.113955,-0.414078,-1.523765,0.970937,15.157623,2.609730,11.420864,6.346489,0.000000
-0.132396,0.521516,-0.102621,1.102068,-1.113955,-0.420504,-1.518878,0.986686,15.302064,2.650491,11.534798,6.417758,0.000000
-0.134064,0.525350,-0.104691,1.118119,-1.113955,-0.426329,-1.514416,1.001188,15.433847,2.690297,11.639539,6.484605,0.000000
-0.135533,0.528874,-0.106541,1.132719,-1.113955,-0.431574,-1.510373,1.014428,15.553118,2.728534,11.735005,6.546647,0.000000
-0.136816,0.532081,-0.108181,1.145884,-1.113955,-0.436262,-1.506738,1.026405,15.660137,2.764678,11.821221,6.603594,0.000000
-0.137929,0.534969,-0.109622,1.157639,-1.113955,-0.440416,-1.503500,1.037133,15.755265,2.798302,11.898310,6.655256,0.000000
-0.138886,0.537539,-0.110877,1.168024,-1.113955,-0.444063,-1.500643,1.046635,15.838948,2.829071,11.966486,6.701533,0.000000
-0.139864,0.539707,-0.112093,1.177264,-1.116875,-0.441310,-1.501152,1.054962,15.914661,2.850880,12.026344,6.739197,0.000000
-0.140550,0.541661,-0.113014,1.185064,-1.116875,-0.444023,-1.499009,1.062131,15.977101,2.875311,12.077659,6.774752,0.000000
-0.141120,0.543324,-0.113786,1.191672,-1.116875,-0.446314,-1.497195,1.068216,16.029840,2.896461,12.121158,6.805143,0.000000
-0.141586,0.544712,-0.114422,1.197166,-1.116875,-0.448211,-1.495687,1.073283,16.073567,2.914364,12.157336,6.830595,0.000000
-0.141959,0.545843,-0.114935,1.201629,-1.116875,-0.449750,-1.494462,1.077404,16.109016,2.929125,12.186739,6.851402,0.000000
-0.142250,0.546739,-0.115337,1.205154,-1.116875,-0.450962,-1.493495,1.080663,16.136961,2.940922,12.209967,6.867916,0.000000
-0.142469,0.547423,-0.115642,1.207839,-1.116875,-0.451884,-1.492758,1.083147,16.158214,2.949990,12.227662,6.880543,0.000000
-0.142627,0.547920,-0.115862,1.209787,-1.116875,-0.452553,-1.492224,1.084951,16.173624,2.956619,12.240508,6.889735,0.000000
-0.142734,0.548258,-0.116012,1.211110,-1.116875,-0.453006,-1.491861,1.086176,16.184076,2.961141,12.249228,6.895989,0.000000
-0.142799,0.548465,-0.116103,1.211922,-1.116875,-0.453284,-1.491638,1.086929,16.190489,2.963927,12.254583,6.899833,0.000000
-0.142833,0.548573,-0.116151,1.212344,-1.116875,-0.453429,-1.491522,1.087320,16.193820,2.965378,12.257365,6.901833,0.000000
-0.142849,0.548612,-0.116171,1.212504,-1.116923,-0.453386,-1.491528,1.087466,16.195114,2.965823,12.258410,6.902527,0.000000
-0.142851,0.548618,-0.116174,1.212528,-1.116930,-0.453380,-1.491529,1.087487,16.195300,2.965887,12.258561,6.902627,0.000000
-0.142851,0.548617,-0.116174,1.212528,-1.116930,-0.453746,-1.491163,1.087487,16.195301,2.965887,12.258561,6.902627,0.000000
-0.142851,0.548617,-0.116174,1.212528,-1.116930,-0.456165,-1.488744,1.087487,16.195301,2.965886,12.258561,6.902626,0.000000
-0.142849,0.548618,-0.116172,1.212526,-1.116930,-0.462309,-1.482600,1.087487,16.195269,2.965944,12.258556,6.902657,0.000000
-0.142838,0.548624,-0.116163,1.212514,-1.116930,-0.473463,-1.471446,1.087486,16.195060,2.966324,12.258524,6.902860,0.000000
-0.142799,0.548643,-0.116131,1.212473,-1.116930,-0.490553,-1.454356,1.087483,16.194318,2.967672,12.258410,6.903580,0.000000
-0.142699,0.548692,-0.116047,1.212365,-1.116930,-0.514181,-1.430729,1.087476,16.192400,2.971156,12.258116,6.905439,0.000000
-0.142487,0.548798,-0.115870,1.212138,-1.116930,-0.544661,-1.400248,1.087461,16.188337,2.978538,12.257495,6.909380,0.000000
-0.142095,0.548991,-0.115544,1.211718,-1.116930,-0.582065,-1.362841,1.087433,16.180842,2.992161,12.256349,6.916654,0.000000
-0.141443,0.549314,-0.115000,1.211019,-1.116930,-0.626267,-1.318634,1.087386,16.168365,3.014862,12.254449,6.928778,0.000000
-0.140439,0.549811,-0.114162,1.209942,-1.116930,-0.676988,-1.267905,1.087315,16.149178,3.049821,12.251542,6.947458,0.000000
-0.138987,0.550531,-0.112950,1.208387,-1.116930,-0.733845,-1.211037,1.087211,16.121490,3.100387,12.247383,6.974495,0.000000
-0.136995,0.551519,-0.111286,1.206250,-1.116930,-0.796386,-1.148480,1.087067,16.083561,3.169885,12.241753,7.011693,0.000000
-0.134374,0.552820,-0.109095,1.203440,-1.116930,-0.864124,-1.080720,1.086878,16.033818,3.261446,12.234496,7.060769,0.000000
-0.131049,0.554475,-0.106312,1.199873,-1.116930,-0.936566,-1.008251,1.086637,15.970959,3.377848,12.225535,7.123273,0.000000
-0.126960,0.556515,-0.102885,1.195485,-1.116930,-1.013226,-0.931557,1.086339,15.894037,3.521391,12.214899,7.200529,0.000000
-0.122065,0.558965,-0.098773,1.190230,-1.116930,-1.093639,-0.851102,1.085980,15.802521,3.693802,12.202736,7.293586,0.000000
-0.116342,0.561843,-0.093957,1.184083,-1.116930,-1.177368,-0.767326,1.085557,15.696339,3.896157,12.189321,7.403175,0.000000
-0.109793,0.565153,-0.088430,1.177044,-1.116930,-1.263998,-0.680641,1.085069,15.575902,4.128828,12.175051,7.529679,0.000000
-0.102441,0.568892,-0.082208,1.169139,-1.116930,-1.353129,-0.591449,1.084518,15.442114,4.391412,12.160438,7.673087,0.000000
-0.094337,0.573044,-0.075325,1.160421,-1.116930,-1.444345,-0.500167,1.083906,15.296392,4.682621,12.146086,7.832927,0.000000
-0.085563,0.577575,-0.067845,1.150979,-1.116930,-1.537143,-0.407299,1.083239,15.140750,5.000020,12.132670,8.008100,0.000000
-0.076252,0.582430,-0.059874,1.140956,-1.116930,-1.630759,-0.313611,1.082530,14.978043,5.339332,12.120902,8.196473,0.000000
-0.066633,0.587497,-0.051600,1.130601,-1.116930,-1.723718,-0.220580,1.081797,14.812702,5.692607,12.111490,8.393819,0.000000
-0.057155,0.592546,-0.043409,1.120400,-1.116930,-1.812722,-0.131512,1.081077,14.652608,6.043560,12.105049,8.591118,0.000000
-0.048716,0.597095,-0.036083,1.111323,-1.116930,-1.890512,-0.053675,1.080440,14.512600,6.358525,12.101836,8.769290,0.000000
-0.042654,0.600403,-0.030800,1.104807,-1.116930,-1.945875,0.001708,1.079988,14.413655,6.586418,12.101159,8.898914,0.000000
-0.039434,0.602176,-0.027987,1.101349,-1.116930,-1.975182,0.031012,1.079750,14.361734,6.708080,12.101428,8.968385,0.000000
-0.038002,0.602969,-0.026734,1.099810,-1.116930,-1.988207,0.044026,1.079644,14.338780,6.762364,12.101697,8.999446,0.000000
-0.037405,0.603300,-0.026212,1.099170,-1.116930,-1.993626,0.049436,1.079600,14.329251,6.784992,12.101837,9.012406,0.000000
-0.037204,0.603412,-0.026035,1.098954,-1.116930,-1.995456,0.051263,1.079586,14.326034,6.792644,12.101888,9.016790,0.000000
-0.037175,0.603428,-0.026010,1.098923,-1.116930,-1.995718,0.051524,1.079583,14.325575,6.793737,12.101896,9.017416,0.000000
-0.037175,0.603428,-0.026010,1.098923,-1.116930,-1.995718,0.051524,1.079583,14.325575,6.793737,12.101896,9.017416,1.000000
-0.037175,0.603428,-0.026010,1.098923,-1.116930,-1.995718,0.051524,1.079583,14.325575,6.793737,12.101896,9.017416,1.000000
-0.037175,0.603428,-0.026010,1.098923,-1.116930,-1.995718,0.051524,1.079583,14.325575,6.793737,12.101896,9.017416,1.000000
-0.037175,0.603428,-0.026010,1.098923,-1.116930,-1.995718,0.051524,1.079583,14.325575,6.793737,12.101896,9.017416,1.000000
-0.037175,0.603428,-0.026010,1.098923,-1.116930,-1.995718,0.051524,1.079583,14.325575,6.793737,12.101896,9.017416,1.000000
-0.037175,0.603428,-0.026010,1.098923,-1.116930,-1.995718,0.051524,1.079583,14.325575,6.793737,12.101896,9.017416,1.000000
-0.037175,0.603428,-0.026010,1.098923,-1.116930,-1.995718,0.051524,1.079583,14.325575,6.793737,12.101896,9.017416,1.000000
-0.037175,0.603428,-0.026010,1.098923,-1.116930,-1.995718,0.051524,1.079583,14.325575,6.793737,12.101896,9.017416,1.000000
-0.037175,0.603428,-0.026010,1.098923,-1.116930,-1.995718,0.051524,1.079583,14.325575,6.793737,12.101896,9.017416,1.000000
-0.037175,0.603428,-0.026010,1.098923,-1.116930,-1.995718,0.051524,1.079583,14.325575,6.793737,12.101896,9.017416,1.000000
-0.037175,0.603428,-0.026010,1.098923,-1.116930,-1.995718,0.051524,1.079583,14.325575,6.793737,12.101896,9.017416,1.000000
-0.037175,0.603428,-0.026010,1.098923,-1.116930,-1.995718,0.051524,1.079583,14.325575,6.793737,12.101896,9.017416,1.000000
-0.037175,0.603428,-0.026010,1.098923,-1.116930,-1.995718,0.051524,1.079583,14.325575,6.793737,12.101896,9.017416,1.000000
-0.037175,0.603428,-0.026010,1.098923,-1.116930,-1.995718,0.051524,1.079583,14.325575,6.793737,12.101896,9.017416,1.000000
-0.037175,0.603428,-0.026010,1.098923,-1.116930,-1.995718,0.051524,1.079583,14.325575,6.793737,12.101896,9.017416,1.000000
-0.037175,0.603428,-0.026010,1.098923,-1.116930,-1.995718,0.051524,1.079583,14.325575,6.793737,12.101896,9.017416,1.000000
-0.037175,0.603428,-0.026010,1.098923,-1.116930,-1.995718,0.051524,1.079583,14.325575,6.793737,12.101896,9.017416,1.000000
-0.037175,0.603428,-0.026010,1.098923,-1.116930,-1.995718,0.051524,1.079583,14.325575,6.793737,12.101896,9.017416,1.000000
-0.037175,0.603428,-0.026010,1.098923,-1.116930,-1.995718,0.051524,1.079583,14.325575,6.793737,12.101896,9.017416,1.000000
-0.037175,0.603428,-0.026010,1.098923,-1.116930,-1.995718,0.051524,1.079583,14.325575,6.793737,12.101896,9.017416,1.000000
-0.037175,0.603428,-0.026010,1.098923,-1.116930,-1.995718,0.051524,1.079583,14.325575,6.793737,12.101896,9.017416,1.000000
-0.037175,0.603428,-0.026010,1.098923,-1.116930,-1.995718,0.051524,1.079583,14.325575,6.793737,12.101896,9.017416,1.000000
-0.037175,0.603428,-0.026010,1.098923,-1.116930,-1.995718,0.051524,1.079583,14.325575,6.793737,12.101896,9.017416,1.000000
-0.037175,0.603428,-0.026010,1.098923,-1.116930,-1.995718,0.051524,1.079583,14.325575,6.793737,12.101896,9.017416,1.000000
-0.037175,0.603428,-0.026010,1.098923,-1.116930,-1.995718,0.051524,1.079583,14.325575,6.793737,12.101896,9.017416,1.000000
-0.037175,0.603428,-0.026010,1.098923,-1.116930,-1.995718,0.051524,1.079583,14.325575,6.793737,12.101896,9.017416,1.000000
-0.037175,0.603428,-0.026010,1.098923,-1.116930,-1.995718,0.051524,1.079583,14.325575,6.793737,12.101896,9.017416,1.000000
-0.037175,0.603428,-0.026010,1.098923,-1.116930,-1.995718,0.051524,1.079583,14.325575,6.793737,12.101896,9.017416,1.000000
-0.037175,0.603428,-0.026010,1.098923,-1.116930,-1.995718,0.051524,1.079583,14.325575,6.793737,12.101896,9.017416,1.000000
-0.037175,0.603428,-0.026010,1.098923,-1.116930,-1.995718,0.051524,1.079583,14.325575,6.793737,12.101896,9.017416,1.000000
-0.037175,0.603428,-0.026010,1.098923,-1.116930,-1.995718,0.051524,1.079583,14.325575,6.793737,12.101896,9.017416,1.000000
-0.037175,0.603428,-0.026010,1.098923,-1.116930,-1.995718,0.051524,1.079583,14.325575,6.793737,12.101896,9.017416,1.000000
-0.037175,0.603428,-0.026010,1.098923,-1.116930,-1.995718,0.051524,1.079583,14.325575,6.793737,12.101896,9.017416,1.000000
-0.037175,0.603428,-0.026010,1.098923,-1.116930,-1.995718,0.051524,1.079583,14.325575,6.793737,12.101896,9.017416,1.000000
-0.037175,0.603428,-0.026010,1.098923,-1.116930,-1.995718,0.051524,1.079583,14.325575,6.793737,12.101896,9.017416,1.000000
-0.037175,0.603428,-0.026010,1.098923,-1.116930,-1.995718,0.051524,1.079583,14.325575,6.793737,12.101896,9.017416,1.000000
-0.037175,0.603428,-0.026010,1.098923,-1.116930,-1.995718,0.051524,1.079583,14.325575,6.793737,12.101896,9.017416,1.000000
-0.037175,0.603428,-0.026010,1.098923,-1.116930,-1.995718,0.051524,1.079583,14.325575,6.793737,12.101896,9.017416,1.000000
-0.037175,0.603428,-0.026010,1.098923,-1.116930,-1.995718,0.051524,1.079583,14.325575,6.793737,12.101896,9.017416,1.000000
-0.037175,0.603428,-0.026010,1.098923,-1.116930,-1.995718,0.051524,1.079583,14.325575,6.793737,12.101896,9.017416,1.000000
-0.037175,0.603428,-0.026010,1.098923,-1.116930,-1.995718,0.051524,1.079583,14.325575,6.793737,12.101896,9.017416,1.000000
-0.037175,0.603428,-0.026010,1.098923,-1.116930,-1.995718,0.051524,1.079583,14.325575,6.793737,12.101896,9.017416,1.000000
-0.037175,0.603428,-0.026010,1.098923,-1.116930,-1.995718,0.051524,1.079583,14.325575,6.793737,12.101896,9.017416,1.000000
-0.037175,0.603428,-0.026010,1.098923,-1.116930,-1.995718,0.051524,1.079583,14.325575,6.793737,12.101896,9.017416,1.000000
-0.037175,0.603428,-0.026010,1.098923,-1.116930,-1.995718,0.051524,1.079583,14.325575,6.793737,12.101896,9.017416,1.000000
-0.037175,0.603428,-0.026010,1.098923,-1.116930,-1.995718,0.051524,1.079583,14.325575,6.793737,12.101896,9.017416,1.000000
-0.037175,0.603428,-0.026010,1.098923,-1.116930,-1.995718,0.051524,1.079583,14.325575,6.793737,12.101896,9.017416,1.000000
-0.037175,0.603428,-0.026010,1.098923,-1.116930,-1.995718,0.051524,1.079583,14.325575,6.793737,12.101896,9.017416,1.000000
-0.037175,0.603428,-0.026010,1.098923,-1.116930,-1.995718,0.051524,1.079583,14.325575,6.793737,12.101896,9.017416,1.000000
-0.037175,0.603428,-0.026010,1.098923,-1.116930,-1.995718,0.051524,1.079583,14.325575,6.793737,12.101896,9.017416,1.000000
-0.037175,0.603428,-0.026010,1.098923,-1.116930,-1.995718,0.051524,1.079583,14.325575,6.793737,12.101896,9.017416,1.000000
-0.037175,0.603428,-0.026010,1.098923,-1.116930,-1.995718,0.051524,1.079583,14.325575,6.793737,12.101896,9.017416,1.000000
-0.037175,0.603428,-0.026010,1.098923,-1.116930,-1.995718,0.051524,1.079583,14.325575,6.793737,12.101896,9.017416,1.000000
-0.037175,0.603428,-0.026010,1.098923,-1.116930,-1.995718,0.051524,1.079583,14.325575,6.793737,12.101896,9.017416,1.000000
-0.037175,0.603428,-0.026010,1.098923,-1.116930,-1.995718,0.051524,1.079583,14.325575,6.793737,12.101896,9.017416,1.000000
-0.037175,0.603428,-0.026010,1.098923,-1.116930,-1.995718,0.051524,1.079583,14.325575,6.793737,12.101896,9.017416,1.000000
-0.037175,0.603428,-0.026010,1.098923,-1.116930,-1.995718,0.051524,1.079583,14.325575,6.793737,12.101896,9.017416,1.000000
-0.037175,0.603428,-0.026010,1.098923,-1.116930,-1.995718,0.051524,1.079583,14.325575,6.793737,12.101896,9.017416,1.000000
-0.037175,0.603428,-0.026010,1.098923,-1.116930,-1.995718,0.051524,1.079583,14.325575,6.793737,12.101896,9.017416,1.000000
-0.037175,0.603428,-0.026010,1.098923,-1.116930,-1.995718,0.051524,1.079583,14.325575,6.793737,12.101896,9.017416,1.000000
-0.037175,0.603428,-0.026010,1.098923,-1.116930,-1.995718,0.051524,1.079583,14.325575,6.793737,12.101896,9.017416,1.000000
-0.037175,0.603428,-0.026010,1.098923,-1.116930,-1.995718,0.051524,1.079583,14.325575,6.793737,12.101896,9.017416,1.000000
-0.037175,0.603428,-0.026010,1.098923,-1.116580,-1.995891,0.051347,1.079583,14.325576,6.793735,12.101896,9.017415,1.000000
-0.037175,0.603428,-0.026010,1.098923,-1.114266,-1.997036,0.050179,1.079583,14.325581,6.793724,12.101896,9.017409,1.000000
-0.037176,0.603427,-0.026011,1.098924,-1.108386,-1.999932,0.047195,1.079584,14.325592,6.793698,12.101896,9.017394,1.000000
-0.037177,0.603427,-0.026012,1.098925,-1.097700,-2.005134,0.041711,1.079584,14.325606,6.793663,12.101895,9.017374,1.000000
-0.037178,0.603427,-0.026012,1.098925,-1.081294,-2.012946,0.033117,1.079584,14.325615,6.793642,12.101895,9.017362,1.000000
-0.037176,0.603427,-0.026011,1.098924,-1.058546,-2.023410,0.020834,1.079584,14.325598,6.793683,12.101895,9.017385,1.000000
-0.037172,0.603430,-0.026007,1.098919,-1.029102,-2.036297,0.004277,1.079583,14.325526,6.793853,12.101897,9.017483,1.000000
-0.037162,0.603435,-0.025999,1.098908,-0.992854,-2.051120,-0.017147,1.079582,14.325363,6.794243,12.101899,9.017706,1.000000
-0.037143,0.603446,-0.025982,1.098888,-0.949929,-2.067163,-0.044027,1.079581,14.325067,6.794946,12.101904,9.018109,1.000000
-0.037114,0.603462,-0.025957,1.098857,-0.900694,-2.083525,-0.076899,1.079579,14.324604,6.796050,12.101912,9.018742,1.000000
-0.037073,0.603485,-0.025921,1.098813,-0.845758,-2.099180,-0.116179,1.079576,14.323948,6.797611,12.101923,9.019637,1.000000
-0.037020,0.603514,-0.025874,1.098756,-0.785990,-2.113045,-0.162079,1.079572,14.323095,6.799642,12.101937,9.020800,1.000000
-0.036955,0.603550,-0.025817,1.098686,-0.722527,-2.124072,-0.214513,1.079567,14.322065,6.802095,12.101954,9.022206,1.000000
-0.036882,0.603591,-0.025754,1.098608,-0.656757,-2.131338,-0.273015,1.079562,14.320902,6.804866,12.101974,9.023794,1.000000
-0.036804,0.603634,-0.025686,1.098525,-0.590274,-2.134141,-0.336692,1.079556,14.319667,6.807811,12.101995,9.025482,1.000000
-0.036726,0.603678,-0.025617,1.098441,-0.524784,-2.132084,-0.404236,1.079551,14.318424,6.810775,12.102017,9.027181,1.000000
-0.036651,0.603719,-0.025552,1.098361,-0.461968,-2.125136,-0.473997,1.079545,14.317227,6.813627,12.102038,9.028817,1.000000
-0.036581,0.603758,-0.025490,1.098285,-0.403332,-2.113641,-0.544125,1.079540,14.316112,6.816288,12.102058,9.030342,1.000000
-0.036517,0.603794,-0.025434,1.098216,-0.350066,-2.098291,-0.612738,1.079535,14.315089,6.818730,12.102077,9.031742,1.000000
-0.036458,0.603827,-0.025382,1.098153,-0.302960,-2.080049,-0.678084,1.079531,14.314152,6.820964,12.102094,9.033023,1.000000
-0.036404,0.603857,-0.025335,1.098095,-0.262385,-2.060047,-0.738659,1.079527,14.313291,6.823020,12.102110,9.034202,1.000000
-0.036354,0.603885,-0.025291,1.098042,-0.228339,-2.039477,-0.793272,1.079524,14.312497,6.824917,12.102124,9.035290,1.000000
-0.036308,0.603910,-0.025251,1.097993,-0.200527,-2.019490,-0.841070,1.079520,14.311769,6.826655,12.102138,9.036286,1.000000
-0.036267,0.603933,-0.025215,1.097949,-0.178455,-2.001106,-0.881524,1.079517,14.311117,6.828213,12.102150,9.037180,1.000000
-0.036232,0.603953,-0.025184,1.097911,-0.161518,-1.985146,-0.914420,1.079515,14.310554,6.829558,12.102161,9.037951,1.000000
-0.036203,0.603969,-0.025159,1.097880,-0.149068,-1.972174,-0.939841,1.079513,14.310095,6.830655,12.102170,9.038580,1.000000
-0.036181,0.603981,-0.025140,1.097856,-0.140447,-1.962464,-0.958171,1.079511,14.309748,6.831483,12.102176,9.039055,1.000000
-0.036167,0.603989,-0.025127,1.097841,-0.135003,-1.955975,-0.970103,1.079510,14.309515,6.832041,12.102181,9.039375,1.000000
-0.036158,0.603994,-0.025120,1.097832,-0.132070,-1.952346,-0.976664,1.079510,14.309383,6.832355,12.102183,9.039555,1.000000
-0.036155,0.603995,-0.025117,1.097828,-0.130930,-1.950906,-0.979245,1.079509,14.309331,6.832480,12.102184,9.039626,1.000000
-0.036155,0.603996,-0.025117,1.097828,-0.130758,-1.950688,-0.979635,1.079509,14.309323,6.832499,12.102185,9.039637,1.000000
-0.036155,0.603996,-0.025117,1.097828,-0.130755,-1.950692,-0.979634,1.079509,14.309332,6.832499,12.102191,9.039640,1.000000
-0.036156,0.603997,-0.025118,1.097821,-0.130737,-1.950712,-0.979631,1.079507,14.309373,6.832499,12.102219,9.039653,1.000000
-0.036158,0.604000,-0.025120,1.097806,-0.130688,-1.950770,-0.979623,1.079503,14.309490,6.832501,12.102301,9.039690,1.000000
-0.036162,0.604005,-0.025123,1.097777,-0.130592,-1.950882,-0.979607,1.079495,14.309717,6.832504,12.102459,9.039762,1.000000
-0.036169,0.604014,-0.025130,1.097730,-0.130436,-1.951065,-0.979580,1.079481,14.310087,6.832510,12.102717,9.039880,1.000000
-0.036179,0.604027,-0.025139,1.097659,-0.130205,-1.951336,-0.979540,1.079461,14.310637,6.832518,12.103101,9.040054,1.000000
-0.036193,0.604045,-0.025152,1.097562,-0.129884,-1.951711,-0.979486,1.079434,14.311398,6.832529,12.103632,9.040296,1.000000
-0.036212,0.604068,-0.025169,1.097433,-0.129460,-1.952207,-0.979414,1.079397,14.312405,6.832543,12.104333,9.040615,1.000000
-0.036236,0.604098,-0.025191,1.097268,-0.128920,-1.952839,-0.979323,1.079350,14.313688,6.832562,12.105228,9.041022,1.000000
-0.036266,0.604136,-0.025218,1.097064,-0.128250,-1.953622,-0.979210,1.079292,14.315280,6.832585,12.106338,9.041526,1.000000
-0.036302,0.604181,-0.025251,1.096817,-0.127437,-1.954570,-0.979074,1.079222,14.317211,6.832612,12.107685,9.042139,1.000000
-0.036345,0.604235,-0.025291,1.096523,-0.126470,-1.955699,-0.978912,1.079138,14.319512,6.832645,12.109289,9.042868,1.000000
-0.036395,0.604299,-0.025337,1.096178,-0.125335,-1.957022,-0.978725,1.079040,14.322214,6.832683,12.111173,9.043724,1.000000
-0.036454,0.604372,-0.025390,1.095779,-0.124020,-1.958552,-0.978509,1.078926,14.325344,6.832727,12.113355,9.044716,1.000000
-0.036521,0.604456,-0.025452,1.095321,-0.122514,-1.960302,-0.978265,1.078796,14.328933,6.832777,12.115857,9.045852,1.000000
-0.036597,0.604552,-0.025521,1.094803,-0.120806,-1.962285,-0.977992,1.078648,14.333009,6.832832,12.118699,9.047143,1.000000
-0.036683,0.604660,-0.025600,1.094220,-0.118883,-1.964511,-0.977688,1.078482,14.337601,6.832894,12.121900,9.048595,1.000000
-0.036779,0.604780,-0.025688,1.093570,-0.116735,-1.966993,-0.977354,1.078297,14.342736,6.832962,12.125479,9.050220,1.000000
-0.036886,0.604914,-0.025786,1.092848,-0.114351,-1.969741,-0.976990,1.078091,14.348444,6.833037,12.129457,9.052023,1.000000
-0.037003,0.605062,-0.025894,1.092053,-0.111721,-1.972766,-0.976596,1.077864,14.354751,6.833117,12.133852,9.054016,1.000000
-0.037133,0.605224,-0.026012,1.091181,-0.108833,-1.976076,-0.976174,1.077616,14.361686,6.833203,12.138685,9.056204,1.000000
-0.037275,0.605402,-0.026143,1.090230,-0.105678,-1.979681,-0.975724,1.077344,14.369276,6.833295,12.143973,9.058598,1.000000
-0.037430,0.605595,-0.026284,1.089197,-0.102246,-1.983588,-0.975249,1.077049,14.377550,6.833391,12.149736,9.061205,1.000000
-0.037598,0.605806,-0.026439,1.088079,-0.098526,-1.987807,-0.974751,1.076729,14.386534,6.833492,12.155994,9.064032,1.000000
-0.037780,0.606033,-0.026606,1.086874,-0.094509,-1.992343,-0.974232,1.076384,14.396258,6.833597,12.162766,9.067089,1.000000
-0.037977,0.606278,-0.026786,1.085579,-0.090185,-1.997203,-0.973696,1.076014,14.406749,6.833704,12.170070,9.070384,1.000000
-0.038189,0.606541,-0.026980,1.084193,-0.085544,-2.002393,-0.973147,1.075617,14.418037,6.833813,12.177927,9.073923,1.000000
-0.038416,0.606824,-0.027189,1.082713,-0.080577,-2.007918,-0.972590,1.075192,14.430149,6.833923,12.186357,9.077715,1.000000
-0.038659,0.607126,-0.027412,1.081137,-0.075275,-2.013782,-0.972029,1.074740,14.443115,6.834031,12.195378,9.081768,1.000000
-0.038919,0.607448,-0.027651,1.079463,-0.069627,-2.019988,-0.971471,1.074260,14.456965,6.834136,12.205011,9.086090,1.000000
-0.039197,0.607792,-0.027906,1.077689,-0.063624,-2.026540,-0.970922,1.073750,14.471729,6.834235,12.215277,9.090687,1.000000
-0.039492,0.608157,-0.028178,1.075814,-0.057258,-2.033439,-0.970390,1.073211,14.487438,6.834327,12.226196,9.095569,1.000000
-0.039806,0.608544,-0.028467,1.073836,-0.050517,-2.040687,-0.969884,1.072641,14.504122,6.834409,12.237789,9.100742,1.000000
-0.040140,0.608954,-0.028774,1.071754,-0.043393,-2.048284,-0.969411,1.072042,14.521814,6.834476,12.250077,9.106213,1.000000
-0.040493,0.609387,-0.029099,1.069566,-0.035875,-2.056230,-0.968983,1.071411,14.540547,6.834526,12.263082,9.111991,1.000000
-0.040867,0.609844,-0.029444,1.067272,-0.027954,-2.064524,-0.968611,1.070748,14.560353,6.834554,12.276826,9.118081,1.000000
-0.041262,0.610326,-0.029808,1.064869,-0.019620,-2.073164,-0.968306,1.070054,14.581267,6.834556,12.291331,9.124492,1.000000
-0.041680,0.610834,-0.030194,1.062358,-0.010862,-2.082147,-0.968082,1.069328,14.603324,6.834527,12.306620,9.131231,1.000000
-0.042120,0.611368,-0.030600,1.059737,-0.001668,-2.091470,-0.967953,1.068570,14.626560,6.834459,12.322717,9.138303,1.000000
-0.042584,0.611928,-0.031029,1.057006,0.007970,-2.101128,-0.967934,1.067778,14.651011,6.834348,12.339644,9.145715,1.000000
-0.043073,0.612516,-0.031481,1.054164,0.018067,-2.111115,-0.968044,1.066955,14.676716,6.834185,12.357427,9.153474,1.000000
-0.043587,0.613132,-0.031956,1.051211,0.028632,-2.121426,-0.968299,1.066098,14.703713,6.833961,12.376089,9.161585,1.000000
-0.044128,0.613776,-0.032457,1.048146,0.039679,-2.132052,-0.968721,1.065208,14.732041,6.833669,12.395655,9.170055,1.000000
-0.044696,0.614450,-0.032983,1.044971,0.051220,-2.142986,-0.969329,1.064286,14.761742,6.833297,12.416152,9.178888,1.000000
-0.045292,0.615154,-0.033536,1.041684,0.063269,-2.154218,-0.970147,1.063330,14.792858,6.832835,12.437604,9.188089,1.000000
-0.045917,0.615889,-0.034116,1.038287,0.075841,-2.165738,-0.971200,1.062342,14.825431,6.832269,12.460039,9.197662,1.000000
-0.046573,0.616654,-0.034725,1.034779,0.088950,-2.177533,-0.972513,1.061321,14.859506,6.831587,12.483482,9.207610,1.000000
-0.047260,0.617452,-0.035364,1.031161,0.102612,-2.189593,-0.974117,1.060268,14.895127,6.830773,12.507961,9.217938,1.000000
-0.047980,0.618282,-0.036034,1.027435,0.116843,-2.201902,-0.976040,1.059184,14.932341,6.829810,12.533504,9.228647,1.000000
-0.048734,0.619145,-0.036736,1.023601,0.131661,-2.214445,-0.978316,1.058068,14.971196,6.828680,12.560137,9.239739,1.000000
-0.049523,0.620042,-0.037471,1.019661,0.147085,-2.227206,-0.980980,1.056921,15.011740,6.827363,12.587889,9.251213,1.000000
-0.050349,0.620972,-0.038241,1.015615,0.163134,-2.240167,-0.984069,1.055743,15.054022,6.825837,12.616788,9.263071,1.000000
-0.051212,0.621938,-0.039047,1.011466,0.179829,-2.253308,-0.987624,1.054537,15.098094,6.824077,12.646861,9.275310,1.000000
-0.052115,0.622938,-0.039890,1.007216,0.197191,-2.266608,-0.991686,1.053302,15.144006,6.822059,12.678138,9.287926,1.000000
-0.053059,0.623973,-0.040773,1.002867,0.215243,-2.280046,-0.996302,1.052039,15.191811,6.819752,12.710646,9.300917,1.000000
-0.054045,0.625045,-0.041696,0.998421,0.234009,-2.293595,-1.001519,1.050749,15.241564,6.817125,12.744414,9.314275,1.000000
-0.055075,0.626152,-0.042661,0.993881,0.253513,-2.307231,-1.007389,1.049435,15.293317,6.814144,12.779468,9.327994,1.000000
-0.056151,0.627296,-0.043670,0.989249,0.273783,-2.320924,-1.013967,1.048096,15.347127,6.810773,12.815837,9.342064,1.000000
-0.057275,0.628476,-0.044725,0.984529,0.294844,-2.334644,-1.021309,1.046735,15.403049,6.806970,12.853547,9.356472,1.000000
-0.058447,0.629692,-0.045826,0.979724,0.316725,-2.348360,-1.029476,1.045353,15.461140,6.802692,12.892624,9.371207,1.000000
-0.059672,0.630945,-0.046978,0.974838,0.339455,-2.362035,-1.038531,1.043951,15.521455,6.797890,12.933095,9.386250,1.000000
-0.060949,0.632234,-0.048180,0.969875,0.363061,-2.375633,-1.048540,1.042532,15.584052,6.792515,12.974983,9.401584,1.000000
-0.062282,0.633558,-0.049436,0.964839,0.387573,-2.389115,-1.059572,1.041098,15.648988,6.786511,13.018312,9.417187,1.000000
-0.063672,0.634919,-0.050747,0.959734,0.413019,-2.402438,-1.071697,1.039651,15.716321,6.779818,13.063104,9.433035,1.000000
-0.065123,0.636314,-0.052115,0.954565,0.439427,-2.415557,-1.084988,1.038193,15.786106,6.772373,13.109379,9.449099,1.000000
-0.066635,0.637744,-0.053543,0.949337,0.466824,-2.428426,-1.099516,1.036726,15.858399,6.764109,13.157157,9.465350,1.000000
-0.068212,0.639207,-0.055034,0.944055,0.495233,-2.440995,-1.115357,1.035253,15.933255,6.754955,13.206455,9.481755,1.000000
-0.069855,0.640703,-0.056588,0.938724,0.524675,-2.453213,-1.132583,1.033777,16.010729,6.744836,13.257288,9.498277,1.000000
-0.071568,0.642231,-0.058209,0.933351,0.555167,-2.465026,-1.151265,1.032301,16.090871,6.733675,13.309669,9.514878,1.000000
-0.073352,0.643789,-0.059899,0.927941,0.586723,-2.476378,-1.171470,1.030827,16.173733,6.721392,13.363609,9.531516,1.000000
-0.075210,0.645376,-0.061660,0.922500,0.619347,-2.487213,-1.193262,1.029359,16.259360,6.707906,13.419117,9.548150,1.000000
-0.077144,0.646991,-0.063495,0.917034,0.653041,-2.497472,-1.216699,1.027900,16.347799,6.693137,13.476200,9.564736,1.000000
-0.079157,0.648632,-0.065405,0.911549,0.687794,-2.507098,-1.241829,1.026453,16.439088,6.677005,13.534863,9.581230,1.000000
-0.081250,0.650297,-0.067393,0.906051,0.723590,-2.516031,-1.268694,1.025022,16.533266,6.659436,13.595109,9.597592,1.000000
-0.083425,0.651986,-0.069461,0.900546,0.760401,-2.524215,-1.297323,1.023610,16.630363,6.640359,13.656940,9.613782,1.000000
-0.085685,0.653696,-0.071609,0.895040,0.798187,-2.531593,-1.327735,1.022221,16.730408,6.619712,13.720356,9.629764,1.000000
-0.088030,0.655427,-0.073841,0.889540,0.836900,-2.538110,-1.359933,1.020859,16.833422,6.597444,13.785358,9.645508,1.000000
-0.090461,0.657177,-0.076156,0.884050,0.876476,-2.543714,-1.393910,1.019527,16.939421,6.573514,13.851944,9.660991,1.000000
-0.092980,0.658944,-0.078555,0.878576,0.916845,-2.548355,-1.429640,1.018229,17.048417,6.547898,13.920115,9.676200,1.000000
-0.095585,0.660730,-0.081039,0.873124,0.957920,-2.551986,-1.467087,1.016969,17.160413,6.520586,13.989871,9.691127,1.000000
-0.098278,0.662532,-0.083609,0.867697,0.999605,-2.554564,-1.506198,1.015752,17.275409,6.491587,14.061215,9.705780,1.000000
-0.101057,0.664351,-0.086264,0.862301,1.041794,-2.556049,-1.546907,1.014582,17.393398,6.460927,14.134151,9.720174,1.000000
-0.103922,0.666187,-0.089003,0.856940,1.084370,-2.556402,-1.589134,1.013462,17.514371,6.428651,14.208684,9.734337,1.000000
-0.106871,0.668040,-0.091825,0.851617,1.127208,-2.555590,-1.632788,1.012398,17.638311,6.394820,14.284823,9.748307,1.000000
-0.109902,0.669912,-0.094730,0.846337,1.170174,-2.553581,-1.677767,1.011394,17.765199,6.359511,14.362577,9.762132,1.000000
-0.113013,0.671803,-0.097716,0.841103,1.213125,-2.550345,-1.723959,1.010455,17.895013,6.322815,14.441959,9.775868,1.000000
-0.116202,0.673715,-0.100781,0.835920,1.255915,-2.545856,-1.771243,1.009585,18.027727,6.284834,14.522982,9.789579,1.000000
-0.122043,0.672935,-0.105925,0.833418,1.256280,-2.546244,-1.771243,1.008842,18.181123,6.124556,14.581690,9.723990,1.000000
-0.127957,0.672105,-0.111128,0.830884,1.256649,-2.546636,-1.771243,1.008088,18.336250,5.962084,14.640943,9.657390,1.000000
-0.133944,0.671225,-0.116389,0.828319,1.257021,-2.547032,-1.771243,1.007325,18.493075,5.797435,14.700726,9.589784,1.000000
-0.140001,0.670293,-0.121705,0.825722,1.257397,-2.547432,-1.771243,1.006551,18.651567,5.630629,14.761021,9.521175,1.000000
-0.146129,0.669308,-0.127075,0.823093,1.257776,-2.547835,-1.771243,1.005768,18.811692,5.461687,14.821811,9.451568,1.000000
-0.152326,0.668268,-0.132499,0.820434,1.258159,-2.548243,-1.771243,1.004975,18.973417,5.290630,14.883080,9.380967,1.000000
-0.158591,0.667173,-0.137974,0.817745,1.258545,-2.548654,-1.771243,1.004173,19.136707,5.117479,14.944808,9.309377,1.000000
-0.164923,0.666021,-0.143498,0.815025,1.258935,-2.549068,-1.771243,1.003362,19.301526,4.942257,15.006980,9.236803,1.000000
-0.171321,0.664812,-0.149071,0.812276,1.259327,-2.549486,-1.771243,1.002541,19.467841,4.764988,15.069578,9.163251,1.000000
-0.177784,0.663543,-0.154691,0.809498,1.259723,-2.549908,-1.771243,1.001711,19.635614,4.585696,15.132583,9.088727,1.000000
-0.184311,0.662214,-0.160356,0.806691,1.260122,-2.550332,-1.771243,1.000872,19.804809,4.404404,15.195977,9.013236,1.000000
-0.190900,0.660824,-0.166063,0.803856,1.260523,-2.550760,-1.771243,1.000024,19.975389,4.221139,15.259742,8.936786,1.000000
-0.197551,0.659371,-0.171813,0.800992,1.260928,-2.551191,-1.771243,0.999167,20.147317,4.035926,15.323860,8.859383,1.000000
-0.204262,0.657855,-0.177602,0.798102,1.261335,-2.551624,-1.771243,0.998301,20.320555,3.848793,15.388312,8.781035,1.000000
-0.211031,0.656275,-0.183429,0.795184,1.261745,-2.552061,-1.771243,0.997427,20.495063,3.659767,15.453081,8.701749,1.000000
-0.217859,0.654630,-0.189292,0.792240,1.262157,-2.552500,-1.771243,0.996545,20.670805,3.468875,15.518147,8.621533,1.000000
-0.224743,0.652919,-0.195189,0.789270,1.262571,-2.552942,-1.771243,0.995654,20.847740,3.276147,15.583492,8.540395,1.000000
-0.231682,0.651141,-0.201119,0.786275,1.262988,-2.553386,-1.771243,0.994755,21.025828,3.081613,15.649096,8.458344,1.000000
-0.238674,0.649295,-0.207079,0.783254,1.263408,-2.553833,-1.771243,0.993848,21.205031,2.885301,15.714942,8.375390,1.000000
-0.245720,0.647380,-0.213068,0.780209,1.263829,-2.554282,-1.771243,0.992933,21.385308,2.687244,15.781011,8.291540,1.000000
-0.252816,0.645396,-0.219083,0.777140,1.264252,-2.554734,-1.771243,0.992011,21.566617,2.487472,15.847283,8.206806,1.000000
-0.259962,0.643343,-0.225123,0.774047,1.264678,-2.555187,-1.771243,0.991080,21.748920,2.286018,15.913741,8.121197,1.000000
-0.267157,0.641219,-0.231185,0.770931,1.265105,-2.555643,-1.771243,0.990143,21.932174,2.082913,15.980364,8.034723,1.000000
-0.274399,0.639024,-0.237267,0.767793,1.265533,-2.556100,-1.771243,0.989198,22.116338,1.878193,16.047135,7.947395,1.000000
-0.281686,0.636757,-0.243368,0.764633,1.265964,-2.556559,-1.771243,0.988246,22.301371,1.671889,16.114034,7.859225,1.000000
-0.289018,0.634418,-0.249485,0.761451,1.266396,-2.557020,-1.771243,0.987287,22.487230,1.464037,16.181043,7.770224,1.000000
-0.296393,0.632007,-0.255616,0.758249,1.266829,-2.557483,-1.771243,0.986321,22.673875,1.254673,16.248144,7.680404,1.000000
-0.303808,0.629523,-0.261759,0.755026,1.267264,-2.557947,-1.771243,0.985348,22.861263,1.043831,16.315317,7.589776,1.000000
-0.311264,0.626966,-0.267912,0.751783,1.267700,-2.558412,-1.771243,0.984369,23.049351,0.831547,16.382544,7.498355,1.000000
-0.318758,0.624335,-0.274072,0.748521,1.268137,-2.558879,-1.771243,0.983384,23.238098,0.617860,16.449806,7.406151,1.000000
-0.326289,0.621631,-0.280239,0.745241,1.268575,-2.559346,-1.771243,0.982393,23.427460,0.402805,16.517086,7.313179,1.000000
-0.333856,0.618853,-0.286408,0.741942,1.269014,-2.559815,-1.771243,0.981395,23.617396,0.186421,16.584365,7.219453,1.000000
-0.341456,0.616002,-0.292579,0.738626,1.269454,-2.560285,-1.771243,0.980392,23.807863,-0.031253,16.651624,7.124986,1.000000
-0.349089,0.613077,-0.298749,0.735293,1.269895,-2.560756,-1.771243,0.979383,23.998817,-0.250179,16.718846,7.029792,1.000000
-0.356753,0.610078,-0.304916,0.731943,1.270336,-2.561227,-1.771243,0.978368,24.190217,-0.470317,16.786013,6.933887,1.000000
-0.364446,0.607005,-0.311078,0.728578,1.270778,-2.561699,-1.771243,0.977349,24.382020,-0.691627,16.853108,6.837285,1.000000
-0.372167,0.603859,-0.317233,0.725198,1.271220,-2.562172,-1.771243,0.976324,24.574182,-0.914068,16.920111,6.740002,1.000000
-0.379914,0.600640,-0.323377,0.721803,1.271663,-2.562645,-1.771243,0.975294,24.766661,-1.137600,16.987007,6.642054,1.000000
-0.387685,0.597348,-0.329511,0.718394,1.272106,-2.563119,-1.771243,0.974260,24.959415,-1.362181,17.053777,6.543456,1.000000
-0.395480,0.593984,-0.335630,0.714972,1.272549,-2.563592,-1.771243,0.973221,25.152400,-1.587770,17.120405,6.444225,1.000000
-0.403296,0.590547,-0.341733,0.711537,1.272992,-2.564066,-1.771243,0.972177,25.345575,-1.814323,17.186874,6.344378,1.000000
-0.411133,0.587039,-0.347818,0.708091,1.273435,-2.564540,-1.771243,0.971130,25.538897,-2.041798,17.253167,6.243932,1.000000
-0.418987,0.583460,-0.353883,0.704632,1.273878,-2.565014,-1.771243,0.970078,25.732323,-2.270151,17.319268,6.142905,1.000000
-0.426858,0.579811,-0.359926,0.701163,1.274320,-2.565488,-1.771243,0.969023,25.925812,-2.499339,17.385160,6.041313,1.000000
-0.434745,0.576092,-0.365944,0.697684,1.274763,-2.565961,-1.771243,0.967964,26.119321,-2.729319,17.450827,5.939175,1.000000
-0.442645,0.572303,-0.371936,0.694195,1.275205,-2.566434,-1.771243,0.966902,26.312808,-2.960044,17.516253,5.836510,1.000000
-0.450556,0.568447,-0.377900,0.690697,1.275646,-2.566907,-1.771243,0.965836,26.506231,-3.191471,17.581424,5.733337,1.000000
-0.458478,0.564523,-0.383833,0.687191,1.276087,-2.567379,-1.771243,0.964768,26.699550,-3.423554,17.646322,5.629673,1.000000
-0.466409,0.560533,-0.389733,0.683677,1.276527,-2.567850,-1.771243,0.963697,26.892723,-3.656248,17.710934,5.525540,1.000000
-0.474347,0.556477,-0.395600,0.680157,1.276967,-2.568321,-1.771243,0.962623,27.085708,-3.889507,17.775245,5.420956,1.000000
-0.482290,0.552357,-0.401429,0.676630,1.277405,-2.568790,-1.771243,0.961547,27.278464,-4.123284,17.839240,5.315941,1.000000
-0.490237,0.548174,-0.407221,0.673097,1.277843,-2.569259,-1.771243,0.960469,27.470952,-4.357533,17.902904,5.210515,1.000000
-0.498186,0.543928,-0.412973,0.669560,1.278280,-2.569727,-1.771243,0.959388,27.663131,-4.592207,17.966224,5.104700,1.000000
-0.506135,0.539622,-0.418683,0.666018,1.278715,-2.570194,-1.771243,0.958306,27.854960,-4.827259,18.029186,4.998516,1.000000
-0.514084,0.535256,-0.424349,0.662472,1.279149,-2.570659,-1.771243,0.957223,28.046401,-5.062641,18.091776,4.891983,1.000000
-0.522030,0.530831,-0.429970,0.658924,1.279582,-2.571124,-1.771243,0.956138,28.237413,-5.298307,18.153982,4.785124,1.000000
-0.529971,0.526349,-0.435544,0.655373,1.280014,-2.571587,-1.771243,0.955052,28.427957,-5.534207,18.215790,4.677960,1.000000
-0.537907,0.521812,-0.441069,0.651820,1.280444,-2.572048,-1.771243,0.953965,28.617994,-5.770294,18.277187,4.570513,1.000000
-0.545835,0.517221,-0.446544,0.648267,1.280873,-2.572508,-1.771243,0.952877,28.807487,-6.006519,18.338163,4.462805,1.000000
-0.553754,0.512577,-0.451967,0.644713,1.281300,-2.572966,-1.771243,0.951789,28.996397,-6.242835,18.398704,4.354858,1.000000
-0.561662,0.507882,-0.457337,0.641159,1.281726,-2.573422,-1.771243,0.950701,29.184686,-6.479192,18.458799,4.246695,1.000000
-0.569558,0.503138,-0.462652,0.637607,1.282149,-2.573877,-1.771243,0.949612,29.372318,-6.715541,18.518437,4.138340,1.000000
-0.577439,0.498346,-0.467910,0.634056,1.282571,-2.574330,-1.771243,0.948524,29.559254,-6.951834,18.577607,4.029814,1.000000
-0.585305,0.493508,-0.473111,0.630508,1.282991,-2.574781,-1.771243,0.947436,29.745459,-7.188021,18.636298,3.921141,1.000000
-0.593154,0.488626,-0.478253,0.626963,1.283409,-2.575229,-1.771243,0.946349,29.930897,-7.424053,18.694499,3.812345,1.000000
-0.600985,0.483701,-0.483335,0.623422,1.283825,-2.575676,-1.771243,0.945263,30.115532,-7.659881,18.752202,3.703449,1.000000
-0.608795,0.478735,-0.488355,0.619885,1.284239,-2.576120,-1.771243,0.944177,30.299328,-7.895455,18.809396,3.594477,1.000000
-0.616583,0.473731,-0.493312,0.616354,1.284651,-2.576563,-1.771243,0.943093,30.482252,-8.130727,18.866071,3.485453,1.000000
-0.624347,0.468689,-0.498206,0.612828,1.285060,-2.577002,-1.771243,0.942011,30.664268,-8.365646,18.922220,3.376402,1.000000
-0.632087,0.463613,-0.503035,0.609309,1.285467,-2.577440,-1.771243,0.940930,30.845343,-8.600163,18.977832,3.267348,1.000000
-0.639800,0.458503,-0.507799,0.605797,1.285872,-2.577875,-1.771243,0.939851,31.025445,-8.834229,19.032901,3.158315,1.000000
-0.647485,0.453362,-0.512495,0.602293,1.286274,-2.578307,-1.771243,0.938775,31.204539,-9.067794,19.087417,3.049327,1.000000
-0.655140,0.448192,-0.517124,0.598798,1.286674,-2.578736,-1.771243,0.937700,31.382593,-9.300809,19.141374,2.940411,1.000000
-0.662764,0.442995,-0.521685,0.595312,1.287071,-2.579163,-1.771243,0.936629,31.559577,-9.533224,19.194764,2.831589,1.000000
-0.670356,0.437773,-0.526176,0.591836,1.287465,-2.579587,-1.771243,0.935560,31.735458,-9.764990,19.247580,2.722888,1.000000
-0.677914,0.432528,-0.530598,0.588371,1.287857,-2.580009,-1.771243,0.934494,31.910207,-9.996057,19.299816,2.614333,1.000000
-0.685436,0.427262,-0.534949,0.584917,1.288246,-2.580427,-1.771243,0.933431,32.083792,-10.226378,19.351465,2.505949,1.000000
-0.692921,0.421978,-0.539229,0.581475,1.288632,-2.580842,-1.771243,0.932372,32.256184,-10.455902,19.402521,2.397760,1.000000
-0.700367,0.416676,-0.543438,0.578046,1.289015,-2.581255,-1.771243,0.931317,32.427354,-10.684582,19.452980,2.289792,1.000000
-0.707774,0.411360,-0.547574,0.574631,1.289395,-2.581664,-1.771243,0.930266,32.597274,-10.912368,19.502834,2.182072,1.000000
-0.715139,0.406032,-0.551638,0.571229,1.289772,-2.582070,-1.771243,0.929219,32.765915,-11.139211,19.552081,2.074623,1.000000
-0.722462,0.400693,-0.555629,0.567843,1.290147,-2.582473,-1.771243,0.928176,32.933250,-11.365065,19.600715,1.967471,1.000000
-0.729740,0.395346,-0.559547,0.564472,1.290518,-2.582872,-1.771243,0.927138,33.099253,-11.589880,19.648731,1.860642,1.000000
-0.736973,0.389994,-0.563391,0.561117,1.290886,-2.583268,-1.771243,0.926104,33.263897,-11.813609,19.696127,1.754161,1.000000
-0.744159,0.384637,-0.567162,0.557779,1.291250,-2.583661,-1.771243,0.925076,33.427156,-12.036205,19.742898,1.648054,1.000000
-0.751297,0.379279,-0.570860,0.554458,1.291612,-2.584050,-1.771243,0.924053,33.589006,-12.257620,19.789041,1.542345,1.000000
-0.758385,0.373921,-0.574483,0.551156,1.291970,-2.584436,-1.771243,0.923035,33.749422,-12.477807,19.834553,1.437061,1.000000
-0.765422,0.368566,-0.578033,0.547872,1.292325,-2.584818,-1.771243,0.922023,33.908379,-12.696720,19.879432,1.332227,1.000000
-0.772407,0.363216,-0.581510,0.544608,1.292676,-2.585197,-1.771243,0.921017,34.065856,-12.914313,19.923676,1.227867,1.000000
-0.779339,0.357873,-0.584912,0.541364,1.293024,-2.585572,-1.771243,0.920017,34.221829,-13.130540,19.967282,1.124007,1.000000
-0.786216,0.352539,-0.588242,0.538141,1.293368,-2.585943,-1.771243,0.919024,34.376276,-13.345356,20.010249,1.020672,1.000000
-0.793037,0.347216,-0.591498,0.534939,1.293709,-2.586311,-1.771243,0.918037,34.529176,-13.558715,20.052575,0.917886,1.000000
-0.799801,0.341906,-0.594681,0.531760,1.294047,-2.586675,-1.771243,0.917056,34.680508,-13.770573,20.094259,0.815676,1.000000
-0.806507,0.336611,-0.597792,0.528603,1.294380,-2.587034,-1.771243,0.916083,34.830252,-13.980886,20.135301,0.714065,1.000000
-0.813153,0.331334,-0.600830,0.525469,1.294711,-2.587390,-1.771243,0.915116,34.978388,-14.189610,20.175700,0.613077,1.000000
-0.819738,0.326077,-0.603796,0.522360,1.295037,-2.587743,-1.771243,0.914157,35.124897,-14.396703,20.215456,0.512738,1.000000
-0.826262,0.320841,-0.606691,0.519275,1.295360,-2.588091,-1.771243,0.913206,35.269761,-14.602120,20.254569,0.413072,1.000000
-0.832723,0.315628,-0.609515,0.516215,1.295679,-2.588435,-1.771243,0.912262,35.412963,-14.805822,20.293039,0.314102,1.000000
-0.839119,0.310441,-0.612268,0.513181,1.295994,-2.588775,-1.771243,0.911326,35.554485,-15.007765,20.330868,0.215852,1.000000
-0.845451,0.305282,-0.614952,0.510174,1.296305,-2.589111,-1.771243,0.910398,35.694311,-15.207910,20.368055,0.118346,1.000000
-0.851716,0.300151,-0.617567,0.507193,1.296613,-2.589443,-1.771243,0.909479,35.832425,-15.406215,20.404602,0.021608,1.000000
-0.857915,0.295052,-0.620113,0.504241,1.296916,-2.589771,-1.771243,0.908568,35.968812,-15.602642,20.440510,-0.074340,1.000000
-0.864045,0.289987,-0.622591,0.501316,1.297216,-2.590094,-1.771243,0.907666,36.103457,-15.797151,20.475782,-0.169475,1.000000
-0.870106,0.284956,-0.625002,0.498420,1.297512,-2.590414,-1.771243,0.906772,36.236347,-15.989703,20.510418,-0.263774,1.000000
-0.876097,0.279962,-0.627346,0.495553,1.297804,-2.590729,-1.771243,0.905888,36.367468,-16.180262,20.544421,-0.357215,1.000000
-0.882017,0.275006,-0.629625,0.492717,1.298091,-2.591040,-1.771243,0.905013,36.496808,-16.368790,20.577794,-0.449776,1.000000
-0.887865,0.270091,-0.631840,0.489910,1.298375,-2.591346,-1.771243,0.904147,36.624354,-16.555250,20.610539,-0.541435,1.000000
-0.893641,0.265218,-0.633990,0.487135,1.298655,-2.591648,-1.771243,0.903290,36.750096,-16.739609,20.642659,-0.632171,1.000000
-0.899342,0.260389,-0.636078,0.484391,1.298931,-2.591946,-1.771243,0.902444,36.874022,-16.921830,20.674156,-0.721963,1.000000
-0.904970,0.255605,-0.638104,0.481679,1.299203,-2.592240,-1.771243,0.901607,36.996123,-17.101880,20.705034,-0.810791,1.000000
-0.910522,0.250868,-0.640068,0.479000,1.299470,-2.592529,-1.771243,0.900780,37.116389,-17.279725,20.735297,-0.898633,1.000000
-0.915998,0.246179,-0.641972,0.476353,1.299734,-2.592814,-1.771243,0.899964,37.234811,-17.455335,20.764947,-0.985471,1.000000
-0.921398,0.241541,-0.643818,0.473740,1.299993,-2.593094,-1.771243,0.899158,37.351381,-17.628676,20.793989,-1.071285,1.000000
-0.926720,0.236954,-0.645605,0.471161,1.300248,-2.593370,-1.771243,0.898362,37.466091,-17.799720,20.822427,-1.156056,1.000000
-0.931963,0.232419,-0.647335,0.468617,1.300499,-2.593642,-1.771243,0.897577,37.578935,-17.968435,20.850264,-1.239765,1.000000
-0.937129,0.227939,-0.649009,0.466107,1.300746,-2.593909,-1.771243,0.896803,37.689905,-18.134794,20.877505,-1.322394,1.000000
-0.942214,0.223515,-0.650628,0.463632,1.300989,-2.594171,-1.771243,0.896039,37.798998,-18.298769,20.904155,-1.403926,1.000000
-0.947220,0.219148,-0.652193,0.461193,1.301228,-2.594429,-1.771243,0.895287,37.906206,-18.460332,20.930217,-1.484343,1.000000
-0.952145,0.214839,-0.653705,0.458790,1.301462,-2.594683,-1.771243,0.894546,38.011527,-18.619459,20.955697,-1.563629,1.000000
-0.956990,0.210589,-0.655166,0.456424,1.301692,-2.594932,-1.771243,0.893816,38.114955,-18.776123,20.980599,-1.641767,1.000000
-0.961752,0.206400,-0.656575,0.454095,1.301918,-2.595176,-1.771243,0.893098,38.216489,-18.930303,21.004928,-1.718743,1.000000
-0.966433,0.202272,-0.657936,0.451802,1.302140,-2.595416,-1.771243,0.892391,38.316125,-19.081974,21.028690,-1.794540,1.000000
-0.971031,0.198207,-0.659248,0.449548,1.302358,-2.595652,-1.771243,0.891695,38.413861,-19.231115,21.051890,-1.869145,1.000000
-0.975546,0.194206,-0.660512,0.447331,1.302571,-2.595883,-1.771243,0.891012,38.509696,-19.377706,21.074532,-1.942543,1.000000
-0.979978,0.190270,-0.661731,0.445152,1.302780,-2.596109,-1.771243,0.890340,38.603629,-19.521727,21.096623,-2.014721,1.000000
-0.984326,0.186399,-0.662904,0.443012,1.302985,-2.596331,-1.771243,0.889680,38.695661,-19.663159,21.118168,-2.085666,1.000000
-0.988590,0.182595,-0.664033,0.440911,1.303186,-2.596548,-1.771243,0.889032,38.785792,-19.801986,21.139171,-2.155366,1.000000
-0.992770,0.178858,-0.665120,0.438849,1.303382,-2.596761,-1.771243,0.888397,38.874022,-19.938191,21.159640,-2.223810,1.000000
-0.996866,0.175190,-0.666165,0.436826,1.303575,-2.596969,-1.771243,0.887773,38.960354,-20.071760,21.179580,-2.290986,1.000000
-1.000877,0.171590,-0.667169,0.434843,1.303763,-2.597173,-1.771243,0.887162,39.044790,-20.202678,21.198996,-2.356884,1.000000
-1.004803,0.168060,-0.668134,0.432899,1.303947,-2.597372,-1.771243,0.886562,39.127334,-20.330934,21.217895,-2.421495,1.000000
-1.008644,0.164600,-0.669060,0.430996,1.304126,-2.597566,-1.771243,0.885976,39.207988,-20.456515,21.236282,-2.484809,1.000000
-1.012400,0.161210,-0.669949,0.429132,1.304302,-2.597757,-1.771243,0.885401,39.286757,-20.579413,21.254164,-2.546819,1.000000
-1.016071,0.157892,-0.670802,0.427309,1.304473,-2.597942,-1.771243,0.884840,39.363647,-20.699617,21.271546,-2.607517,1.000000
-1.019657,0.154646,-0.671619,0.425527,1.304640,-2.598123,-1.771243,0.884290,39.438661,-20.817122,21.288435,-2.666895,1.000000
-1.023157,0.151472,-0.672403,0.423785,1.304803,-2.598300,-1.771243,0.883753,39.511808,-20.931920,21.304836,-2.724948,1.000000
-1.026573,0.148371,-0.673153,0.422083,1.304962,-2.598472,-1.771243,0.883229,39.583093,-21.044007,21.320757,-2.781671,1.000000
-1.029903,0.145342,-0.673871,0.420423,1.305117,-2.598640,-1.771243,0.882718,39.652523,-21.153379,21.336203,-2.837058,1.000000
-1.033148,0.142387,-0.674559,0.418803,1.305268,-2.598803,-1.771243,0.882219,39.720108,-21.260034,21.351180,-2.891106,1.000000
-1.036309,0.139505,-0.675216,0.417224,1.305414,-2.598962,-1.771243,0.881732,39.785855,-21.363972,21.365695,-2.943812,1.000000
-1.039384,0.136697,-0.675844,0.415686,1.305557,-2.599116,-1.771243,0.881258,39.849775,-21.465193,21.379754,-2.995173,1.000000
-1.042376,0.133962,-0.676444,0.414189,1.305696,-2.599267,-1.771243,0.880797,39.911876,-21.563699,21.393364,-3.045188,1.000000
-1.045283,0.131301,-0.677016,0.412732,1.305830,-2.599412,-1.771243,0.880349,39.972170,-21.659494,21.406531,-3.093855,1.000000
-1.048106,0.128714,-0.677563,0.411317,1.305961,-2.599554,-1.771243,0.879913,40.030668,-21.752583,21.419261,-3.141176,1.000000
-1.050846,0.126201,-0.678084,0.409942,1.306087,-2.599691,-1.771243,0.879489,40.087382,-21.842971,21.431561,-3.187150,1.000000
-1.053503,0.123762,-0.678580,0.408608,1.306210,-2.599824,-1.771243,0.879079,40.142324,-21.930668,21.443436,-3.231780,1.000000
-1.056077,0.121396,-0.679053,0.407314,1.306328,-2.599953,-1.771243,0.878680,40.195508,-22.015682,21.454895,-3.275068,1.000000
-1.058569,0.119103,-0.679504,0.406061,1.306443,-2.600077,-1.771243,0.878294,40.246948,-22.098023,21.465943,-3.317018,1.000000
-1.060979,0.116884,-0.679932,0.404848,1.306554,-2.600197,-1.771243,0.877921,40.296659,-22.177706,21.476586,-3.357633,1.000000
-1.063307,0.114738,-0.680339,0.403675,1.306661,-2.600314,-1.771243,0.877560,40.344656,-22.254742,21.486832,-3.396918,1.000000
-1.065556,0.112664,-0.680726,0.402542,1.306765,-2.600426,-1.771243,0.877211,40.390954,-22.329149,21.496686,-3.434881,1.000000
-1.067724,0.110662,-0.681093,0.401448,1.306864,-2.600534,-1.771243,0.876874,40.435572,-22.400943,21.506155,-3.471526,1.000000
-1.069813,0.108732,-0.681441,0.400394,1.306960,-2.600638,-1.771243,0.876550,40.478525,-22.470142,21.515247,-3.506864,1.000000
-1.071823,0.106874,-0.681771,0.399378,1.307053,-2.600738,-1.771243,0.876237,40.519833,-22.536768,21.523966,-3.540901,1.000000
-1.073755,0.105086,-0.682084,0.398402,1.307141,-2.600834,-1.771243,0.875937,40.559515,-22.600841,21.532321,-3.573647,1.000000
-1.075611,0.103368,-0.682380,0.397464,1.307226,-2.600926,-1.771243,0.875648,40.597589,-22.662385,21.540318,-3.605114,1.000000
-1.077390,0.101719,-0.682660,0.396563,1.307308,-2.601015,-1.771243,0.875371,40.634077,-22.721426,21.547963,-3.635311,1.000000
-1.079094,0.100140,-0.682924,0.395701,1.307386,-2.601099,-1.771243,0.875106,40.669000,-22.777990,21.555263,-3.664253,1.000000
-1.080724,0.098628,-0.683174,0.394875,1.307460,-2.601180,-1.771243,0.874852,40.702380,-22.832105,21.562225,-3.691951,1.000000
-1.082280,0.097184,-0.683409,0.394087,1.307532,-2.601257,-1.771243,0.874609,40.734239,-22.883803,21.568856,-3.718420,1.000000
-1.083764,0.095806,-0.683631,0.393334,1.307600,-2.601331,-1.771243,0.874378,40.764601,-22.933114,21.575162,-3.743676,1.000000
-1.085177,0.094494,-0.683839,0.392618,1.307664,-2.601401,-1.771243,0.874157,40.793490,-22.980073,21.581151,-3.767733,1.000000
-1.086519,0.093247,-0.684035,0.391937,1.307725,-2.601468,-1.771243,0.873948,40.820932,-23.024714,21.586829,-3.790610,1.000000
-1.087793,0.092062,-0.684218,0.391290,1.307784,-2.601531,-1.771243,0.873749,40.846953,-23.067074,21.592203,-3.812324,1.000000
-1.088999,0.090941,-0.684390,0.390678,1.307839,-2.601590,-1.771243,0.873560,40.871579,-23.107193,21.597281,-3.832895,1.000000
-1.089922,0.090309,-0.684953,0.389876,1.315432,-2.600434,-1.779993,0.873376,40.900670,-23.127596,21.611413,-3.838339,1.000000
-1.090997,0.089309,-0.685104,0.389334,1.315479,-2.600486,-1.779993,0.873212,40.922615,-23.163378,21.615929,-3.856692,1.000000
-1.092008,0.088367,-0.685244,0.388824,1.315524,-2.600534,-1.779993,0.873057,40.943251,-23.197044,21.620170,-3.873963,1.000000
-1.092957,0.087483,-0.685375,0.388346,1.315565,-2.600580,-1.779993,0.872911,40.962606,-23.228640,21.624141,-3.890175,1.000000
-1.093845,0.086656,-0.685496,0.387898,1.315605,-2.600622,-1.779993,0.872775,40.980714,-23.258214,21.627852,-3.905352,1.000000
-1.094674,0.085884,-0.685609,0.387480,1.315641,-2.600662,-1.779993,0.872648,40.997605,-23.285815,21.631310,-3.919520,1.000000
-1.095445,0.085166,-0.685712,0.387091,1.315675,-2.600699,-1.779993,0.872530,41.013313,-23.311495,21.634522,-3.932704,1.000000
-1.096160,0.084499,-0.685808,0.386730,1.315706,-2.600733,-1.779993,0.872421,41.027872,-23.335307,21.637496,-3.944931,1.000000
-1.096820,0.083884,-0.685896,0.386397,1.315735,-2.600764,-1.779993,0.872319,41.041318,-23.357307,21.640239,-3.956228,1.000000
-1.097427,0.083317,-0.685976,0.386090,1.315762,-2.600794,-1.779993,0.872226,41.053686,-23.377551,21.642761,-3.966626,1.000000
-1.097984,0.082798,-0.686049,0.385809,1.315786,-2.600820,-1.779993,0.872141,41.065014,-23.396099,21.645068,-3.976153,1.000000
-1.098491,0.082325,-0.686115,0.385553,1.315809,-2.600844,-1.779993,0.872063,41.075339,-23.413010,21.647170,-3.984841,1.000000
-1.098951,0.081896,-0.686175,0.385321,1.315829,-2.600866,-1.779993,0.871993,41.084702,-23.428349,21.649075,-3.992722,1.000000
-1.099366,0.081509,-0.686229,0.385111,1.315847,-2.600886,-1.779993,0.871929,41.093141,-23.442180,21.650790,-3.999828,1.000000
-1.099737,0.081162,-0.686277,0.384923,1.315864,-2.600904,-1.779993,0.871872,41.100699,-23.454568,21.652326,-4.006195,1.000000
-1.100068,0.080853,-0.686319,0.384756,1.315878,-2.600920,-1.779993,0.871821,41.107418,-23.465584,21.653690,-4.011856,1.000000
-1.100359,0.080582,-0.686356,0.384609,1.315891,-2.600934,-1.779993,0.871776,41.113342,-23.475297,21.654892,-4.016848,1.000000
-1.100613,0.080344,-0.686389,0.384481,1.315902,-2.600946,-1.779993,0.871737,41.118514,-23.483781,21.655942,-4.021208,1.000000
-1.100833,0.080139,-0.686417,0.384370,1.315912,-2.600956,-1.779993,0.871704,41.122982,-23.491109,21.656848,-4.024975,1.000000
-1.101020,0.079964,-0.686441,0.384275,1.315920,-2.600965,-1.779993,0.871675,41.126791,-23.497358,21.657620,-4.028187,1.000000
-1.101178,0.079817,-0.686461,0.384195,1.315927,-2.600973,-1.779993,0.871651,41.129990,-23.502606,21.658269,-4.030885,1.000000
-1.101307,0.079696,-0.686477,0.384130,1.315932,-2.600979,-1.779993,0.871631,41.132628,-23.506935,21.658803,-4.033110,1.000000
-1.101412,0.079598,-0.686490,0.384077,1.315937,-2.600984,-1.779993,0.871615,41.134756,-23.510427,21.659234,-4.034905,1.000000
-1.101494,0.079522,-0.686501,0.384035,1.315941,-2.600988,-1.779993,0.871602,41.136425,-23.513166,21.659573,-4.036313,1.000000
-1.101556,0.079464,-0.686509,0.384004,1.315943,-2.600991,-1.779993,0.871593,41.137689,-23.515239,21.659829,-4.037379,1.000000
-1.101601,0.079422,-0.686514,0.383981,1.315945,-2.600993,-1.779993,0.871586,41.138601,-23.516736,21.660013,-4.038148,1.000000
-1.101631,0.079393,-0.686518,0.383966,1.315947,-2.600994,-1.779993,0.871581,41.139216,-23.517746,21.660138,-4.038668,1.000000
-1.101650,0.079376,-0.686520,0.383956,1.315947,-2.600995,-1.779993,0.871578,41.139592,-23.518363,21.660214,-4.038985,1.000000
-1.101660,0.079367,-0.686522,0.383952,1.315948,-2.600996,-1.779993,0.871577,41.139787,-23.518682,21.660253,-4.039149,1.000000
-1.101663,0.079364,-0.686522,0.383950,1.315948,-2.600996,-1.779993,0.871576,41.139859,-23.518801,21.660268,-4.039210,1.000000
-1.101663,0.079364,-0.686522,0.383949,1.315951,-2.600995,-1.779997,0.871576,41.139872,-23.518810,21.660274,-4.039213,1.000000
-1.101663,0.079364,-0.686523,0.383949,1.316133,-2.601349,-1.779825,0.871576,41.139877,-23.518795,21.660282,-4.039201,1.000000
-1.101662,0.079366,-0.686525,0.383948,1.317330,-2.603682,-1.778689,0.871576,41.139910,-23.518697,21.660335,-4.039122,1.000000
-1.101659,0.079372,-0.686531,0.383945,1.320372,-2.609609,-1.775805,0.871576,41.139996,-23.518446,21.660470,-4.038921,1.000000
-1.101653,0.079383,-0.686542,0.383939,1.325897,-2.620357,-1.770582,0.871576,41.140151,-23.517992,21.660716,-4.038556,1.000000
-1.101654,0.079382,-0.686541,0.383940,1.325906,-2.620357,-1.770582,0.871576,41.140139,-23.518027,21.660697,-4.038585,1.000000
-1.101655,0.079381,-0.686540,0.383940,1.325918,-2.620357,-1.770582,0.871576,41.140122,-23.518076,21.660670,-4.038624,1.000000
-1.101655,0.079380,-0.686538,0.383941,1.325934,-2.620357,-1.770582,0.871576,41.140101,-23.518139,21.660636,-4.038674,1.000000
-1.101656,0.079378,-0.686536,0.383942,1.325954,-2.620357,-1.770582,0.871576,41.140075,-23.518216,21.660595,-4.038736,1.000000
-1.101657,0.079376,-0.686534,0.383943,1.325976,-2.620357,-1.770582,0.871576,41.140044,-23.518307,21.660546,-4.038809,1.000000
-1.101659,0.079373,-0.686532,0.383944,1.326002,-2.620357,-1.770582,0.871576,41.140008,-23.518410,21.660490,-4.038892,1.000000
-1.101660,0.079370,-0.686529,0.383946,1.326031,-2.620357,-1.770582,0.871576,41.139969,-23.518525,21.660428,-4.038984,1.000000
-1.101660,0.079370,-0.686529,0.383946,1.326031,-2.620357,-1.770582,0.871576,41.139969,-23.518525,21.660428,-4.038984,1.000000
-1.101660,0.079370,-0.686529,0.383946,1.326031,-2.620357,-1.770582,0.871576,41.139969,-23.518525,21.660428,-4.038984,1.000000
-1.101660,0.079370,-0.686529,0.383946,1.326031,-2.620357,-1.770582,0.871576,41.139969,-23.518525,21.660428,-4.038984,1.000000
-1.101660,0.079370,-0.686529,0.383946,1.326031,-2.620357,-1.770582,0.871576,41.139969,-23.518525,21.660428,-4.038984,1.000000
-1.101660,0.079370,-0.686529,0.383946,1.326031,-2.620357,-1.770582,0.871576,41.139969,-23.518525,21.660428,-4.038984,1.000000
-1.101660,0.079370,-0.686529,0.383946,1.326031,-2.620357,-1.770582,0.871576,41.139969,-23.518525,21.660428,-4.038984,1.000000
-1.101660,0.079370,-0.686529,0.383946,1.326031,-2.620357,-1.770582,0.871576,41.139969,-23.518525,21.660428,-4.038984,1.000000
-1.101660,0.079370,-0.686529,0.383946,1.326031,-2.620357,-1.770582,0.871576,41.139969,-23.518525,21.660428,-4.038984,1.000000
-1.101660,0.079370,-0.686529,0.383946,1.326031,-2.620357,-1.770582,0.871576,41.139969,-23.518525,21.660428,-4.038984,1.000000
-1.101661,0.079368,-0.686526,0.383947,1.326060,-2.620357,-1.770582,0.871576,41.139930,-23.518639,21.660366,-4.039076,1.000000
-1.101663,0.079365,-0.686524,0.383949,1.326086,-2.620357,-1.770582,0.871576,41.139895,-23.518742,21.660311,-4.039158,1.000000
-1.101664,0.079363,-0.686522,0.383950,1.326109,-2.620357,-1.770582,0.871576,41.139864,-23.518832,21.660262,-4.039230,1.000000
-1.101665,0.079361,-0.686520,0.383951,1.326128,-2.620357,-1.770582,0.871576,41.139838,-23.518909,21.660221,-4.039292,1.000000
-1.101665,0.079360,-0.686519,0.383952,1.326144,-2.620357,-1.770582,0.871576,41.139817,-23.518971,21.660187,-4.039342,1.000000
-1.101666,0.079358,-0.686517,0.383952,1.326156,-2.620357,-1.770582,0.871576,41.139800,-23.519020,21.660161,-4.039381,1.000000
-1.101666,0.079358,-0.686517,0.383953,1.326165,-2.620357,-1.770582,0.871576,41.139788,-23.519055,21.660142,-4.039409,1.000000
-1.101661,0.079369,-0.686527,0.383947,1.331700,-2.631086,-1.765388,0.871576,41.139943,-23.518600,21.660387,-4.039044,1.000000
-1.101661,0.079368,-0.686527,0.383947,1.331703,-2.631086,-1.765388,0.871576,41.139939,-23.518613,21.660380,-4.039055,1.000000
-1.101660,0.079371,-0.686529,0.383946,1.332905,-2.633409,-1.764266,0.871576,41.139973,-23.518514,21.660434,-4.038976,1.000000
-1.101660,0.079371,-0.686530,0.383946,1.333087,-2.633761,-1.764097,0.871576,41.139978,-23.518499,21.660442,-4.038964,1.000000
-1.101660,0.079371,-0.686530,0.383946,1.333087,-2.633761,-1.764097,0.871576,41.139978,-23.518499,21.660442,-4.038964,0.000000
-1.101660,0.079371,-0.686530,0.383946,1.333087,-2.633761,-1.764097,0.871576,41.139978,-23.518499,21.660442,-4.038964,0.000000
-1.101660,0.079371,-0.686530,0.383946,1.333087,-2.633761,-1.764097,0.871576,41.139978,-23.518499,21.660442,-4.038964,0.000000
-1.101660,0.079371,-0.686530,0.383946,1.333087,-2.633761,-1.764097,0.871576,41.139978,-23.518499,21.660442,-4.038964,0.000000
-1.101660,0.079371,-0.686530,0.383946,1.333087,-2.633761,-1.764097,0.871576,41.139978,-23.518499,21.660442,-4.038964,0.000000
-1.101660,0.079371,-0.686530,0.383946,1.333087,-2.633761,-1.764097,0.871576,41.139978,-23.518499,21.660442,-4.038964,0.000000
-1.101660,0.079371,-0.686530,0.383946,1.333087,-2.633761,-1.764097,0.871576,41.139978,-23.518499,21.660442,-4.038964,0.000000
-1.101660,0.079371,-0.686530,0.383946,1.333087,-2.633761,-1.764097,0.871576,41.139978,-23.518499,21.660442,-4.038964,0.000000
-1.101660,0.079371,-0.686530,0.383946,1.333087,-2.633761,-1.764097,0.871576,41.139978,-23.518499,21.660442,-4.038964,0.000000
-1.101660,0.079371,-0.686530,0.383946,1.333087,-2.633761,-1.764097,0.871576,41.139978,-23.518499,21.660442,-4.038964,0.000000
-1.101660,0.079371,-0.686530,0.383946,1.333087,-2.633761,-1.764097,0.871576,41.139978,-23.518499,21.660442,-4.038964,0.000000
-1.101660,0.079371,-0.686530,0.383946,1.333087,-2.633761,-1.764097,0.871576,41.139978,-23.518499,21.660442,-4.038964,0.000000
-1.101660,0.079371,-0.686530,0.383946,1.333087,-2.633761,-1.764097,0.871576,41.139978,-23.518499,21.660442,-4.038964,0.000000
-1.101660,0.079371,-0.686530,0.383946,1.333087,-2.633761,-1.764097,0.871576,41.139978,-23.518499,21.660442,-4.038964,0.000000
-1.101660,0.079371,-0.686530,0.383946,1.333087,-2.633761,-1.764097,0.871576,41.139978,-23.518499,21.660442,-4.038964,0.000000
-1.101660,0.079371,-0.686530,0.383946,1.333087,-2.633761,-1.764097,0.871576,41.139978,-23.518499,21.660442,-4.038964,0.000000
-1.101660,0.079371,-0.686530,0.383946,1.333087,-2.633761,-1.764097,0.871576,41.139978,-23.518499,21.660442,-4.038964,0.000000
-1.101660,0.079371,-0.686530,0.383946,1.333087,-2.633761,-1.764097,0.871576,41.139978,-23.518499,21.660442,-4.038964,0.000000
-1.101660,0.079371,-0.686530,0.383946,1.333087,-2.633761,-1.764097,0.871576,41.139978,-23.518499,21.660442,-4.038964,0.000000
-1.101660,0.079371,-0.686530,0.383946,1.333087,-2.633761,-1.764097,0.871576,41.139978,-23.518499,21.660442,-4.038964,0.000000
-1.101660,0.079371,-0.686530,0.383946,1.333087,-2.633761,-1.764097,0.871576,41.139978,-23.518499,21.660442,-4.038964,0.000000
-1.101660,0.079371,-0.686530,0.383946,1.333087,-2.633761,-1.764097,0.871576,41.139978,-23.518499,21.660442,-4.038964,0.000000
-1.101660,0.079371,-0.686530,0.383946,1.333087,-2.633761,-1.764097,0.871576,41.139978,-23.518499,21.660442,-4.038964,0.000000
-1.101660,0.079371,-0.686530,0.383946,1.333087,-2.633761,-1.764097,0.871576,41.139978,-23.518499,21.660442,-4.038964,0.000000
-1.101660,0.079371,-0.686530,0.383946,1.333087,-2.633761,-1.764097,0.871576,41.139978,-23.518499,21.660442,-4.038964,0.000000
-1.101660,0.079371,-0.686530,0.383946,1.333087,-2.633761,-1.764097,0.871576,41.139978,-23.518499,21.660442,-4.038964,0.000000
-1.101660,0.079371,-0.686530,0.383946,1.333087,-2.633761,-1.764097,0.871576,41.139978,-23.518499,21.660442,-4.038964,0.000000
-1.101660,0.079371,-0.686530,0.383946,1.333087,-2.633761,-1.764097,0.871576,41.139978,-23.518499,21.660442,-4.038964,0.000000
-1.101660,0.079371,-0.686530,0.383946,1.333087,-2.633761,-1.764097,0.871576,41.139978,-23.518499,21.660442,-4.038964,0.000000
-1.101660,0.079371,-0.686530,0.383946,1.333087,-2.633761,-1.764097,0.871576,41.139978,-23.518499,21.660442,-4.038964,0.000000
-1.101660,0.079371,-0.686530,0.383946,1.333087,-2.633761,-1.764097,0.871576,41.139978,-23.518499,21.660442,-4.038964,0.000000
-1.101660,0.079371,-0.686530,0.383946,1.333087,-2.633761,-1.764097,0.871576,41.139978,-23.518499,21.660442,-4.038964,0.000000
-1.101660,0.079371,-0.686530,0.383946,1.333087,-2.633761,-1.764097,0.871576,41.139978,-23.518499,21.660442,-4.038964,0.000000
-1.101660,0.079371,-0.686530,0.383946,1.333087,-2.633761,-1.764097,0.871576,41.139978,-23.518499,21.660442,-4.038964,0.000000
-1.101660,0.079371,-0.686530,0.383946,1.333087,-2.633761,-1.764097,0.871576,41.139978,-23.518499,21.660442,-4.038964,0.000000
-1.101660,0.079371,-0.686530,0.383946,1.333087,-2.633761,-1.764097,0.871576,41.139978,-23.518499,21.660442,-4.038964,0.000000
-1.101660,0.079371,-0.686530,0.383946,1.333087,-2.633761,-1.764097,0.871576,41.139978,-23.518499,21.660442,-4.038964,0.000000
-1.101660,0.079371,-0.686530,0.383946,1.333087,-2.633761,-1.764097,0.871576,41.139978,-23.518499,21.660442,-4.038964,0.000000
-1.101660,0.079371,-0.686530,0.383946,1.333087,-2.633761,-1.764097,0.871576,41.139978,-23.518499,21.660442,-4.038964,0.000000
-1.101660,0.079371,-0.686530,0.383946,1.333087,-2.633761,-1.764097,0.871576,41.139978,-23.518499,21.660442,-4.038964,0.000000
-1.101660,0.079371,-0.686530,0.383946,1.333087,-2.633761,-1.764097,0.871576,41.139978,-23.518499,21.660442,-4.038964,0.000000
-1.101660,0.079371,-0.686530,0.383946,1.333087,-2.633761,-1.764097,0.871576,41.139978,-23.518499,21.660442,-4.038964,0.000000
-1.101660,0.079371,-0.686530,0.383946,1.333087,-2.633761,-1.764097,0.871576,41.139978,-23.518499,21.660442,-4.038964,0.000000
-1.101660,0.079371,-0.686530,0.383946,1.333087,-2.633761,-1.764097,0.871576,41.139978,-23.518499,21.660442,-4.038964,0.000000
-1.101660,0.079371,-0.686530,0.383946,1.333087,-2.633761,-1.764097,0.871576,41.139978,-23.518499,21.660442,-4.038964,0.000000
-1.101660,0.079371,-0.686530,0.383946,1.333087,-2.633761,-1.764097,0.871576,41.139978,-23.518499,21.660442,-4.038964,0.000000
-1.101660,0.079371,-0.686530,0.383946,1.333087,-2.633761,-1.764097,0.871576,41.139978,-23.518499,21.660442,-4.038964,0.000000
-1.101660,0.079371,-0.686530,0.383946,1.333087,-2.633761,-1.764097,0.871576,41.139978,-23.518499,21.660442,-4.038964,0.000000
-1.101660,0.079371,-0.686530,0.383946,1.333087,-2.633761,-1.764097,0.871576,41.139978,-23.518499,21.660442,-4.038964,0.000000
-1.101660,0.079371,-0.686530,0.383946,1.333087,-2.633761,-1.764097,0.871576,41.139978,-23.518499,21.660442,-4.038964,0.000000
-1.101660,0.079371,-0.686530,0.383946,1.333087,-2.633761,-1.764097,0.871576,41.139978,-23.518499,21.660442,-4.038964,0.000000
-1.101660,0.079371,-0.686530,0.383946,1.333087,-2.633761,-1.764097,0.871576,41.139978,-23.518499,21.660442,-4.038964,0.000000
-1.101660,0.079371,-0.686530,0.383946,1.333087,-2.633761,-1.764097,0.871576,41.139978,-23.518499,21.660442,-4.038964,0.000000
-1.101660,0.079371,-0.686530,0.383946,1.333087,-2.633761,-1.764097,0.871576,41.139978,-23.518499,21.660442,-4.038964,0.000000
-1.101660,0.079371,-0.686530,0.383946,1.333087,-2.633761,-1.764097,0.871576,41.139978,-23.518499,21.660442,-4.038964,0.000000
-1.101660,0.079371,-0.686530,0.383946,1.333087,-2.633761,-1.764097,0.871576,41.139978,-23.518499,21.660442,-4.038964,0.000000
-1.101660,0.079371,-0.686530,0.383946,1.333087,-2.633761,-1.764097,0.871576,41.139978,-23.518499,21.660442,-4.038964,0.000000
-1.101660,0.079371,-0.686530,0.383946,1.333087,-2.633761,-1.764097,0.871576,41.139978,-23.518499,21.660442,-4.038964,0.000000
-1.101660,0.079371,-0.686530,0.383946,1.333087,-2.633761,-1.764097,0.871576,41.139978,-23.518499,21.660442,-4.038964,0.000000
-1.101660,0.079371,-0.686530,0.383946,1.333087,-2.633761,-1.764097,0.871576,41.139978,-23.518499,21.660442,-4.038964,0.000000
-1.101660,0.079371,-0.686530,0.383946,1.333087,-2.633761,-1.764097,0.871576,41.139978,-23.518499,21.660442,-4.038964,0.000000
-1.101660,0.079371,-0.686530,0.383946,1.333087,-2.633761,-1.764097,0.871576,41.139978,-23.518499,21.660442,-4.038964,0.000000
-1.101660,0.079371,-0.686529,0.383946,1.332905,-2.633409,-1.764266,0.871576,41.139973,-23.518514,21.660434,-4.038976,0.000000
-1.101661,0.079368,-0.686527,0.383947,1.331703,-2.631087,-1.765386,0.871576,41.139939,-23.518613,21.660380,-4.039055,0.000000
-1.101664,0.079362,-0.686521,0.383950,1.328650,-2.625186,-1.768234,0.871576,41.139853,-23.518864,21.660245,-4.039256,0.000000
-1.101670,0.079351,-0.686510,0.383956,1.323111,-2.614464,-1.773418,0.871576,41.139698,-23.519319,21.660000,-4.039621,0.000000
-1.101868,0.078960,-0.686130,0.384159,1.307790,-2.599146,-1.773418,0.871582,41.134164,-23.535526,21.651256,-4.052619,0.000000
-1.102159,0.078384,-0.685570,0.384459,1.286541,-2.577901,-1.773418,0.871590,41.126030,-23.559367,21.638399,-4.071736,0.000000
-1.102567,0.077579,-0.684788,0.384879,1.259008,-2.550374,-1.773418,0.871602,41.114673,-23.592695,21.620436,-4.098457,0.000000
-1.103117,0.076493,-0.683732,0.385446,1.225033,-2.516407,-1.773418,0.871619,41.099365,-23.637692,21.596200,-4.134527,0.000000
-1.103842,0.075066,-0.682344,0.386195,1.184613,-2.475998,-1.773418,0.871642,41.079283,-23.696856,21.564366,-4.181939,0.000000
-1.104776,0.073231,-0.680560,0.387161,1.137869,-2.429266,-1.773418,0.871675,41.053537,-23.772935,21.523485,-4.242883,0.000000
-1.105955,0.070921,-0.678313,0.388385,1.085002,-2.376413,-1.773418,0.871720,41.021211,-23.868832,21.472044,-4.319665,0.000000
-1.107418,0.068065,-0.675534,0.389909,1.026268,-2.317695,-1.773418,0.871781,40.981410,-23.987497,21.408529,-4.414616,0.000000
-1.109203,0.064596,-0.672157,0.391777,0.961941,-2.253387,-1.773418,0.871864,40.933305,-24.131825,21.331491,-4.530011,0.000000
-1.111347,0.060449,-0.668119,0.394034,0.892291,-2.183754,-1.773418,0.871976,40.876178,-24.304571,21.239599,-4.667992,0.000000
-1.113888,0.055568,-0.663365,0.396725,0.817550,-2.109029,-1.773418,0.872125,40.809452,-24.508291,21.131682,-4.830521,0.000000
-1.116862,0.049899,-0.657844,0.399896,0.737894,-2.029384,-1.773418,0.872322,40.732716,-24.745326,21.006749,-5.019359,0.000000
-1.120302,0.043397,-0.651511,0.403596,0.653414,-1.944909,-1.773418,0.872581,40.645736,-25.017813,20.863994,-5.236070,0.000000
-1.124246,0.036021,-0.644328,0.407874,0.564104,-1.855588,-1.773418,0.872914,40.548465,-25.327714,20.702794,-5.482043,0.000000
-1.128728,0.027738,-0.636266,0.412781,0.469865,-1.761317,-1.773418,0.873339,40.441079,-25.676746,20.522757,-5.758424,0.000000
-1.133775,0.018535,-0.627316,0.418363,0.370649,-1.662031,-1.773418,0.873871,40.324182,-26.065773,20.324047,-6.065638,0.000000
-1.139368,0.008487,-0.617558,0.424610,0.267095,-1.558345,-1.773418,0.874524,40.199623,-26.491946,20.108813,-6.401137,0.000000
-1.145285,-0.001968,-0.607424,0.431284,0.163110,-1.454114,-1.773418,0.875278,40.073651,-26.936991,19.886921,-6.750261,0.000000
-1.150593,-0.011191,-0.598515,0.437323,0.073759,-1.364336,-1.773418,0.876006,39.966049,-27.330821,19.693275,-7.058046,0.000000
-1.153543,-0.016244,-0.593658,0.440698,0.025807,-1.315794,-1.773418,0.876431,39.908886,-27.547026,19.588302,-7.226442,0.000000
-1.154481,-0.017841,-0.592128,0.441775,0.011153,-1.300575,-1.773418,0.876569,39.891145,-27.615373,19.555348,-7.279576,0.000000
-1.154801,-0.018383,-0.591609,0.442141,0.006477,-1.295446,-1.773418,0.876615,39.885148,-27.638606,19.544170,-7.297628,0.000000
-1.154935,-0.018612,-0.591390,0.442295,0.004665,-1.293305,-1.773418,0.876635,39.882622,-27.648406,19.539458,-7.305241,0.000000
-1.154999,-0.018720,-0.591287,0.442368,0.003882,-1.292306,-1.773418,0.876644,39.881433,-27.653024,19.537237,-7.308829,0.000000
-1.154985,-0.018696,-0.591309,0.442352,0.002559,-1.284598,-1.779802,0.876642,39.881693,-27.652014,19.537723,-7.308044,0.000000
-1.154993,-0.018709,-0.591297,0.442361,0.002489,-1.284481,-1.779802,0.876643,39.881550,-27.652567,19.537457,-7.308474,0.000000
-1.154994,-0.018711,-0.591295,0.442362,0.002479,-1.284464,-1.779802,0.876643,39.881529,-27.652648,19.537418,-7.308537,0.000000
