step,t,px_actual,py_actual,pz_actual,px_ref,py_ref,pz_ref,pos_err,rot_err_deg,xerr_norm,grip_actual,grip_ref
0,0.000,0.484881,0.138617,0.570194,0.386814,0.000000,0.570194,0.169800,5.7296,0.197119,0,0
1,0.010,0.481560,0.132633,0.570149,0.386815,0.000000,0.570194,0.162997,5.5003,0.189220,0,0
2,0.020,0.478332,0.126916,0.570099,0.386825,0.000000,0.570198,0.156464,5.2801,0.181634,0,0
3,0.030,0.475205,0.121452,0.570035,0.386852,0.000000,0.570206,0.150190,5.0685,0.174348,0,0
4,0.040,0.472193,0.116231,0.569944,0.386903,0.000000,0.570224,0.144167,4.8653,0.167354,0,0
5,0.050,0.469305,0.111240,0.569812,0.386987,0.000000,0.570251,0.138386,4.6702,0.160640,0,0
6,0.060,0.466519,0.106464,0.569834,0.387111,0.000000,0.570292,0.132817,4.4827,0.154178,0,0
7,0.070,0.463862,0.101900,0.569861,0.387282,0.000000,0.570349,0.127469,4.3027,0.147971,0,0
8,0.080,0.461342,0.097535,0.569891,0.387507,0.000000,0.570423,0.122332,4.1299,0.142011,0,0
9,0.090,0.458965,0.093363,0.569919,0.387792,0.000000,0.570516,0.117399,3.9638,0.136286,0,0
10,0.100,0.456740,0.089371,0.569922,0.388145,0.000000,0.570632,0.112663,3.8043,0.130791,0,0
11,0.110,0.454676,0.085555,0.569853,0.388570,0.000000,0.570771,0.108123,3.6510,0.125519,0,0
12,0.120,0.452779,0.081907,0.569703,0.389074,0.000000,0.570935,0.103772,3.5039,0.120465,0,0
13,0.130,0.451049,0.078416,0.569511,0.389662,0.000000,0.571126,0.099600,3.3626,0.115617,0,0
14,0.140,0.449486,0.075076,0.569288,0.390340,0.000000,0.571344,0.095598,3.2268,0.110964,0,0
15,0.150,0.448097,0.071880,0.569015,0.391112,0.000000,0.571592,0.091764,3.0964,0.106505,0,0
16,0.160,0.446881,0.068822,0.568713,0.391985,0.000000,0.571871,0.088091,2.9712,0.102230,0,0
17,0.170,0.445847,0.065895,0.568328,0.392962,0.000000,0.572180,0.084580,2.8509,0.098138,0,0
18,0.180,0.444984,0.063092,0.567967,0.394048,0.000000,0.572521,0.081214,2.7354,0.094214,0,0
19,0.190,0.444320,0.060408,0.567361,0.395247,0.000000,0.572895,0.078025,2.6245,0.090483,0,0
20,0.200,0.443798,0.057838,0.567105,0.396564,0.000000,0.573300,0.074931,2.5179,0.086873,0,0
21,0.210,0.443538,0.055375,0.565527,0.398001,0.000000,0.573739,0.072162,2.4156,0.083580,0,0
22,0.220,0.443330,0.053016,0.565740,0.399564,0.000000,0.574210,0.069267,2.3173,0.080214,0,0
23,0.230,0.443349,0.050756,0.565361,0.401255,0.000000,0.574712,0.066600,2.2230,0.077080,0,0
24,0.240,0.443677,0.048593,0.561813,0.403077,0.000000,0.575247,0.064731,2.1323,0.074670,0,0
25,0.250,0.443998,0.046517,0.562271,0.405034,0.000000,0.575811,0.062173,2.0453,0.071694,0,0
26,0.260,0.444519,0.044528,0.562542,0.407129,0.000000,0.576406,0.059774,1.9617,0.068887,0,0
27,0.270,0.445283,0.042623,0.561423,0.409364,0.000000,0.577028,0.057883,1.8814,0.066551,0,0
28,0.280,0.446226,0.040796,0.560527,0.411742,0.000000,0.577678,0.056104,1.8043,0.064339,0,0
29,0.290,0.447367,0.039045,0.558391,0.414265,0.000000,0.578353,0.054943,1.7303,0.062698,0,0
30,0.300,0.448637,0.037365,0.558423,0.416935,0.000000,0.579050,0.053166,1.6593,0.060543,0,0
31,0.310,0.449549,0.035737,0.532761,0.419755,0.000000,0.579769,0.066140,1.5911,0.071735,0,0
32,0.320,0.451026,0.034193,0.534173,0.422726,0.000000,0.580506,0.064162,1.5256,0.069469,0,0
33,0.330,0.452701,0.032714,0.535572,0.425850,0.000000,0.581259,0.062277,1.4628,0.067308,0,0
34,0.340,0.454574,0.031294,0.536951,0.429128,0.000000,0.582024,0.060485,1.4025,0.065252,0,0
35,0.350,0.456646,0.029934,0.538298,0.432562,0.000000,0.582800,0.058792,1.3447,0.063304,0,0
36,0.360,0.458911,0.028627,0.539595,0.436152,0.000000,0.583582,0.057205,1.2891,0.061471,0,0
37,0.370,0.461369,0.027374,0.540808,0.439899,0.000000,0.584368,0.055747,1.2359,0.059775,0,0
38,0.380,0.464012,0.026171,0.541859,0.443804,0.000000,0.585152,0.054476,1.1848,0.058269,0,0
39,0.390,0.466820,0.025017,0.542495,0.447867,0.000000,0.585932,0.053589,1.1357,0.057138,0,0
40,0.400,0.469653,0.023908,0.540645,0.452089,0.000000,0.586703,0.054786,1.0888,0.057988,0,0
41,0.410,0.472580,0.022842,0.537575,0.456469,0.000000,0.587462,0.057184,1.0437,0.060015,0,0
42,0.420,0.475793,0.021821,0.536931,0.461008,0.000000,0.588202,0.057650,1.0005,0.060237,0,0
43,0.430,0.478360,0.020837,0.505352,0.465704,0.000000,0.588921,0.087053,0.9591,0.088648,0,0
44,0.440,0.481837,0.019902,0.507445,0.470557,0.000000,0.589613,0.085293,0.9194,0.086790,0,0
45,0.450,0.485509,0.019005,0.509455,0.475566,0.000000,0.590273,0.083616,0.8815,0.085020,0,0
46,0.460,0.489372,0.018144,0.511364,0.480730,0.000000,0.590897,0.082033,0.8450,0.083348,0,0
47,0.470,0.493421,0.017317,0.513141,0.486047,0.000000,0.591478,0.080567,0.8102,0.081798,0,0
48,0.480,0.497645,0.016523,0.514727,0.491516,0.000000,0.592013,0.079269,0.7768,0.080420,0,0
49,0.490,0.502022,0.015761,0.515983,0.497134,0.000000,0.592495,0.078271,0.7449,0.079343,0,0
50,0.500,0.506482,0.015028,0.516366,0.502900,0.000000,0.592919,0.078096,0.7143,0.079085,0,0
51,0.510,0.521556,0.014531,0.472333,0.508811,0.000000,0.593280,0.122482,0.6851,0.123064,0,0
52,0.520,0.525613,0.013847,0.474813,0.514864,0.000000,0.593573,0.120046,0.6571,0.120593,0,0
53,0.530,0.529886,0.013190,0.477181,0.521057,0.000000,0.593791,0.117685,0.6304,0.118199,0,0
54,0.540,0.534372,0.012560,0.479425,0.527385,0.000000,0.593930,0.115403,0.6048,0.115885,0,0
55,0.550,0.539064,0.011956,0.481532,0.533846,0.000000,0.593984,0.113206,0.5804,0.113658,0,0
56,0.560,0.543958,0.011376,0.483481,0.540436,0.000000,0.593948,0.111107,0.5571,0.111532,0,0
57,0.570,0.549053,0.010820,0.485235,0.547150,0.000000,0.593816,0.109136,0.5348,0.109534,0,0
58,0.580,0.554347,0.010287,0.486720,0.553984,0.000000,0.593583,0.107358,0.5136,0.107732,0,0
59,0.590,0.559889,0.009776,0.487803,0.560934,0.000000,0.593245,0.105899,0.4933,0.106248,0,0
60,0.600,0.565650,0.009284,0.487828,0.567995,0.000000,0.592795,0.105403,0.4739,0.105727,0,0
61,0.610,0.569517,0.008813,0.471308,0.575162,0.000000,0.592229,0.121374,0.4555,0.121634,0,0
62,0.620,0.574556,0.008357,0.471016,0.582429,0.000000,0.591543,0.121073,0.4378,0.121314,0,0
63,0.630,0.578620,0.007915,0.466504,0.589791,0.000000,0.590732,0.124980,0.4209,0.125196,0,0
64,0.640,0.583944,0.007498,0.466112,0.597242,0.000000,0.589791,0.124617,0.4049,0.124817,0,0
65,0.650,0.589588,0.007105,0.465407,0.604775,0.000000,0.588716,0.124444,0.3896,0.124630,0,0
66,0.660,0.595259,0.006722,0.464063,0.612386,0.000000,0.587504,0.124805,0.3750,0.124976,0,0
67,0.670,0.601254,0.006364,0.463342,0.620067,0.000000,0.586151,0.124404,0.3611,0.124563,0,0
68,0.680,0.607681,0.006015,0.463342,0.627811,0.000000,0.584652,0.123116,1.0237,0.124407,0,0
69,0.690,0.614080,0.005678,0.463342,0.635612,0.000000,0.583006,0.121718,1.9622,0.126450,0,0
70,0.700,0.620453,0.005354,0.463342,0.643463,0.000000,0.581210,0.120212,2.9318,0.130661,0,0
71,0.710,0.626803,0.005042,0.463342,0.651357,0.000000,0.579260,0.118597,3.9162,0.136903,0,0
72,0.720,0.633130,0.004743,0.463342,0.659287,0.000000,0.577154,0.116875,4.9118,0.144973,0,0
73,0.730,0.639438,0.004455,0.463342,0.667244,0.000000,0.574892,0.115049,5.9169,0.154636,0,0
74,0.740,0.645726,0.004177,0.463342,0.675223,0.000000,0.572470,0.113121,6.9305,0.165659,0,0
75,0.750,0.651996,0.003911,0.463342,0.683214,0.000000,0.569889,0.111094,7.9518,0.177829,0,0
76,0.760,0.658250,0.003655,0.463342,0.691211,0.000000,0.567146,0.108973,8.9803,0.190959,0,0
77,0.770,0.664488,0.003409,0.463342,0.699206,0.000000,0.564242,0.106760,10.0152,0.204893,0,0
78,0.780,0.670712,0.003172,0.463342,0.707192,0.000000,0.561177,0.104463,11.0561,0.219503,0,0
79,0.790,0.676922,0.002945,0.463342,0.715160,0.000000,0.557951,0.102086,12.1023,0.234683,0,0
80,0.800,0.683120,0.002726,0.463342,0.723104,0.000000,0.554564,0.099637,13.1532,0.250344,0,0
81,0.810,0.689305,0.002517,0.463342,0.731015,0.000000,0.551017,0.097123,14.2084,0.266416,0,0
82,0.820,0.695478,0.002315,0.463342,0.738886,0.000000,0.547313,0.094555,15.2673,0.282837,0,0
83,0.830,0.701640,0.002121,0.463342,0.746710,0.000000,0.543453,0.091942,16.3292,0.299558,0,0
84,0.840,0.707791,0.001935,0.463342,0.754478,0.000000,0.539438,0.089297,17.3937,0.316535,0,0
85,0.850,0.713930,0.001757,0.463342,0.762186,0.000000,0.535272,0.086635,18.4601,0.333732,0,0
86,0.860,0.720059,0.001584,0.463342,0.769824,0.000000,0.530958,0.083970,19.5280,0.351117,0,0
87,0.870,0.726176,0.001420,0.463342,0.777386,0.000000,0.526498,0.081321,20.5967,0.368661,0,0
88,0.880,0.732281,0.001261,0.463342,0.784866,0.000000,0.521897,0.078711,21.6657,0.386340,0,0
89,0.890,0.738374,0.001107,0.463342,0.792256,0.000000,0.517159,0.076163,22.7345,0.404130,0,0
90,0.900,0.744455,0.000961,0.463342,0.799552,0.000000,0.512287,0.073703,23.8024,0.422011,0,0
91,0.910,0.750523,0.000820,0.463342,0.806745,0.000000,0.507287,0.071364,24.8689,0.439964,0,0
92,0.920,0.756577,0.000685,0.463342,0.813832,0.000000,0.502163,0.069179,25.9335,0.457971,0,0
93,0.930,0.762617,0.000554,0.463342,0.820806,0.000000,0.496921,0.067185,26.9956,0.476017,0,0
94,0.940,0.768556,0.000429,0.457096,0.827662,0.000000,0.491566,0.068424,26.4886,0.467440,0,0
95,0.950,0.774483,0.000310,0.450858,0.834395,0.000000,0.486105,0.069511,25.9904,0.459005,0,0
96,0.960,0.780390,0.000198,0.444635,0.841000,0.000000,0.480542,0.070448,25.5007,0.450705,0,0
97,0.970,0.786269,0.000093,0.438432,0.847473,0.000000,0.474885,0.071237,25.0193,0.442534,0,0
98,0.980,0.792113,-0.000006,0.432257,0.853810,0.000000,0.469140,0.071881,24.5459,0.434487,0,0
99,0.990,0.797915,-0.000099,0.426116,0.860007,0.000000,0.463313,0.072382,24.0801,0.426556,0,0
100,1.000,0.803669,-0.000186,0.420013,0.866062,0.000000,0.457412,0.072743,23.6219,0.418738,0,0
101,1.010,0.809368,-0.000270,0.413956,0.871970,0.000000,0.451444,0.072968,23.1708,0.411026,0,0
102,1.020,0.815008,-0.000346,0.407949,0.877729,0.000000,0.445415,0.073060,22.7269,0.403419,0,0
103,1.030,0.820582,-0.000420,0.401999,0.883337,0.000000,0.439333,0.073022,22.2898,0.395909,0,0
104,1.040,0.826087,-0.000489,0.397843,0.888792,0.000000,0.433205,0.071990,21.8319,0.387861,0,0
105,1.050,0.831510,-0.000550,0.391790,0.894092,0.000000,0.427039,0.071828,21.3827,0.380128,0,0
106,1.060,0.836913,-0.000610,0.386655,0.899236,0.000000,0.420841,0.071086,20.9422,0.372434,0,0
107,1.070,0.843072,-0.000650,0.372932,0.904224,0.000000,0.414621,0.074013,20.5100,0.365619,0,0
108,1.080,0.848095,-0.000705,0.368851,0.909053,0.000000,0.408384,0.072658,20.0861,0.358095,0,0
109,1.090,0.853065,-0.000755,0.364696,0.913725,0.000000,0.402139,0.071289,19.6702,0.350704,0,0
110,1.100,0.857973,-0.000803,0.360475,0.918239,0.000000,0.395893,0.069908,19.2622,0.343449,0,0
111,1.110,0.862811,-0.000848,0.356194,0.922596,0.000000,0.389654,0.068516,18.8620,0.336322,0,0
112,1.120,0.867574,-0.000890,0.351860,0.926796,0.000000,0.383428,0.067115,18.4695,0.329326,0,0
113,1.130,0.872257,-0.000930,0.347479,0.930840,0.000000,0.377223,0.065707,18.0845,0.322457,0,0
114,1.140,0.876854,-0.000967,0.343058,0.934729,0.000000,0.371046,0.064294,17.7067,0.315710,0,0
115,1.150,0.881360,-0.001002,0.338606,0.938466,0.000000,0.364905,0.062878,17.3362,0.309087,0,0
116,1.160,0.885772,-0.001036,0.334128,0.942052,0.000000,0.358805,0.061461,16.9727,0.302585,0,0
117,1.170,0.890084,-0.001066,0.329632,0.945488,0.000000,0.352755,0.060045,16.6163,0.296202,0,0
118,1.180,0.894292,-0.001094,0.325197,0.948778,0.000000,0.346760,0.058607,16.2665,0.289931,0,0
119,1.190,0.898392,-0.001121,0.320691,0.951923,0.000000,0.340826,0.057204,15.9234,0.283779,0,0
120,1.200,0.902389,-0.001146,0.316275,0.954927,0.000000,0.334961,0.055775,15.5869,0.277736,0,0
121,1.210,0.906273,-0.001170,0.311785,0.957793,0.000000,0.329170,0.054386,15.2568,0.271811,0,0
122,1.220,0.910053,-0.001192,0.307377,0.960523,0.000000,0.323459,0.052983,14.9330,0.265991,0,0
123,1.230,0.913722,-0.001213,0.302987,0.963120,0.000000,0.317834,0.051596,14.6154,0.260280,0,0
124,1.240,0.917279,-0.001232,0.298623,0.965589,0.000000,0.312299,0.050223,14.3038,0.254676,0,0
125,1.250,0.920727,-0.001250,0.294296,0.967932,0.000000,0.306860,0.048865,13.9982,0.249177,0,0
126,1.260,0.924064,-0.001267,0.290011,0.970154,0.000000,0.301523,0.047523,13.6984,0.243782,0,0
127,1.270,0.927292,-0.001283,0.285777,0.972257,0.000000,0.296290,0.046196,13.4044,0.238488,0,0
128,1.280,0.930410,-0.001296,0.281599,0.974247,0.000000,0.291168,0.044888,13.1159,0.233294,0,0
129,1.290,0.933420,-0.001309,0.277483,0.976125,0.000000,0.286160,0.043598,12.8329,0.228198,0,0
130,1.300,0.936323,-0.001322,0.273435,0.977898,0.000000,0.281270,0.042327,12.5554,0.223200,0,0
131,1.310,0.939122,-0.001334,0.269460,0.979567,0.000000,0.276502,0.041075,12.2832,0.218296,0,0
132,1.320,0.941817,-0.001344,0.265564,0.981138,0.000000,0.271858,0.039844,12.0162,0.213487,0,0
133,1.330,0.944410,-0.001355,0.261751,0.982615,0.000000,0.267343,0.038636,11.7542,0.208768,0,0
134,1.340,0.946904,-0.001363,0.258026,0.984000,0.000000,0.262958,0.037448,11.4972,0.204141,0,0
135,1.350,0.949300,-0.001371,0.254393,0.985299,0.000000,0.258707,0.036282,11.2452,0.199602,0,0
136,1.360,0.951600,-0.001379,0.250855,0.986514,0.000000,0.254591,0.035140,10.9980,0.195151,0,0
137,1.370,0.953809,-0.001386,0.247419,0.987650,0.000000,0.250612,0.034020,10.7556,0.190787,0,0
138,1.380,0.955926,-0.001393,0.244084,0.988711,0.000000,0.246773,0.032924,10.5177,0.186505,0,0
139,1.390,0.957957,-0.001398,0.240856,0.989700,0.000000,0.243074,0.031852,10.2844,0.182308,0,0
140,1.400,0.959902,-0.001404,0.237737,0.990621,0.000000,0.239517,0.030803,10.0556,0.178192,0,0
141,1.410,0.961763,-0.001409,0.234730,0.991477,0.000000,0.236103,0.029779,9.8311,0.174156,0,0
142,1.420,0.963545,-0.001414,0.231836,0.992272,0.000000,0.232832,0.028779,9.6109,0.170199,0,0
143,1.430,0.965250,-0.001418,0.229058,0.993008,0.000000,0.229704,0.027802,9.3950,0.166319,0,0
144,1.440,0.966879,-0.001421,0.226396,0.993690,0.000000,0.226720,0.026851,9.1832,0.162515,0,0
145,1.450,0.968437,-0.001425,0.223853,0.994321,0.000000,0.223879,0.025923,8.9754,0.158785,0,0
146,1.460,0.969925,-0.001427,0.221429,0.994902,0.000000,0.221181,0.025020,8.7716,0.155128,0,0
147,1.470,0.971345,-0.001430,0.219124,0.995438,0.000000,0.218625,0.024141,8.5717,0.151543,0,0
148,1.480,0.972701,-0.001433,0.216940,0.995931,0.000000,0.216209,0.023285,8.3756,0.148029,0,0
149,1.490,0.973995,-0.001435,0.214876,0.996383,0.000000,0.213934,0.022453,8.1833,0.144582,0,0
150,1.500,0.975230,-0.001436,0.212931,0.996797,0.000000,0.211796,0.021644,7.9947,0.141205,0,0
151,1.510,0.976407,-0.001438,0.211106,0.997176,0.000000,0.209794,0.020859,7.8097,0.137894,0,0
152,1.520,0.977528,-0.001439,0.209398,0.997521,0.000000,0.207927,0.020098,7.6282,0.134648,0,0
153,1.530,0.978597,-0.001441,0.207807,0.997834,0.000000,0.206191,0.019359,7.4502,0.131465,0,0
154,1.540,0.979616,-0.001441,0.206331,0.998119,0.000000,0.204584,0.018641,7.2757,0.128347,0,0
155,1.550,0.980585,-0.001442,0.204968,0.998376,0.000000,0.203103,0.017947,7.1044,0.125289,0,0
156,1.560,0.981507,-0.001443,0.203716,0.998607,0.000000,0.201745,0.017273,6.9365,0.122292,0,0
157,1.570,0.982385,-0.001444,0.202572,0.998815,0.000000,0.200507,0.016622,6.7717,0.119354,0,0
158,1.580,0.983221,-0.001444,0.201534,0.999000,0.000000,0.199384,0.015990,6.6102,0.116474,0,0
159,1.590,0.984016,-0.001443,0.200598,0.999164,0.000000,0.198372,0.015379,6.4518,0.113651,0,0
160,1.600,0.984770,-0.001443,0.199760,0.999310,0.000000,0.197468,0.014790,6.2963,0.110883,0,0
161,1.610,0.985489,-0.001443,0.199018,0.999437,0.000000,0.196666,0.014218,6.1439,0.108170,0,0
162,1.620,0.986171,-0.001443,0.198366,0.999547,0.000000,0.195962,0.013667,5.9944,0.105511,0,0
163,1.630,0.986819,-0.001442,0.197800,0.999642,0.000000,0.195351,0.013134,5.8477,0.102904,0,0
164,1.640,0.987435,-0.001442,0.197316,0.999723,0.000000,0.194828,0.012620,5.7039,0.100350,0,0
165,1.650,0.988020,-0.001441,0.196908,0.999791,0.000000,0.194386,0.012124,5.5628,0.097844,0,0
166,1.660,0.988577,-0.001440,0.196571,0.999846,0.000000,0.194019,0.011645,5.4245,0.095389,0,0
167,1.670,0.989105,-0.001439,0.196299,0.999891,0.000000,0.193722,0.011183,5.2889,0.092983,0,0
168,1.680,0.989608,-0.001439,0.196087,0.999927,0.000000,0.193488,0.010737,5.1557,0.090623,0,0
169,1.690,0.990087,-0.001438,0.195927,0.999953,0.000000,0.193310,0.010308,5.0252,0.088310,0,0
170,1.700,0.990543,-0.001437,0.195813,0.999973,0.000000,0.193181,0.009895,4.8972,0.086044,0,0
171,1.710,0.990979,-0.001436,0.195738,0.999986,0.000000,0.193094,0.009497,4.7717,0.083822,0,0
172,1.720,0.991396,-0.001435,0.195695,0.999994,0.000000,0.193040,0.009113,4.6486,0.081644,0,0
173,1.730,0.991795,-0.001433,0.195676,0.999998,0.000000,0.193012,0.008743,4.5278,0.079508,0,0
174,1.740,0.992178,-0.001432,0.195673,1.000000,0.000000,0.193001,0.008388,4.4094,0.077414,0,0
175,1.750,0.992549,-0.001431,0.195677,1.000000,0.000000,0.193000,0.008046,4.2933,0.075363,0,0
176,1.760,0.992906,-0.001430,0.195634,1.000000,0.000000,0.192952,0.007718,4.1793,0.073350,0,0
177,1.770,0.993253,-0.001429,0.195323,1.000000,0.000000,0.192635,0.007402,4.0676,0.071379,0,0
178,1.780,0.993588,-0.001427,0.194520,1.000000,0.000000,0.191830,0.007099,3.9581,0.069446,0,0
179,1.790,0.993909,-0.001428,0.193060,1.000000,0.000000,0.190369,0.006810,3.8507,0.067551,0,0
180,1.800,0.994212,-0.001427,0.190819,1.000000,0.000000,0.188131,0.006540,3.7453,0.065694,0,0
181,1.810,0.994492,-0.001426,0.187719,1.000000,0.000000,0.185037,0.006290,3.6420,0.063875,0,0
182,1.820,0.994743,-0.001425,0.183721,1.000000,0.000000,0.181051,0.006066,3.5407,0.062094,0,0
183,1.830,0.994961,-0.001423,0.178824,1.000000,0.000000,0.176169,0.005871,3.4413,0.060348,0,0
184,1.840,0.995148,-0.001420,0.173060,1.000000,0.000000,0.170423,0.005702,3.3438,0.058639,0,0
185,1.850,0.995306,-0.001417,0.166490,1.000000,0.000000,0.163869,0.005560,3.2483,0.056966,0,0
186,1.860,0.995440,-0.001414,0.159200,1.000000,0.000000,0.156591,0.005441,3.1545,0.055325,0,0
187,1.870,0.995557,-0.001409,0.151295,1.000000,0.000000,0.148691,0.005339,3.0627,0.053720,0,0
188,1.880,0.995665,-0.001405,0.142898,1.000000,0.000000,0.140291,0.005250,2.9726,0.052147,0,0
189,1.890,0.995770,-0.001400,0.134140,1.000000,0.000000,0.131524,0.005167,2.8842,0.050603,0,0
190,1.900,0.995880,-0.001396,0.125163,1.000000,0.000000,0.122533,0.005083,2.7975,0.049090,0,0
191,1.910,0.996001,-0.001391,0.116113,1.000000,0.000000,0.113467,0.004993,2.7125,0.047606,0,0
192,1.920,0.996137,-0.001387,0.107138,1.000000,0.000000,0.104476,0.004892,2.6292,0.046149,0,0
193,1.930,0.996293,-0.001384,0.098385,1.000000,0.000000,0.095709,0.004777,2.5475,0.044719,0,0
194,1.940,0.996470,-0.001381,0.089993,1.000000,0.000000,0.087309,0.004645,2.4674,0.043315,0,0
195,1.950,0.996670,-0.001381,0.082097,1.000000,0.000000,0.079409,0.004496,2.3888,0.041935,0,0
196,1.960,0.996893,-0.001380,0.074817,1.000000,0.000000,0.072131,0.004333,2.3119,0.040582,0,0
197,1.970,0.997135,-0.001381,0.068256,1.000000,0.000000,0.065577,0.004159,2.2363,0.039252,0,0
198,1.980,0.997394,-0.001383,0.062500,1.000000,0.000000,0.059831,0.003979,2.1623,0.037948,0,0
199,1.990,0.997666,-0.001385,0.057606,1.000000,0.000000,0.054949,0.003798,2.0896,0.036668,0,0
200,2.000,0.997947,-0.001388,0.053607,1.000000,0.000000,0.050963,0.003624,2.0185,0.035415,0,0
201,2.010,0.998232,-0.001392,0.050502,1.000000,0.000000,0.047869,0.003463,1.9487,0.034187,0,0
202,2.020,0.998514,-0.001396,0.048252,1.000000,0.000000,0.045631,0.003321,1.8802,0.032984,0,0
203,2.030,0.998792,-0.001401,0.046781,1.000000,0.000000,0.044170,0.003200,1.8131,0.031807,0,0
204,2.040,0.999062,-0.001405,0.045966,1.000000,0.000000,0.043365,0.003102,1.7474,0.030655,0,0
205,2.050,0.999320,-0.001409,0.045641,1.000000,0.000000,0.043048,0.003029,1.6829,0.029527,0,0
206,2.060,0.999568,-0.001413,0.045585,1.000000,0.000000,0.043000,0.002978,1.6197,0.028426,0,0
207,2.070,0.999804,-0.001417,0.045577,1.000000,0.000000,0.043000,0.002947,1.5577,0.027347,1,1
208,2.080,1.000027,-0.001421,0.045568,1.000000,0.000000,0.043000,0.002935,1.4969,0.026291,1,1
209,2.090,1.000242,-0.001424,0.045560,1.000000,0.000000,0.043000,0.002939,1.4374,0.025258,1,1
210,2.100,1.000447,-0.001428,0.045551,1.000000,0.000000,0.043000,0.002957,1.3790,0.024250,1,1
211,2.110,1.000642,-0.001431,0.045542,1.000000,0.000000,0.043000,0.002987,1.3218,0.023262,1,1
212,2.120,1.000826,-0.001433,0.045533,1.000000,0.000000,0.043000,0.003026,1.2657,0.022296,1,1
213,2.130,1.001004,-0.001437,0.045524,1.000000,0.000000,0.043000,0.003073,1.2107,0.021353,1,1
214,2.140,1.001171,-0.001440,0.045515,1.000000,0.000000,0.043000,0.003126,1.1569,0.020431,1,1
215,2.150,1.001331,-0.001442,0.045506,1.000000,0.000000,0.043000,0.003182,1.1041,0.019531,1,1
216,2.160,1.001483,-0.001445,0.045496,1.000000,0.000000,0.043000,0.003243,1.0523,0.018650,1,1
217,2.170,1.001626,-0.001447,0.045487,1.000000,0.000000,0.043000,0.003305,1.0016,0.017791,1,1
218,2.180,1.001762,-0.001448,0.045478,1.000000,0.000000,0.043000,0.003368,0.9519,0.016952,1,1
219,2.190,1.001890,-0.001450,0.045468,1.000000,0.000000,0.043000,0.003431,0.9033,0.016134,1,1
220,2.200,1.002012,-0.001452,0.045459,1.000000,0.000000,0.043000,0.003493,0.8557,0.015338,1,1
221,2.210,1.002126,-0.001453,0.045450,1.000000,0.000000,0.043000,0.003554,0.8090,0.014560,1,1
222,2.220,1.002232,-0.001454,0.045440,1.000000,0.000000,0.043000,0.003612,0.7632,0.013802,1,1
223,2.230,1.002330,-0.001455,0.045430,1.000000,0.000000,0.043000,0.003668,0.7185,0.013066,1,1
224,2.240,1.002421,-0.001455,0.045421,1.000000,0.000000,0.043000,0.003720,0.6747,0.012350,1,1
225,2.250,1.002504,-0.001455,0.045411,1.000000,0.000000,0.043000,0.003768,0.6318,0.011654,1,1
226,2.260,1.002577,-0.001454,0.045402,1.000000,0.000000,0.043000,0.003811,0.5898,0.010977,1,1
227,2.270,1.002639,-0.001451,0.045392,1.000000,0.000000,0.043000,0.003846,0.5488,0.010322,1,1
228,2.280,1.002689,-0.001447,0.045383,1.000000,0.000000,0.043000,0.003874,0.5087,0.009687,1,1
229,2.290,1.002725,-0.001442,0.045374,1.000000,0.000000,0.043000,0.003891,0.4696,0.009072,1,1
230,2.300,1.002742,-0.001433,0.045364,1.000000,0.000000,0.043000,0.003894,0.4314,0.008476,1,1
231,2.310,1.002733,-0.001418,0.045355,1.000000,0.000000,0.043000,0.003876,0.3940,0.007894,1,1
232,2.320,1.002690,-0.001396,0.045345,1.000000,0.000000,0.043000,0.003832,0.3578,0.007327,1,1
233,2.330,1.002600,-0.001361,0.045336,1.000000,0.000000,0.043000,0.003751,0.3226,0.006765,1,1
234,2.340,1.002436,-0.001302,0.045327,1.000000,0.000000,0.043000,0.003611,0.2883,0.006194,1,1
235,2.350,1.002161,-0.001204,0.045317,1.000000,0.000000,0.043000,0.003390,0.2553,0.005599,1,1
236,2.360,1.001708,-0.001031,0.045308,1.000000,0.000000,0.043000,0.003051,0.2236,0.004954,1,1
237,2.370,1.000962,-0.000708,0.045299,1.000000,0.000000,0.043000,0.002591,0.1935,0.004257,1,1
238,2.380,0.999720,-0.000077,0.045289,1.000000,0.000000,0.043000,0.002308,0.1652,0.003693,1,1
239,2.390,0.997638,0.001239,0.045280,1.000000,0.000000,0.043000,0.003509,0.1393,0.004269,1,1
240,2.400,0.994238,0.004110,0.045270,1.000000,0.000000,0.043000,0.007433,0.1166,0.007706,1,1
241,2.410,0.989328,0.010388,0.045260,1.000000,0.000000,0.043000,0.015064,0.0984,0.015161,1,1
242,2.420,0.985630,0.022708,0.045251,1.000000,0.000000,0.043000,0.026967,0.0866,0.027009,1,1
243,2.430,0.986777,0.039644,0.045242,1.000000,0.000000,0.043000,0.041851,0.0838,0.041877,1,1
244,2.440,0.994555,0.051951,0.045232,1.000000,0.000000,0.043000,0.052283,0.0916,0.052308,1,1
245,2.450,1.000837,0.055378,0.045222,1.000000,0.000000,0.043000,0.055429,0.1083,0.055461,1,1
246,2.460,1.003591,0.054729,0.045214,1.000000,0.000000,0.043000,0.054891,0.1305,0.054938,1,1
247,2.470,1.004667,0.052984,0.045207,1.000000,0.000000,0.043000,0.053235,0.1549,0.053304,1,1
248,2.480,1.005109,0.050990,0.045199,1.000000,0.000000,0.043000,0.051293,0.1801,0.051389,1,1
249,2.490,1.005300,0.048970,0.045191,1.000000,0.000000,0.043000,0.049305,0.2056,0.049435,1,1
250,2.500,1.005380,0.046987,0.045183,1.000000,0.000000,0.043000,0.047344,0.2309,0.047515,1,1
251,2.510,1.005409,0.045064,0.045175,1.000000,0.000000,0.043000,0.045439,0.2560,0.045658,1,1
252,2.520,1.005411,0.043207,0.045167,1.000000,0.000000,0.043000,0.043599,0.2807,0.043873,1,1
253,2.530,1.005399,0.041419,0.045159,1.000000,0.000000,0.043000,0.041825,0.3051,0.042163,1,1
254,2.540,1.005365,0.039692,0.045152,1.000000,0.000000,0.043000,0.040110,0.3291,0.040520,1,1
255,2.550,1.005332,0.038033,0.045144,1.000000,0.000000,0.043000,0.038465,0.3526,0.038954,1,1
256,2.560,1.005301,0.036439,0.045136,1.000000,0.000000,0.043000,0.036885,0.3755,0.037463,1,1
257,2.570,1.005269,0.034909,0.045129,1.000000,0.000000,0.043000,0.035369,0.3981,0.036045,1,1
258,2.580,1.005239,0.033439,0.045121,1.000000,0.000000,0.043000,0.033913,0.4201,0.034697,1,1
259,2.590,1.005209,0.032028,0.045114,1.000000,0.000000,0.043000,0.032517,0.4418,0.033419,1,1
260,2.600,1.005181,0.030671,0.045107,1.000000,0.000000,0.043000,0.031177,0.4630,0.032207,1,1
261,2.610,1.005158,0.029371,0.045099,1.000000,0.000000,0.043000,0.029894,0.4837,0.031064,1,1
262,2.620,1.005131,0.028120,0.045092,1.000000,0.000000,0.043000,0.028661,0.5041,0.029981,1,1
263,2.630,1.005104,0.026918,0.045085,1.000000,0.000000,0.043000,0.027477,0.5241,0.028959,1,1
264,2.640,1.005077,0.025765,0.045078,1.000000,0.000000,0.043000,0.026342,0.5436,0.027999,1,1
265,2.650,1.005051,0.024656,0.045071,1.000000,0.000000,0.043000,0.025253,0.5627,0.027095,1,1
266,2.660,1.005027,0.023591,0.045064,1.000000,0.000000,0.043000,0.024208,0.5815,0.026249,1,1
267,2.670,1.005001,0.022568,0.045057,1.000000,0.000000,0.043000,0.023207,0.5998,0.025459,1,1
268,2.680,1.004977,0.021586,0.045050,1.000000,0.000000,0.043000,0.022247,0.6178,0.024722,1,1
269,2.690,1.004954,0.020642,0.045091,1.000000,0.000000,0.043048,0.021326,0.6354,0.024037,1,1
270,2.700,1.004932,0.019736,0.045401,1.000000,0.000000,0.043365,0.020444,0.6526,0.023403,1,1
271,2.710,1.004911,0.018865,0.046200,1.000000,0.000000,0.044170,0.019599,0.6695,0.022819,1,1
272,2.720,1.004893,0.018030,0.047655,1.000000,0.000000,0.045631,0.018791,0.6862,0.022283,1,1
273,2.730,1.004882,0.017229,0.049888,1.000000,0.000000,0.047869,0.018021,0.7023,0.021795,1,1
274,2.740,1.004881,0.016461,0.052977,1.000000,0.000000,0.050963,0.017287,0.7182,0.021354,1,1
275,2.750,1.004892,0.015727,0.056960,1.000000,0.000000,0.054949,0.016593,0.7337,0.020960,1,1
276,2.760,1.004921,0.015027,0.061840,1.000000,0.000000,0.059831,0.015939,0.7489,0.020613,1,1
277,2.770,1.004968,0.014358,0.067586,1.000000,0.000000,0.065577,0.015325,0.7638,0.020312,1,1
278,2.780,1.005037,0.013721,0.074143,1.000000,0.000000,0.072131,0.014755,0.7783,0.020056,1,1
279,2.790,1.005126,0.013114,0.081427,1.000000,0.000000,0.079409,0.014224,0.7926,0.019842,1,1
280,2.800,1.005239,0.012538,0.089335,1.000000,0.000000,0.087309,0.013739,0.8066,0.019671,1,1
281,2.810,1.005371,0.011990,0.097745,1.000000,0.000000,0.095709,0.013295,0.8203,0.019537,1,1
282,2.820,1.005523,0.011469,0.106523,1.000000,0.000000,0.104476,0.012893,0.8336,0.019440,1,1
283,2.830,1.005690,0.010973,0.115524,1.000000,0.000000,0.113467,0.012530,0.8468,0.019376,1,1
284,2.840,1.005869,0.010501,0.124595,1.000000,0.000000,0.122533,0.012205,0.8595,0.019339,1,1
285,2.850,1.006054,0.010050,0.133583,1.000000,0.000000,0.131524,0.011912,0.8720,0.019327,1,1
286,2.860,1.006241,0.009620,0.142337,1.000000,0.000000,0.140291,0.011648,0.8843,0.019336,1,1
287,2.870,1.006423,0.009208,0.150713,1.000000,0.000000,0.148691,0.011407,0.8964,0.019362,1,1
288,2.880,1.006593,0.008810,0.158575,1.000000,0.000000,0.156591,0.011181,0.9081,0.019397,1,1
289,2.890,1.006746,0.008427,0.165805,1.000000,0.000000,0.163869,0.010966,0.9196,0.019439,1,1
290,2.900,1.006862,0.008058,0.172166,1.000000,0.000000,0.170423,0.010726,0.9309,0.019468,1,1
291,2.910,1.006943,0.007696,0.177739,1.000000,0.000000,0.176169,0.010483,0.9419,0.019497,1,1
292,2.920,1.006989,0.007341,0.182475,1.000000,0.000000,0.181051,0.010235,0.9526,0.019524,1,1
293,2.930,1.007000,0.006992,0.186351,1.000000,0.000000,0.185037,0.009981,0.9632,0.019550,1,1
294,2.940,1.006984,0.006649,0.189371,1.000000,0.000000,0.188131,0.009723,0.9735,0.019576,1,1
295,2.950,1.006948,0.006314,0.191570,1.000000,0.000000,0.190369,0.009465,0.9836,0.019603,1,1
296,2.960,1.006898,0.005989,0.193017,1.000000,0.000000,0.191830,0.009211,0.9934,0.019633,1,1
297,2.970,1.006841,0.005672,0.193824,1.000000,0.000000,0.192635,0.008966,1.0030,0.019669,1,1
298,2.980,1.006785,0.005369,0.194148,1.000000,0.000000,0.192952,0.008735,1.0125,0.019712,1,1
299,2.990,1.006730,0.005078,0.194205,1.000000,0.000000,0.193000,0.008516,1.0217,0.019761,1,1
300,3.000,1.006678,0.004796,0.194213,1.000000,-0.000001,0.193000,0.008312,1.0307,0.019816,1,1
301,3.010,1.006628,0.004522,0.194221,1.000000,-0.000005,0.193000,0.008119,1.0395,0.019877,1,1
302,3.020,1.006580,0.004251,0.194228,1.000000,-0.000018,0.193000,0.007940,1.0481,0.019941,1,1
303,3.030,1.006535,0.003977,0.194236,1.000000,-0.000043,0.193000,0.007772,1.0565,0.020010,1,1
304,3.040,1.006491,0.003698,0.194243,1.000000,-0.000084,0.193000,0.007615,1.0647,0.020082,1,1
305,3.050,1.006449,0.003409,0.194250,1.000000,-0.000145,0.193000,0.007469,1.0728,0.020159,1,1
306,3.060,1.006410,0.003104,0.194257,1.000000,-0.000229,0.193000,0.007333,1.0807,0.020237,1,1
307,3.070,1.006371,0.002782,0.194264,1.000000,-0.000340,0.193000,0.007207,1.0883,0.020316,1,1
308,3.080,1.006336,0.002437,0.194271,1.000000,-0.000481,0.193000,0.007091,1.0959,0.020399,1,1
309,3.090,1.006301,0.002066,0.194277,1.000000,-0.000657,0.193000,0.006982,1.1032,0.020482,1,1
310,3.100,1.006268,0.001666,0.194283,1.000000,-0.000869,0.193000,0.006882,1.1104,0.020566,1,1
311,3.110,1.006236,0.001232,0.194289,0.999999,-0.001123,0.193000,0.006789,1.1174,0.020650,1,1
312,3.120,1.006205,0.000762,0.194295,0.999999,-0.001420,0.193000,0.006704,1.1243,0.020736,1,1
313,3.130,1.006175,0.000250,0.194301,0.999998,-0.001763,0.193000,0.006625,1.1309,0.020820,1,1
314,3.140,1.006146,-0.000304,0.194306,0.999998,-0.002157,0.193000,0.006553,1.1374,0.020906,1,1
315,3.150,1.006119,-0.000905,0.194312,0.999997,-0.002603,0.193000,0.006488,1.1438,0.020991,1,1
316,3.160,1.006093,-0.001556,0.194317,0.999995,-0.003105,0.193000,0.006428,1.1500,0.021075,1,1
317,3.170,1.006066,-0.002260,0.194322,0.999993,-0.003666,0.193000,0.006372,1.1561,0.021160,1,1
318,3.180,1.006040,-0.003019,0.194327,0.999991,-0.004288,0.193000,0.006322,1.1621,0.021244,1,1
319,3.190,1.006015,-0.003837,0.194331,0.999988,-0.004973,0.193000,0.006276,1.1678,0.021327,1,1
320,3.200,1.005989,-0.004718,0.194336,0.999984,-0.005725,0.193000,0.006234,1.1735,0.021409,1,1
321,3.210,1.005964,-0.005662,0.194341,0.999979,-0.006546,0.193000,0.006197,1.1790,0.021490,1,1
322,3.220,1.005938,-0.006674,0.194345,0.999972,-0.007438,0.193000,0.006162,1.1844,0.021570,1,1
323,3.230,1.005910,-0.007754,0.194349,0.999965,-0.008403,0.193000,0.006131,1.1896,0.021649,1,1
324,3.240,1.005883,-0.008907,0.194353,0.999955,-0.009444,0.193000,0.006103,1.1947,0.021726,1,1
325,3.250,1.005854,-0.010134,0.194357,0.999944,-0.010564,0.193000,0.006078,1.1997,0.021803,1,1
326,3.260,1.005823,-0.011436,0.194361,0.999931,-0.011763,0.193000,0.006056,1.2046,0.021879,1,1
327,3.270,1.005790,-0.012819,0.194365,0.999915,-0.013045,0.193000,0.006036,1.2093,0.021953,1,1
328,3.280,1.005755,-0.014281,0.194369,0.999896,-0.014411,0.193000,0.006018,1.2140,0.022026,1,1
329,3.290,1.005717,-0.015826,0.194372,0.999874,-0.015862,0.193000,0.006002,1.2184,0.022097,1,1
330,3.300,1.005676,-0.017457,0.194375,0.999849,-0.017402,0.193000,0.005988,1.2229,0.022167,1,1
331,3.310,1.005630,-0.019174,0.194379,0.999819,-0.019031,0.193000,0.005975,1.2272,0.022236,1,1
332,3.320,1.005582,-0.020979,0.194382,0.999785,-0.020751,0.193000,0.005964,1.2313,0.022302,1,1
333,3.330,1.005528,-0.022876,0.194385,0.999745,-0.022565,0.193000,0.005954,1.2354,0.022369,1,1
334,3.340,1.005468,-0.024863,0.194388,0.999701,-0.024472,0.193000,0.005945,1.2394,0.022433,1,1
335,3.350,1.005403,-0.026945,0.194391,0.999649,-0.026476,0.193000,0.005938,1.2432,0.022496,1,1
336,3.360,1.005331,-0.029122,0.194394,0.999592,-0.028576,0.193000,0.005931,1.2470,0.022558,1,1
337,3.370,1.005252,-0.031395,0.194396,0.999526,-0.030776,0.193000,0.005926,1.2506,0.022617,1,1
338,3.380,1.005166,-0.033766,0.194399,0.999453,-0.033075,0.193000,0.005922,1.2541,0.022676,1,1
339,3.390,1.005069,-0.036236,0.194401,0.999371,-0.035475,0.193000,0.005917,1.2576,0.022733,1,1
340,3.400,1.004963,-0.038807,0.194404,0.999279,-0.037978,0.193000,0.005914,1.2610,0.022789,1,1
341,3.410,1.004847,-0.041479,0.194406,0.999176,-0.040583,0.193000,0.005911,1.2642,0.022843,1,1
342,3.420,1.004720,-0.044253,0.194408,0.999062,-0.043293,0.193000,0.005909,1.2674,0.022896,1,1
343,3.430,1.004581,-0.047132,0.194410,0.998936,-0.046108,0.193000,0.005907,1.2706,0.022949,1,1
344,3.440,1.004428,-0.050115,0.194412,0.998797,-0.049029,0.193000,0.005906,1.2736,0.022999,1,1
345,3.450,1.004261,-0.053203,0.194414,0.998644,-0.052057,0.193000,0.005904,1.2765,0.023048,1,1
346,3.460,1.004078,-0.056397,0.194416,0.998476,-0.055192,0.193000,0.005903,1.2793,0.023095,1,1
347,3.470,1.003879,-0.059699,0.194418,0.998291,-0.058435,0.193000,0.005902,1.2821,0.023142,1,1
348,3.480,1.003664,-0.063108,0.194420,0.998089,-0.061787,0.193000,0.005902,1.2847,0.023187,1,1
349,3.490,1.003429,-0.066626,0.194422,0.997869,-0.065248,0.193000,0.005902,1.2873,0.023230,1,1
350,3.500,1.003174,-0.070252,0.194423,0.997629,-0.068819,0.193000,0.005901,1.2898,0.023272,1,1
351,3.510,1.002899,-0.073986,0.194425,0.997368,-0.072500,0.193000,0.005902,1.2923,0.023314,1,1
352,3.520,1.002601,-0.077831,0.194426,0.997086,-0.076291,0.193000,0.005901,1.2946,0.023354,1,1
353,3.530,1.002279,-0.081785,0.194428,0.996779,-0.080192,0.193000,0.005901,1.2969,0.023392,1,1
354,3.540,1.001933,-0.085850,0.194429,0.996448,-0.084205,0.193000,0.005901,1.2992,0.023430,1,1
355,3.550,1.001561,-0.090023,0.194430,0.996091,-0.088328,0.193000,0.005902,1.3013,0.023466,1,1
356,3.560,1.001160,-0.094308,0.194432,0.995707,-0.092562,0.193000,0.005902,1.3033,0.023501,1,1
357,3.570,1.000729,-0.098702,0.194433,0.995293,-0.096907,0.193000,0.005901,1.3054,0.023536,1,1
358,3.580,1.000270,-0.103207,0.194434,0.994850,-0.101363,0.193000,0.005902,1.3074,0.023569,1,1
359,3.590,0.999776,-0.107821,0.194435,0.994374,-0.105929,0.193000,0.005902,1.3092,0.023600,1,1
360,3.600,0.999250,-0.112547,0.194436,0.993864,-0.110605,0.193000,0.005902,1.3110,0.023631,1,1
361,3.610,0.998688,-0.117380,0.194437,0.993320,-0.115392,0.193000,0.005902,1.3128,0.023660,1,1
362,3.620,0.998088,-0.122324,0.194438,0.992739,-0.120288,0.193000,0.005901,1.3145,0.023689,1,1
363,3.630,0.997450,-0.127376,0.194439,0.992120,-0.125293,0.193000,0.005901,1.3161,0.023717,1,1
364,3.640,0.996772,-0.132537,0.194440,0.991461,-0.130407,0.193000,0.005901,1.3177,0.023743,1,1
365,3.650,0.996051,-0.137804,0.194441,0.990760,-0.135629,0.193000,0.005900,1.3192,0.023768,1,1
366,3.660,0.995288,-0.143179,0.194441,0.990016,-0.140958,0.193000,0.005900,1.3207,0.023794,1,1
367,3.670,0.994478,-0.148661,0.194442,0.989226,-0.146394,0.193000,0.005899,1.3221,0.023817,1,1
368,3.680,0.993622,-0.154248,0.194443,0.988390,-0.151936,0.193000,0.005898,1.3235,0.023840,1,1
369,3.690,0.992716,-0.159939,0.194443,0.987506,-0.157583,0.193000,0.005897,1.3247,0.023861,1,1
370,3.700,0.991759,-0.165734,0.194444,0.986571,-0.163334,0.193000,0.005896,1.3260,0.023882,1,1
371,3.710,0.990749,-0.171633,0.194444,0.985584,-0.169188,0.193000,0.005895,1.3272,0.023902,1,1
372,3.720,0.989686,-0.177633,0.194444,0.984543,-0.175144,0.193000,0.005894,1.3283,0.023920,1,1
373,3.730,0.988566,-0.183734,0.194445,0.983446,-0.181201,0.193000,0.005892,1.3294,0.023939,1,1
374,3.740,0.987388,-0.189933,0.194445,0.982292,-0.187357,0.193000,0.005890,1.3304,0.023956,1,1
375,3.750,0.986150,-0.196231,0.194446,0.981078,-0.193612,0.193000,0.005889,1.3314,0.023972,1,1
376,3.760,0.984851,-0.202627,0.194446,0.979803,-0.199964,0.193000,0.005887,1.3324,0.023988,1,1
377,3.770,0.983488,-0.209117,0.194446,0.978465,-0.206411,0.193000,0.005886,1.3333,0.024003,1,1
378,3.780,0.982059,-0.215702,0.194447,0.977063,-0.212952,0.193000,0.005884,1.3342,0.024017,1,1
379,3.790,0.980562,-0.222379,0.194447,0.975593,-0.219586,0.193000,0.005881,1.3350,0.024030,1,1
380,3.800,0.978998,-0.229146,0.194447,0.974055,-0.226311,0.193000,0.005879,1.3358,0.024043,1,1
381,3.810,0.977362,-0.236002,0.194447,0.972447,-0.233125,0.193000,0.005876,1.3365,0.024055,1,1
382,3.820,0.975653,-0.242945,0.194447,0.970766,-0.240026,0.193000,0.005873,1.3371,0.024065,1,1
383,3.830,0.973871,-0.249975,0.194447,0.969012,-0.247013,0.193000,0.005871,1.3378,0.024076,1,1
384,3.840,0.972011,-0.257088,0.194447,0.967182,-0.254084,0.193000,0.005869,1.3384,0.024085,1,1
385,3.850,0.970075,-0.264282,0.194447,0.965275,-0.261236,0.193000,0.005866,1.3390,0.024095,1,1
386,3.860,0.968058,-0.271557,0.194447,0.963288,-0.268468,0.193000,0.005863,1.3395,0.024103,1,1
387,3.870,0.965960,-0.278907,0.194447,0.961221,-0.275778,0.193000,0.005860,1.3400,0.024110,1,1
388,3.880,0.963779,-0.286334,0.194447,0.959072,-0.283164,0.193000,0.005857,1.3405,0.024117,1,1
389,3.890,0.961513,-0.293834,0.194447,0.956838,-0.290622,0.193000,0.005853,1.3409,0.024124,1,1
390,3.900,0.959161,-0.301405,0.194447,0.954518,-0.298152,0.193000,0.005850,1.3413,0.024130,1,1
391,3.910,0.956721,-0.309045,0.194446,0.952112,-0.305750,0.193000,0.005847,1.3416,0.024135,1,1
392,3.920,0.954191,-0.316750,0.194446,0.949616,-0.313415,0.193000,0.005843,1.3420,0.024139,1,1
393,3.930,0.951571,-0.324519,0.194446,0.947030,-0.321144,0.193000,0.005839,1.3422,0.024143,1,1
394,3.940,0.948859,-0.332350,0.194446,0.944353,-0.328934,0.193000,0.005836,1.3425,0.024147,1,1
395,3.950,0.946053,-0.340239,0.194446,0.941582,-0.336783,0.193000,0.005833,1.3428,0.024150,1,1
396,3.960,0.943151,-0.348185,0.194445,0.938717,-0.344688,0.193000,0.005829,1.3429,0.024152,1,1
397,3.970,0.940154,-0.356183,0.194445,0.935756,-0.352647,0.193000,0.005825,1.3431,0.024154,1,1
398,3.980,0.937059,-0.364233,0.194445,0.932698,-0.360657,0.193000,0.005821,1.3432,0.024155,1,1
399,3.990,0.933865,-0.372330,0.194444,0.929542,-0.368715,0.193000,0.005817,1.3433,0.024156,1,1
400,4.000,0.930572,-0.380472,0.194444,0.926287,-0.376819,0.193000,0.005813,1.3433,0.024155,1,1
401,4.010,0.927176,-0.388657,0.194443,0.922931,-0.384965,0.193000,0.005808,1.3434,0.024156,1,1
402,4.020,0.923680,-0.396882,0.194443,0.919474,-0.393151,0.193000,0.005804,1.3434,0.024154,1,1
403,4.030,0.920080,-0.405143,0.194442,0.915914,-0.401374,0.193000,0.005800,1.3434,0.024154,1,1
404,4.040,0.916376,-0.413438,0.194442,0.912252,-0.409630,0.193000,0.005796,1.3434,0.024152,1,1
405,4.050,0.912568,-0.421764,0.194441,0.908485,-0.417918,0.193000,0.005791,1.3433,0.024150,1,1
406,4.060,0.908655,-0.430116,0.194441,0.904613,-0.426233,0.193000,0.005787,1.3432,0.024147,1,1
407,4.070,0.904636,-0.438495,0.194440,0.900636,-0.434574,0.193000,0.005783,1.3431,0.024144,1,1
408,4.080,0.900510,-0.446893,0.194440,0.896553,-0.442936,0.193000,0.005778,1.3430,0.024141,1,1
409,4.090,0.896276,-0.455311,0.194439,0.892364,-0.451317,0.193000,0.005773,1.3428,0.024136,1,1
410,4.100,0.891936,-0.463744,0.194439,0.888067,-0.459714,0.193000,0.005769,1.3426,0.024133,1,1
411,4.110,0.887488,-0.472189,0.194438,0.883663,-0.468123,0.193000,0.005764,1.3424,0.024128,1,1
412,4.120,0.882932,-0.480643,0.194437,0.879152,-0.476541,0.193000,0.005760,1.3421,0.024122,1,1
413,4.130,0.878267,-0.489103,0.194437,0.874533,-0.484966,0.193000,0.005755,1.3419,0.024117,1,1
414,4.140,0.873494,-0.497565,0.194436,0.869806,-0.493394,0.193000,0.005750,1.3417,0.024112,1,1
415,4.150,0.868613,-0.506028,0.194435,0.864971,-0.501822,0.193000,0.005746,1.3413,0.024105,1,1
416,4.160,0.863624,-0.514486,0.194435,0.860028,-0.510247,0.193000,0.005741,1.3410,0.024098,1,1
417,4.170,0.858526,-0.522938,0.194434,0.854978,-0.518665,0.193000,0.005736,1.3407,0.024092,1,1
418,4.180,0.853321,-0.531380,0.194433,0.849820,-0.527073,0.193000,0.005732,1.3403,0.024086,1,1
419,4.190,0.848007,-0.539809,0.194433,0.844555,-0.535469,0.193000,0.005728,1.3399,0.024078,1,1
420,4.200,0.842587,-0.548221,0.194432,0.839183,-0.543849,0.193000,0.005723,1.3395,0.024070,1,1
421,4.210,0.837060,-0.556613,0.194431,0.833705,-0.552210,0.193000,0.005718,1.3391,0.024062,1,1
422,4.220,0.831427,-0.564984,0.194430,0.828122,-0.560548,0.193000,0.005714,1.3387,0.024053,1,1
423,4.230,0.825690,-0.573328,0.194430,0.822434,-0.568861,0.193000,0.005709,1.3382,0.024044,1,1
424,4.240,0.819846,-0.581643,0.194429,0.816641,-0.577146,0.193000,0.005704,1.3378,0.024035,1,1
425,4.250,0.813900,-0.589926,0.194428,0.810745,-0.585399,0.193000,0.005700,1.3372,0.024025,1,1
426,4.260,0.807852,-0.598174,0.194427,0.804747,-0.593617,0.193000,0.005695,1.3367,0.024016,1,1
427,4.270,0.801701,-0.606384,0.194426,0.798648,-0.601798,0.193000,0.005690,1.3362,0.024006,1,1
428,4.280,0.795451,-0.614552,0.194426,0.792449,-0.609939,0.193000,0.005686,1.3357,0.023996,1,1
429,4.290,0.789100,-0.622677,0.194425,0.786150,-0.618035,0.193000,0.005681,1.3351,0.023985,1,1
430,4.300,0.782652,-0.630755,0.194424,0.779754,-0.626085,0.193000,0.005677,1.3346,0.023974,1,1
431,4.310,0.776108,-0.638783,0.194423,0.773262,-0.634086,0.193000,0.005673,1.3340,0.023964,1,1
432,4.320,0.769468,-0.646758,0.194422,0.766676,-0.642035,0.193000,0.005669,1.3334,0.023953,1,1
433,4.330,0.762736,-0.654677,0.194421,0.759996,-0.649928,0.193000,0.005664,1.3328,0.023941,1,1
434,4.340,0.755910,-0.662539,0.194420,0.753224,-0.657764,0.193000,0.005660,1.3322,0.023929,1,1
435,4.350,0.748996,-0.670338,0.194419,0.746363,-0.665539,0.193000,0.005655,1.3315,0.023917,1,1
436,4.360,0.741994,-0.678074,0.194419,0.739414,-0.673251,0.193000,0.005650,1.3309,0.023906,1,1
437,4.370,0.734905,-0.685745,0.194417,0.732378,-0.680898,0.193000,0.005647,1.3301,0.023892,1,1
438,4.380,0.727732,-0.693347,0.194416,0.725259,-0.688476,0.193000,0.005643,1.3295,0.023880,1,1
439,4.390,0.720476,-0.700876,0.194416,0.718058,-0.695983,0.193000,0.005638,1.3288,0.023867,1,1
440,4.400,0.713141,-0.708332,0.194414,0.710777,-0.703418,0.193000,0.005634,1.3280,0.023853,1,1
441,4.410,0.705727,-0.715713,0.194414,0.703418,-0.710777,0.193000,0.005630,1.3273,0.023841,1,1
442,4.420,0.698239,-0.723015,0.194413,0.695983,-0.718058,0.193000,0.005626,1.3266,0.023828,1,1
443,4.430,0.690677,-0.730237,0.194412,0.688476,-0.725259,0.193000,0.005623,1.3258,0.023814,1,1
444,4.440,0.683044,-0.737375,0.194411,0.680898,-0.732378,0.193000,0.005618,1.3251,0.023800,1,1
445,4.450,0.675343,-0.744430,0.194410,0.673251,-0.739414,0.193000,0.005615,1.3244,0.023787,1,1
446,4.460,0.667576,-0.751397,0.194409,0.665539,-0.746363,0.193000,0.005611,1.3236,0.023772,1,1
447,4.470,0.659746,-0.758277,0.194408,0.657764,-0.753224,0.193000,0.005607,1.3228,0.023759,1,1
448,4.480,0.651855,-0.765065,0.194407,0.649928,-0.759996,0.193000,0.005603,1.3220,0.023744,1,1
449,4.490,0.643908,-0.771762,0.194406,0.642035,-0.766676,0.193000,0.005600,1.3212,0.023730,1,1
450,4.500,0.635905,-0.778365,0.194405,0.634086,-0.773262,0.193000,0.005596,1.3203,0.023714,1,1
451,4.510,0.627850,-0.784873,0.194404,0.626085,-0.779754,0.193000,0.005593,1.3195,0.023699,1,1
452,4.520,0.619744,-0.791284,0.194403,0.618035,-0.786150,0.193000,0.005590,1.3187,0.023684,1,1
453,4.530,0.611593,-0.797596,0.194402,0.609939,-0.792449,0.193000,0.005586,1.3178,0.023669,1,1
454,4.540,0.603398,-0.803810,0.194401,0.601798,-0.798648,0.193000,0.005583,1.3170,0.023654,1,1
455,4.550,0.595163,-0.809922,0.194400,0.593617,-0.804747,0.193000,0.005579,1.3161,0.023638,1,1
456,4.560,0.586891,-0.815933,0.194398,0.585399,-0.810745,0.193000,0.005576,1.3152,0.023622,1,1
457,4.570,0.578583,-0.821841,0.194397,0.577146,-0.816641,0.193000,0.005573,1.3143,0.023607,1,1
458,4.580,0.570244,-0.827645,0.194396,0.568861,-0.822434,0.193000,0.005570,1.3134,0.023590,1,1
459,4.590,0.561877,-0.833345,0.194395,0.560548,-0.828122,0.193000,0.005567,1.3125,0.023574,1,1
460,4.600,0.553485,-0.838938,0.194394,0.552210,-0.833705,0.193000,0.005564,1.3116,0.023559,1,1
461,4.610,0.545071,-0.844426,0.194393,0.543849,-0.839183,0.193000,0.005561,1.3107,0.023542,1,1
462,4.620,0.536638,-0.849808,0.194392,0.535469,-0.844555,0.193000,0.005559,1.3097,0.023526,1,1
463,4.630,0.528189,-0.855081,0.194391,0.527073,-0.849820,0.193000,0.005555,1.3088,0.023509,1,1
464,4.640,0.519728,-0.860248,0.194390,0.518665,-0.854978,0.193000,0.005553,1.3079,0.023492,1,1
465,4.650,0.511257,-0.865306,0.194389,0.510247,-0.860028,0.193000,0.005550,1.3069,0.023475,1,1
466,4.660,0.502780,-0.870256,0.194388,0.501822,-0.864971,0.193000,0.005548,1.3060,0.023459,1,1
467,4.670,0.494300,-0.875098,0.194387,0.493394,-0.869806,0.193000,0.005546,1.3050,0.023443,1,1
468,4.680,0.485820,-0.879832,0.194385,0.484966,-0.874533,0.193000,0.005543,1.3040,0.023425,1,1
469,4.690,0.477344,-0.884457,0.194384,0.476541,-0.879152,0.193000,0.005541,1.3030,0.023408,1,1
470,4.700,0.468874,-0.888973,0.194383,0.468123,-0.883663,0.193000,0.005538,1.3021,0.023390,1,1
471,4.710,0.460414,-0.893381,0.194382,0.459714,-0.888067,0.193000,0.005535,1.3011,0.023373,1,1
472,4.720,0.451967,-0.897682,0.194381,0.451317,-0.892364,0.193000,0.005533,1.3001,0.023355,1,1
473,4.730,0.443535,-0.901876,0.194380,0.442936,-0.896553,0.193000,0.005531,1.2991,0.023338,1,1
474,4.740,0.435124,-0.905962,0.194379,0.434574,-0.900636,0.193000,0.005529,1.2981,0.023320,1,1
475,4.750,0.426734,-0.909942,0.194378,0.426233,-0.904613,0.193000,0.005527,1.2971,0.023303,1,1
476,4.760,0.418369,-0.913816,0.194377,0.417918,-0.908485,0.193000,0.005525,1.2961,0.023285,1,1
477,4.770,0.410033,-0.917585,0.194375,0.409630,-0.912252,0.193000,0.005523,1.2950,0.023267,1,1
478,4.780,0.401728,-0.921250,0.194374,0.401374,-0.915914,0.193000,0.005521,1.2939,0.023248,1,1
479,4.790,0.393458,-0.924810,0.194373,0.393151,-0.919474,0.193000,0.005519,1.2930,0.023231,1,1
480,4.800,0.385224,-0.928269,0.194372,0.384965,-0.922931,0.193000,0.005517,1.2919,0.023213,1,1
481,4.810,0.377031,-0.931626,0.194371,0.376819,-0.926287,0.193000,0.005516,1.2908,0.023195,1,1
482,4.820,0.368881,-0.934881,0.194370,0.368715,-0.929542,0.193000,0.005514,1.2898,0.023177,1,1
483,4.830,0.360777,-0.938036,0.194369,0.360657,-0.932698,0.193000,0.005512,1.2888,0.023159,1,1
484,4.840,0.352722,-0.941094,0.194367,0.352647,-0.935756,0.193000,0.005510,1.2877,0.023140,1,1
485,4.850,0.344717,-0.944054,0.194366,0.344688,-0.938717,0.193000,0.005509,1.2866,0.023121,1,1
486,4.860,0.336767,-0.946917,0.194365,0.336783,-0.941582,0.193000,0.005507,1.2855,0.023102,1,1
487,4.870,0.328874,-0.949686,0.194364,0.328934,-0.944353,0.193000,0.005505,1.2845,0.023084,1,1
488,4.880,0.321041,-0.952362,0.194363,0.321144,-0.947030,0.193000,0.005504,1.2834,0.023066,1,1
489,4.890,0.313268,-0.954945,0.194362,0.313415,-0.949616,0.193000,0.005502,1.2823,0.023047,1,1
490,4.900,0.305562,-0.957439,0.194360,0.305750,-0.952112,0.193000,0.005501,1.2812,0.023028,1,1
491,4.910,0.297920,-0.959842,0.194359,0.298152,-0.954518,0.193000,0.005499,1.2801,0.023009,1,1
492,4.920,0.290349,-0.962159,0.194358,0.290622,-0.956838,0.193000,0.005498,1.2790,0.022990,1,1
493,4.930,0.282850,-0.964388,0.194357,0.283164,-0.959072,0.193000,0.005496,1.2779,0.022972,1,1
494,4.940,0.275424,-0.966535,0.194356,0.275778,-0.961221,0.193000,0.005495,1.2769,0.022953,1,1
495,4.950,0.268074,-0.968598,0.194355,0.268468,-0.963288,0.193000,0.005494,1.2757,0.022933,1,1
496,4.960,0.260803,-0.970580,0.194353,0.261236,-0.965275,0.193000,0.005492,1.2746,0.022914,1,1
497,4.970,0.253612,-0.972483,0.194352,0.254084,-0.967182,0.193000,0.005490,1.2735,0.022895,1,1
498,4.980,0.246503,-0.974308,0.194351,0.247013,-0.969012,0.193000,0.005489,1.2724,0.022876,1,1
499,4.990,0.239478,-0.976057,0.194350,0.240026,-0.970766,0.193000,0.005488,1.2713,0.022857,1,1
500,5.000,0.232540,-0.977733,0.194349,0.233125,-0.972447,0.193000,0.005486,1.2702,0.022837,1,1
501,5.010,0.225690,-0.979336,0.194348,0.226311,-0.974055,0.193000,0.005485,1.2690,0.022818,1,1
502,5.020,0.218928,-0.980869,0.194346,0.219586,-0.975593,0.193000,0.005484,1.2679,0.022799,1,1
503,5.030,0.212260,-0.982333,0.194345,0.212952,-0.977063,0.193000,0.005483,1.2668,0.022779,1,1
504,5.040,0.205683,-0.983730,0.194344,0.206411,-0.978465,0.193000,0.005482,1.2656,0.022760,1,1
505,5.050,0.199203,-0.985062,0.194343,0.199964,-0.979803,0.193000,0.005480,1.2645,0.022740,1,1
506,5.060,0.192817,-0.986331,0.194342,0.193612,-0.981078,0.193000,0.005480,1.2633,0.022720,1,1
507,5.070,0.186530,-0.987538,0.194340,0.187357,-0.982292,0.193000,0.005478,1.2622,0.022700,1,1
508,5.080,0.180340,-0.988687,0.194339,0.181201,-0.983446,0.193000,0.005477,1.2611,0.022682,1,1
509,5.090,0.174253,-0.989777,0.194338,0.175144,-0.984543,0.193000,0.005475,1.2600,0.022662,1,1
510,5.100,0.168266,-0.990811,0.194337,0.169188,-0.985584,0.193000,0.005474,1.2588,0.022641,1,1
511,5.110,0.162381,-0.991792,0.194336,0.163334,-0.986571,0.193000,0.005473,1.2577,0.022622,1,1
512,5.120,0.156600,-0.992721,0.194335,0.157583,-0.987506,0.193000,0.005472,1.2565,0.022602,1,1
513,5.130,0.150924,-0.993598,0.194333,0.151936,-0.988390,0.193000,0.005470,1.2553,0.022582,1,1
514,5.140,0.145354,-0.994428,0.194332,0.146394,-0.989226,0.193000,0.005470,1.2542,0.022562,1,1
515,5.150,0.139890,-0.995210,0.194331,0.140958,-0.990016,0.193000,0.005468,1.2530,0.022542,1,1
516,5.160,0.134533,-0.995948,0.194330,0.135629,-0.990760,0.193000,0.005467,1.2518,0.022522,1,1
517,5.170,0.129284,-0.996642,0.194329,0.130407,-0.991461,0.193000,0.005466,1.2507,0.022502,1,1
518,5.180,0.124145,-0.997294,0.194328,0.125293,-0.992120,0.193000,0.005464,1.2495,0.022482,1,1
519,5.190,0.119114,-0.997907,0.194326,0.120288,-0.992739,0.193000,0.005463,1.2484,0.022463,1,1
520,5.200,0.114194,-0.998480,0.194325,0.115392,-0.993320,0.193000,0.005461,1.2472,0.022443,1,1
521,5.210,0.109382,-0.999018,0.194324,0.110605,-0.993864,0.193000,0.005460,1.2460,0.022422,1,1
522,5.220,0.104683,-0.999521,0.194323,0.105929,-0.994374,0.193000,0.005458,1.2449,0.022403,1,1
523,5.230,0.100093,-0.999990,0.194322,0.101363,-0.994850,0.193000,0.005457,1.2437,0.022382,1,1
524,5.240,0.095616,-1.000427,0.194321,0.096907,-0.995293,0.193000,0.005456,1.2425,0.022362,1,1
525,5.250,0.091249,-1.000834,0.194319,0.092562,-0.995707,0.193000,0.005454,1.2413,0.022341,1,1
526,5.260,0.086994,-1.001212,0.194318,0.088328,-0.996091,0.193000,0.005453,1.2402,0.022322,1,1
527,5.270,0.082850,-1.001562,0.194317,0.084205,-0.996448,0.193000,0.005451,1.2390,0.022301,1,1
528,5.280,0.078818,-1.001886,0.194316,0.080192,-0.996779,0.193000,0.005449,1.2378,0.022280,1,1
529,5.290,0.074897,-1.002186,0.194314,0.076291,-0.997086,0.193000,0.005448,1.2366,0.022259,1,1
530,5.300,0.071087,-1.002462,0.194313,0.072500,-0.997368,0.193000,0.005447,1.2354,0.022240,1,1
531,5.310,0.067388,-1.002717,0.194312,0.068819,-0.997629,0.193000,0.005445,1.2342,0.022219,1,1
532,5.320,0.063800,-1.002950,0.194311,0.065248,-0.997869,0.193000,0.005443,1.2331,0.022199,1,1
533,5.330,0.060322,-1.003164,0.194310,0.061787,-0.998089,0.193000,0.005442,1.2319,0.022178,1,1
534,5.340,0.056953,-1.003359,0.194309,0.058435,-0.998291,0.193000,0.005440,1.2307,0.022159,1,1
535,5.350,0.053695,-1.003538,0.194308,0.055192,-0.998476,0.193000,0.005439,1.2295,0.022138,1,1
536,5.360,0.050544,-1.003700,0.194306,0.052057,-0.998644,0.193000,0.005436,1.2284,0.022118,1,1
537,5.370,0.047502,-1.003847,0.194305,0.049029,-0.998797,0.193000,0.005435,1.2271,0.022096,1,1
538,5.380,0.044567,-1.003981,0.194304,0.046108,-0.998936,0.193000,0.005433,1.2260,0.022076,1,1
539,5.390,0.041739,-1.004100,0.194303,0.043293,-0.999062,0.193000,0.005431,1.2248,0.022055,1,1
540,5.400,0.039015,-1.004208,0.194302,0.040583,-0.999176,0.193000,0.005429,1.2236,0.022035,1,1
541,5.410,0.036397,-1.004305,0.194301,0.037978,-0.999279,0.193000,0.005427,1.2224,0.022015,1,1
542,5.420,0.033884,-1.004391,0.194299,0.035475,-0.999371,0.193000,0.005425,1.2212,0.021994,1,1
543,5.430,0.031472,-1.004469,0.194298,0.033075,-0.999453,0.193000,0.005423,1.2200,0.021973,1,1
544,5.440,0.029161,-1.004536,0.194297,0.030776,-0.999526,0.193000,0.005421,1.2188,0.021952,1,1
545,5.450,0.026951,-1.004597,0.194296,0.028576,-0.999592,0.193000,0.005420,1.2176,0.021932,1,1
546,5.460,0.024841,-1.004649,0.194295,0.026476,-0.999649,0.193000,0.005417,1.2165,0.021912,1,1
547,5.470,0.022828,-1.004696,0.194293,0.024472,-0.999701,0.193000,0.005415,1.2153,0.021891,1,1
548,5.480,0.020912,-1.004735,0.194292,0.022565,-0.999745,0.193000,0.005413,1.2140,0.021869,1,1
549,5.490,0.019090,-1.004770,0.194291,0.020751,-0.999785,0.193000,0.005411,1.2129,0.021849,1,1
550,5.500,0.017362,-1.004799,0.194290,0.019031,-0.999819,0.193000,0.005408,1.2117,0.021828,1,1
551,5.510,0.015726,-1.004824,0.194289,0.017402,-0.999849,0.193000,0.005406,1.2105,0.021807,1,1
552,5.520,0.014179,-1.004845,0.194288,0.015862,-0.999874,0.193000,0.005404,1.2093,0.021787,1,1
553,5.530,0.012721,-1.004862,0.194286,0.014411,-0.999896,0.193000,0.005401,1.2081,0.021766,1,1
554,5.540,0.011349,-1.004877,0.194285,0.013045,-0.999915,0.193000,0.005399,1.2069,0.021745,1,1
555,5.550,0.010062,-1.004888,0.194284,0.011763,-0.999931,0.193000,0.005396,1.2057,0.021724,1,1
556,5.560,0.008857,-1.004898,0.194283,0.010564,-0.999944,0.193000,0.005394,1.2044,0.021702,1,1
557,5.570,0.007733,-1.004905,0.194282,0.009444,-0.999955,0.193000,0.005391,1.2033,0.021682,1,1
558,5.580,0.006687,-1.004910,0.194280,0.008403,-0.999965,0.193000,0.005389,1.2021,0.021661,1,1
559,5.590,0.005717,-1.004914,0.194279,0.007438,-0.999972,0.193000,0.005386,1.2009,0.021640,1,1
560,5.600,0.004822,-1.004916,0.194278,0.006546,-0.999979,0.193000,0.005384,1.1997,0.021619,1,1
561,5.610,0.003998,-1.004918,0.194277,0.005725,-0.999984,0.193000,0.005382,1.1985,0.021599,1,1
562,5.620,0.003243,-1.004918,0.194276,0.004973,-0.999988,0.193000,0.005378,1.1973,0.021577,1,1
563,5.630,0.002555,-1.004918,0.194275,0.004288,-0.999991,0.193000,0.005376,1.1961,0.021558,1,1
564,5.640,0.001931,-1.004916,0.194273,0.003666,-0.999993,0.193000,0.005373,1.1949,0.021536,1,1
565,5.650,0.001368,-1.004915,0.194272,0.003105,-0.999995,0.193000,0.005370,1.1937,0.021515,1,1
566,5.660,0.000864,-1.004913,0.194271,0.002603,-0.999997,0.193000,0.005368,1.1925,0.021494,1,1
567,5.670,0.000417,-1.004910,0.194270,0.002157,-0.999998,0.193000,0.005364,1.1913,0.021473,1,1
568,5.680,0.000022,-1.004908,0.194269,0.001763,-0.999998,0.193000,0.005361,1.1901,0.021452,1,1
569,5.690,-0.000323,-1.004906,0.194267,0.001420,-0.999999,0.193000,0.005359,1.1889,0.021431,1,1
570,5.700,-0.000620,-1.004903,0.194266,0.001123,-0.999999,0.193000,0.005356,1.1878,0.021411,1,1
571,5.710,-0.000875,-1.004899,0.194265,0.000869,-1.000000,0.193000,0.005353,1.1866,0.021390,1,1
572,5.720,-0.001088,-1.004897,0.194264,0.000657,-1.000000,0.193000,0.005350,1.1854,0.021369,1,1
573,5.730,-0.001263,-1.004894,0.194263,0.000481,-1.000000,0.193000,0.005347,1.1842,0.021348,1,1
574,5.740,-0.001404,-1.004891,0.194262,0.000340,-1.000000,0.193000,0.005344,1.1830,0.021327,1,1
575,5.750,-0.001516,-1.004888,0.194261,0.000229,-1.000000,0.193000,0.005341,1.1817,0.021306,1,1
576,5.760,-0.001600,-1.004885,0.194259,0.000145,-1.000000,0.193000,0.005338,1.1805,0.021285,1,1
577,5.770,-0.001660,-1.004882,0.194258,0.000084,-1.000000,0.193000,0.005335,1.1793,0.021264,1,1
578,5.780,-0.001700,-1.004880,0.194257,0.000043,-1.000000,0.193000,0.005332,1.1781,0.021243,1,1
579,5.790,-0.001725,-1.004877,0.194256,0.000018,-1.000000,0.193000,0.005329,1.1769,0.021221,1,1
580,5.800,-0.001737,-1.004874,0.194255,0.000005,-1.000000,0.193000,0.005326,1.1757,0.021200,1,1
581,5.810,-0.001741,-1.004871,0.194253,0.000001,-1.000000,0.193000,0.005322,1.1745,0.021179,1,1
582,5.820,-0.001741,-1.004868,0.194252,-0.000000,-1.000000,0.193000,0.005319,1.1734,0.021159,1,1
583,5.830,-0.001740,-1.004865,0.194203,0.000000,-1.000000,0.192952,0.005316,1.1722,0.021138,1,1
584,5.840,-0.001740,-1.004862,0.193885,0.000000,-1.000000,0.192635,0.005313,1.1710,0.021117,1,1
585,5.850,-0.001738,-1.004861,0.193078,0.000000,-1.000000,0.191830,0.005312,1.1698,0.021097,1,1
586,5.860,-0.001736,-1.004867,0.191614,0.000000,-1.000000,0.190369,0.005315,1.1686,0.021078,1,1
587,5.870,-0.001730,-1.004884,0.189370,0.000000,-1.000000,0.188131,0.005328,1.1675,0.021061,1,1
588,5.880,-0.001721,-1.004918,0.186267,0.000000,-1.000000,0.185037,0.005354,1.1662,0.021047,1,1
589,5.890,-0.001708,-1.004973,0.182269,0.000000,-1.000000,0.181051,0.005397,1.1650,0.021038,1,1
590,5.900,-0.001688,-1.005053,0.177375,0.000000,-1.000000,0.176169,0.005462,1.1638,0.021034,1,1
591,5.910,-0.001664,-1.005157,0.171618,0.000000,-1.000000,0.170423,0.005549,1.1627,0.021038,1,1
592,5.920,-0.001634,-1.005285,0.165058,0.000000,-1.000000,0.163869,0.005658,1.1615,0.021046,1,1
593,5.930,-0.001600,-1.005432,0.157781,0.000000,-1.000000,0.156591,0.005787,1.1603,0.021061,1,1
594,5.940,-0.001564,-1.005592,0.149893,0.000000,-1.000000,0.148691,0.005930,1.1592,0.021083,1,1
595,5.950,-0.001525,-1.005759,0.141514,0.000000,-1.000000,0.140291,0.006082,1.1579,0.021105,1,1
596,5.960,-0.001486,-1.005926,0.132777,0.000000,-1.000000,0.131524,0.006237,1.1568,0.021131,1,1
597,5.970,-0.001449,-1.006085,0.123822,0.000000,-1.000000,0.122533,0.006387,1.1555,0.021155,1,1
598,5.980,-0.001416,-1.006231,0.114796,0.000000,-1.000000,0.113467,0.006526,1.1543,0.021177,1,1
599,5.990,-0.001387,-1.006354,0.105845,0.000000,-1.000000,0.104476,0.006646,1.1532,0.021196,1,1
600,6.000,-0.001363,-1.006454,0.097115,0.000000,-1.000000,0.095709,0.006745,1.1520,0.021207,1,1
601,6.010,-0.001347,-1.006524,0.088746,0.000000,-1.000000,0.087309,0.006815,1.1508,0.021210,1,1
602,6.020,-0.001336,-1.006565,0.080871,0.000000,-1.000000,0.079409,0.006857,1.1496,0.021204,1,1
603,6.030,-0.001332,-1.006575,0.073609,0.000000,-1.000000,0.072131,0.006870,1.1485,0.021189,1,1
604,6.040,-0.001335,-1.006557,0.067064,0.000000,-1.000000,0.065577,0.006854,1.1473,0.021164,1,1
605,6.050,-0.001344,-1.006512,0.061320,0.000000,-1.000000,0.059831,0.006814,1.1461,0.021132,1,1
606,6.060,-0.001358,-1.006443,0.056437,0.000000,-1.000000,0.054949,0.006750,1.1449,0.021092,1,1
607,6.070,-0.001375,-1.006357,0.052447,0.000000,-1.000000,0.050963,0.006671,1.1437,0.021047,1,1
608,6.080,-0.001396,-1.006257,0.049348,0.000000,-1.000000,0.047869,0.006579,1.1425,0.020998,1,1
609,6.090,-0.001419,-1.006150,0.047103,0.000000,-1.000000,0.045631,0.006481,1.1414,0.020948,1,1
610,6.100,-0.001442,-1.006040,0.045636,0.000000,-1.000000,0.044170,0.006380,1.1402,0.020898,1,1
611,6.110,-0.001466,-1.005929,0.044825,0.000000,-1.000000,0.043365,0.006279,1.1390,0.020848,1,1
612,6.120,-0.001489,-1.005821,0.044502,0.000000,-1.000000,0.043048,0.006182,1.1378,0.020798,1,1
613,6.130,-0.001510,-1.005717,0.044448,0.000000,-1.000000,0.043000,0.006088,1.1367,0.020752,1,1
614,6.140,-0.001531,-1.005618,0.044443,0.000000,-1.000000,0.043000,0.005999,1.1355,0.020706,0,0
615,6.150,-0.001551,-1.005522,0.044437,0.000000,-1.000000,0.043000,0.005912,1.1343,0.020661,0,0
616,6.160,-0.001570,-1.005430,0.044431,0.000000,-1.000000,0.043000,0.005831,1.1331,0.020618,0,0
617,6.170,-0.001588,-1.005341,0.044426,0.000000,-1.000000,0.043000,0.005752,1.1320,0.020577,0,0
618,6.180,-0.001606,-1.005256,0.044421,0.000000,-1.000000,0.043000,0.005677,1.1308,0.020537,0,0
619,6.190,-0.001623,-1.005174,0.044415,0.000000,-1.000000,0.043000,0.005604,1.1297,0.020497,0,0
620,6.200,-0.001639,-1.005096,0.044410,0.000000,-1.000000,0.043000,0.005535,1.1284,0.020458,0,0
621,6.210,-0.001655,-1.005020,0.044405,0.000000,-1.000000,0.043000,0.005469,1.1273,0.020421,0,0
622,6.220,-0.001668,-1.004948,0.044400,0.000000,-1.000000,0.043000,0.005406,1.1261,0.020383,0,0
623,6.230,-0.001683,-1.004877,0.044395,0.000000,-1.000000,0.043000,0.005345,1.1250,0.020349,0,0
624,6.240,-0.001696,-1.004810,0.044390,0.000000,-1.000000,0.043000,0.005287,1.1238,0.020313,0,0
625,6.250,-0.001710,-1.004746,0.044385,0.000000,-1.000000,0.043000,0.005231,1.1226,0.020280,0,0
626,6.260,-0.001722,-1.004685,0.044380,0.000000,-1.000000,0.043000,0.005178,1.1214,0.020246,0,0
627,6.270,-0.001734,-1.004625,0.044375,0.000000,-1.000000,0.043000,0.005127,1.1203,0.020214,0,0
628,6.280,-0.001745,-1.004568,0.044370,0.000000,-1.000000,0.043000,0.005078,1.1191,0.020181,0,0
629,6.290,-0.001756,-1.004513,0.044366,0.000000,-1.000000,0.043000,0.005031,1.1180,0.020151,0,0
630,6.300,-0.001767,-1.004460,0.044361,0.000000,-1.000000,0.043000,0.004987,1.1168,0.020120,0,0
631,6.310,-0.001776,-1.004409,0.044356,0.000000,-1.000000,0.043000,0.004943,1.1157,0.020090,0,0
632,6.320,-0.001786,-1.004360,0.044352,0.000000,-1.000000,0.043000,0.004901,1.1145,0.020060,0,0
633,6.330,-0.001795,-1.004314,0.044347,0.000000,-1.000000,0.043000,0.004862,1.1133,0.020030,0,0
634,6.340,-0.001804,-1.004267,0.044343,0.000000,-1.000000,0.043000,0.004824,1.1122,0.020002,0,0
635,6.350,-0.001812,-1.004225,0.044338,0.000000,-1.000000,0.043000,0.004787,1.1110,0.019973,0,0
636,6.360,-0.001819,-1.004183,0.044334,0.000000,-1.000000,0.043000,0.004752,1.1098,0.019945,0,0
637,6.370,-0.001827,-1.004143,0.044330,0.000000,-1.000000,0.043000,0.004719,1.1087,0.019918,0,0
638,6.380,-0.001834,-1.004104,0.044326,0.000000,-1.000000,0.043000,0.004686,1.1076,0.019891,0,0
639,6.390,-0.001842,-1.004066,0.044322,0.000000,-1.000000,0.043000,0.004655,1.1064,0.019864,0,0
640,6.400,-0.001848,-1.004031,0.044317,0.000000,-1.000000,0.043000,0.004626,1.1053,0.019837,0,0
641,6.410,-0.001854,-1.003997,0.044313,0.000000,-1.000000,0.043000,0.004597,1.1041,0.019810,0,0
642,6.420,-0.001860,-1.003964,0.044309,0.000000,-1.000000,0.043000,0.004570,1.1029,0.019785,0,0
643,6.430,-0.001866,-1.003932,0.044305,0.000000,-1.000000,0.043000,0.004544,1.1018,0.019759,0,0
644,6.440,-0.001871,-1.003902,0.044302,0.000000,-1.000000,0.043000,0.004519,1.1007,0.019735,0,0
645,6.450,-0.001876,-1.003872,0.044298,0.000000,-1.000000,0.043000,0.004494,1.0995,0.019710,0,0
646,6.460,-0.001881,-1.003844,0.044294,0.000000,-1.000000,0.043000,0.004471,1.0983,0.019684,0,0
647,6.470,-0.001886,-1.003817,0.044290,0.000000,-1.000000,0.043000,0.004448,1.0972,0.019660,0,0
648,6.480,-0.001890,-1.003791,0.044286,0.000000,-1.000000,0.043000,0.004427,1.0960,0.019635,0,0
649,6.490,-0.001894,-1.003765,0.044283,0.000000,-1.000000,0.043000,0.004406,1.0949,0.019611,0,0
650,6.500,-0.001899,-1.003742,0.044279,0.000000,-1.000000,0.043000,0.004386,1.0937,0.019587,0,0
651,6.510,-0.001902,-1.003718,0.044276,0.000000,-1.000000,0.043000,0.004367,1.0927,0.019564,0,0
652,6.520,-0.001906,-1.003695,0.044272,0.000000,-1.000000,0.043000,0.004348,1.0915,0.019539,0,0
653,6.530,-0.001909,-1.003674,0.044268,0.000000,-1.000000,0.043000,0.004330,1.0904,0.019517,0,0
654,6.540,-0.001912,-1.003653,0.044265,0.000000,-1.000000,0.043000,0.004313,1.0893,0.019495,0,0
655,6.550,-0.001915,-1.003633,0.044262,0.000000,-1.000000,0.043000,0.004296,1.0881,0.019470,0,0
656,6.560,-0.001919,-1.003614,0.044258,0.000000,-1.000000,0.043000,0.004281,1.0869,0.019447,0,0
657,6.570,-0.001922,-1.003595,0.044255,0.000000,-1.000000,0.043000,0.004265,1.0858,0.019426,0,0
658,6.580,-0.001924,-1.003577,0.044252,0.000000,-1.000000,0.043000,0.004250,1.0847,0.019403,0,0
659,6.590,-0.001926,-1.003560,0.044248,0.000000,-1.000000,0.043000,0.004236,1.0835,0.019380,0,0
660,6.600,-0.001929,-1.003544,0.044245,0.000000,-1.000000,0.043000,0.004222,1.0824,0.019358,0,0
661,6.610,-0.001931,-1.003528,0.044242,0.000000,-1.000000,0.043000,0.004209,1.0813,0.019335,0,0
662,6.620,-0.001933,-1.003512,0.044239,0.000000,-1.000000,0.043000,0.004196,1.0802,0.019314,0,0
663,6.630,-0.001934,-1.003497,0.044236,0.000000,-1.000000,0.043000,0.004184,1.0790,0.019292,0,0
664,6.640,-0.001936,-1.003483,0.044233,0.000000,-1.000000,0.043000,0.004171,1.0779,0.019270,0,0
665,6.650,-0.001939,-1.003470,0.044230,0.000000,-1.000000,0.043000,0.004161,1.0767,0.019248,0,0
666,6.660,-0.001940,-1.003456,0.044227,0.000000,-1.000000,0.043000,0.004149,1.0757,0.019228,0,0
667,6.670,-0.001942,-1.003443,0.044224,0.000000,-1.000000,0.043000,0.004138,1.0746,0.019206,0,0
668,6.680,-0.001943,-1.003431,0.044221,0.000000,-1.000000,0.043000,0.004128,1.0734,0.019184,0,0
669,6.690,-0.001944,-1.003420,0.044218,0.000000,-1.000000,0.043000,0.004118,1.0723,0.019162,0,0
670,6.700,-0.001945,-1.003408,0.044215,0.000000,-1.000000,0.043000,0.004108,1.0712,0.019141,0,0
671,6.710,-0.001946,-1.003397,0.044212,0.000000,-1.000000,0.043000,0.004099,1.0700,0.019120,0,0
672,6.720,-0.001947,-1.003386,0.044210,0.000000,-1.000000,0.043000,0.004089,1.0689,0.019099,0,0
673,6.730,-0.001948,-1.003377,0.044207,0.000000,-1.000000,0.043000,0.004081,1.0677,0.019077,0,0
674,6.740,-0.001949,-1.003366,0.044204,0.000000,-1.000000,0.043000,0.004072,1.0666,0.019057,0,0
675,6.750,-0.001950,-1.003357,0.044202,0.000000,-1.000000,0.043000,0.004064,1.0656,0.019036,0,0
676,6.760,-0.001950,-1.003348,0.044247,0.000000,-1.000000,0.043048,0.004055,1.0644,0.019015,0,0
677,6.770,-0.001951,-1.003339,0.044561,0.000000,-1.000000,0.043365,0.004048,1.0633,0.018995,0,0
678,6.780,-0.001951,-1.003332,0.045364,0.000000,-1.000000,0.044170,0.004042,1.0622,0.018974,0,0
679,6.790,-0.001950,-1.003329,0.046823,0.000000,-1.000000,0.045631,0.004038,1.0611,0.018955,0,0
680,6.800,-0.001948,-1.003334,0.049059,0.000000,-1.000000,0.047869,0.004040,1.0599,0.018936,0,0
681,6.810,-0.001943,-1.003348,0.052152,0.000000,-1.000000,0.050963,0.004050,1.0589,0.018920,0,0
682,6.820,-0.001935,-1.003378,0.056139,0.000000,-1.000000,0.054949,0.004071,1.0577,0.018904,0,0
683,6.830,-0.001923,-1.003428,0.061023,0.000000,-1.000000,0.059831,0.004108,1.0566,0.018894,0,0
684,6.840,-0.001906,-1.003498,0.066776,0.000000,-1.000000,0.065577,0.004160,1.0555,0.018886,0,0
685,6.850,-0.001884,-1.003593,0.073341,0.000000,-1.000000,0.072131,0.004233,1.0544,0.018884,0,0
686,6.860,-0.001856,-1.003711,0.080635,0.000000,-1.000000,0.079409,0.004326,1.0534,0.018887,0,0
687,6.870,-0.001824,-1.003852,0.088556,0.000000,-1.000000,0.087309,0.004440,1.0522,0.018894,0,0
688,6.880,-0.001786,-1.004013,0.096983,0.000000,-1.000000,0.095709,0.004574,1.0511,0.018907,0,0
689,6.890,-0.001745,-1.004191,0.105781,0.000000,-1.000000,0.104476,0.004723,1.0500,0.018925,0,0
690,6.900,-0.001701,-1.004381,0.114805,0.000000,-1.000000,0.113467,0.004886,1.0489,0.018948,0,0
691,6.910,-0.001657,-1.004578,0.123903,0.000000,-1.000000,0.122533,0.005057,1.0479,0.018975,0,0
692,6.920,-0.001611,-1.004773,0.132922,0.000000,-1.000000,0.131524,0.005228,1.0467,0.019002,0,0
693,6.930,-0.001569,-1.004960,0.141711,0.000000,-1.000000,0.140291,0.005393,1.0456,0.019030,0,0
694,6.940,-0.001529,-1.005133,0.150125,0.000000,-1.000000,0.148691,0.005544,1.0445,0.019055,0,0
695,6.950,-0.001493,-1.005284,0.158029,0.000000,-1.000000,0.156591,0.005677,1.0435,0.019077,0,0
696,6.960,-0.001464,-1.005412,0.165302,0.000000,-1.000000,0.163869,0.005787,1.0424,0.019091,0,0
697,6.970,-0.001442,-1.005509,0.171845,0.000000,-1.000000,0.170423,0.005870,1.0413,0.019098,0,0
698,6.980,-0.001425,-1.005577,0.177576,0.000000,-1.000000,0.176169,0.005925,1.0402,0.019097,0,0
699,6.990,-0.001415,-1.005614,0.182440,0.000000,-1.000000,0.181051,0.005954,1.0390,0.019087,0,0
700,7.000,-0.001411,-1.005624,0.186411,0.000000,-1.000000,0.185037,0.005959,1.0379,0.019070,0,0
701,7.010,-0.001413,-1.005613,0.189491,0.000000,-1.000000,0.188131,0.005945,1.0369,0.019049,0,0
702,7.020,-0.001418,-1.005584,0.191718,0.000000,-1.000000,0.190369,0.005917,1.0358,0.019022,0,0
703,7.030,-0.001425,-1.005545,0.193171,0.000000,-1.000000,0.191830,0.005880,1.0347,0.018993,0,0
704,7.040,-0.001433,-1.005502,0.193970,0.000000,-1.000000,0.192635,0.005840,1.0336,0.018961,0,0
705,7.050,-0.001442,-1.005459,0.194280,0.000000,-1.000000,0.192952,0.005800,1.0325,0.018931,0,0
706,7.060,-0.001450,-1.005416,0.194322,0.000000,-1.000000,0.193000,0.005760,1.0314,0.018901,0,0
